image_path,split,bbox_x,bbox_y,bbox_w,bbox_h,category,sleeve_length,sleeve_shape,upper_length,lower_length,neckline,collar,upper_fit,lower_fit,silhouette,pattern,material,detail
images/91191384_0.jpeg,train,,,,,블라우스,,,,,,,,,,,,프릴·러플
images/91191864_0.jpeg,train,,,,,블라우스,,,,,,,,,,,,
images/91192398_0.jpeg,val,,,,,블라우스,,,,,,,,,,,실크·새틴|레이스,레이스
images/91192519_0.jpeg,train,,,,,블라우스,,,,,,,,,,,실크·새틴,
images/91193053_0.jpeg,train,,,,,블라우스,,,,,,,,,,체크,울,
images/91194504_0.jpeg,train,,,,,블라우스,민소매,,,,,,,,,플로럴,,
images/91195976_0.jpeg,train,,,,,블라우스,,,,,,,,,,,실크·새틴,
images/91196163_0.jpeg,train,,,,,블라우스,,,,,,,,,,,코튼,
images/91198587_0.jpeg,train,,,,,블라우스,,,,,,,,,,,,
images/91199622_0.jpeg,train,,,,,블라우스,,,,,,,,,,,실크·새틴,
images/91199655_0.jpeg,train,,,,,블라우스,,,,,,,,,,,,
images/91200284_0.jpeg,train,,,,,블라우스,긴팔,,,,,,,,,체크,,
images/91200920_0.jpeg,train,,,,,블라우스,,,,,,,,,,,실크·새틴,
images/91202544_0.jpeg,train,,,,,블라우스,,,,,,,,,,,실크·새틴,
images/91202986_0.jpeg,train,,,,,블라우스,,,,,,,,,,,,프릴·러플
images/91204925_0.jpeg,train,,,,,블라우스,,,,,,,오버핏,,,,레이스,레이스
images/91205540_0.jpeg,train,,,,,블라우스,,,,,,,,,,,,
images/91206392_0.jpeg,val,,,,,블라우스,,,,,,,,,,플로럴,레이스,레이스
images/91209185_0.jpeg,train,,,,,블라우스,,,,,,,,,,,시폰,
images/91210005_2.jpeg,val,,,,,블라우스,,,,,,,,,,,실크·새틴,
images/91212075_0.jpeg,train,,,,,블라우스,,,,,,,,,,,실크·새틴,
images/91212662_0.jpeg,train,,,,,블라우스,,,,,,,,,,,,
images/91214889_0.jpeg,train,,,,,블라우스,,,,,,,,,,,,
images/91215272_0.jpeg,train,,,,,블라우스,,,,,,,,,,,울,자수
images/91215410_0.jpeg,val,,,,,블라우스,,,,,,,,,,,시폰|실크·새틴,
images/91215515_0.jpeg,train,,,,,블라우스,,,,,,,,,,,울,
images/91216124_0.jpeg,train,,,,,블라우스,민소매,,,,,,,,,체크,실크·새틴,
images/91216131_0.jpeg,val,,,,,블라우스,민소매,,,,V넥,,,,,,,프릴·러플
images/91216719_0.jpeg,train,,,,,블라우스,,,,,,,,,,,데님,
images/91217043_0.jpeg,train,,,,,블라우스,,,,,,,,,,,,
images/91217121_0.jpeg,train,,,,,블라우스,,,,,,,,,,,실크·새틴,
images/91217162_0.jpeg,train,,,,,블라우스,,,,,,,,,,,실크·새틴,
images/91217469_0.jpeg,train,,,,,블라우스,,,크롭 기장,,,,,,,,,
images/91217855_0.jpeg,train,,,,,블라우스,,,,,,,,,,,레이스,레이스
images/91217860_0.jpeg,val,,,,,블라우스,,,,,,,,,,,실크·새틴,
images/91218173_0.jpeg,train,,,,,블라우스,,,,,,,,,,,시폰|실크·새틴,
images/91218349_0.jpeg,train,,,,,블라우스,,,,,,,,,,,실크·새틴,
images/91219451_0.jpeg,train,,,,,블라우스,,,,,,,,,,,,
images/91220541_1.jpeg,val,,,,,블라우스,,,,,,,,,,,울|실크·새틴,
images/91221322_0.jpeg,val,,,,,블라우스,,,,,,,,,,,레이스,레이스
images/91222300_0.jpeg,train,,,,,블라우스,,,,,,,,,,,시폰|실크·새틴,
images/91222961_0.jpeg,train,,,,,블라우스,,,,,,,,,,,,
images/91223130_0.jpeg,val,,,,,블라우스,,,,,,,,,,,시폰,
images/91223660_0.jpeg,train,,,,,폴로 셔츠,반팔,,,,,폴로 칼라,,,,,,
images/91224972_0.jpeg,train,,,,,블라우스,,,,,,,,,,,,
images/91225505_0.jpeg,train,,,,,블라우스,,,,,,,,,,,,
images/91226224_0.jpeg,train,,,,,블라우스,,,,,,,,,,,시폰,
images/91229535_0.jpeg,train,,,,,블라우스,,,,,,,,,,,,
images/91230303_0.jpeg,train,,,,,블라우스,,,,,,,,,,,,
images/91230448_0.jpeg,train,,,,,블라우스,,,,,,,,,,,,
images/91231190_0.jpeg,val,,,,,블라우스,,,,,,,,,,플로럴,,
images/91232657_0.jpeg,val,,,,,블라우스,,,,,,,,,,,,
images/91233364_1.jpeg,val,,,,,블라우스,,,,,,,,,,,실크·새틴,
images/91233493_0.jpeg,val,,,,,블라우스,,,,,,,,,,,,
images/91235634_0.jpeg,train,,,,,블라우스,,,,,,,,,,,,
images/91235676_0.jpeg,train,,,,,블라우스,긴팔,,,,,,,,,,메시,
images/91236787_0.jpeg,train,,,,,블라우스,,,,,,,,,,,레이스,레이스
images/91236850_0.jpeg,train,,,,,블라우스,,,,,,,,,,,,
images/91237224_0.jpeg,train,,,,,블라우스,,,,,,,,,,,,
images/91238053_0.jpeg,val,,,,,블라우스,,,,,,,,,,,,
images/91238393_0.jpeg,train,,,,,블라우스,,,,,,,,,,,,자수
images/91238859_0.jpeg,train,,,,,블라우스,,,롱 기장,,,,,,,,실크·새틴,
images/91240328_0.jpeg,val,,,,,블라우스,,,,,,,,,,,실크·새틴,
images/91240629_0.jpeg,train,,,,,블라우스,,,,,,,,,,,,
images/91241315_0.jpeg,train,,,,,블라우스,,,,,,,,,,,실크·새틴,
images/91241520_0.jpeg,val,,,,,블라우스,,,롱 기장,,,,,,,플로럴,실크·새틴,
images/91243357_0.jpeg,train,,,,,블라우스,,,,,,,,,,,,자수
images/91243717_0.jpeg,train,,,,,블라우스,,,,,,,,,,,,
images/91244029_1.jpeg,train,,,,,블라우스,,,,,오프숄더,,,,,,,
images/91244234_0.jpeg,train,,,,,블라우스,,,,,,,,,,,,자수
images/91244847_0.jpeg,train,,,,,블라우스,,,,,,,,,,,,
images/91244870_0.jpeg,train,,,,,블라우스,,,,,,,,,,,,
images/91245101_0.jpeg,val,,,,,블라우스,,,,,오프숄더,,,,,,,
images/91245852_0.jpeg,train,,,,,블라우스,,,,,,,,,,,,
images/91245956_0.jpeg,train,,,,,블라우스,,,,,,,,,,,레이스,레이스
images/91247706_0.jpeg,train,,,,,블라우스,,,,,,,,,,,,자수
images/91247746_0.jpeg,train,,,,,블라우스,,,,,,,,,,,,
images/91248500_1.jpeg,train,,,,,블라우스,,,,,,,,,,플로럴,,
images/91249137_0.jpeg,val,,,,,블라우스,,,,,,,,,,,메시,
images/91249770_0.jpeg,train,,,,,블라우스,,,,,,,,,,,,
images/91250489_0.jpeg,train,,,,,블라우스,,,,,,,,,,,,
images/91250663_0.jpeg,train,,,,,블라우스,,,롱 기장,,,,,,,,,포켓
images/91251173_0.jpeg,val,,,,,블라우스,,,,,,,,,,,울,
images/91252607_1.jpeg,train,,,,,블라우스,,,,,,,,,,,,리본
images/91253558_0.jpeg,train,,,,,블라우스,,,,,,,,,,,레이스,자수|레이스
images/91253700_0.jpeg,val,,,,,블라우스,,,,,,,,,,,실크·새틴,
images/91254119_0.jpeg,train,,,,,블라우스,,,,,,,,,,,실크·새틴,
images/91254406_0.jpeg,train,,,,,블라우스,,,,,,,,,,,,
images/91254486_0.jpeg,val,,,,,블라우스,민소매,,,,,,,,,체크,,
images/91254604_0.jpeg,val,,,,,블라우스,반팔,,,,,,,,,,,
images/91254827_0.jpeg,train,,,,,블라우스,,,,,,,,,,,,
images/91255905_0.jpeg,train,,,,,블라우스,,,,,,,,,,,실크·새틴,
images/91255958_0.jpeg,train,,,,,블라우스,,,크롭 기장,,,,,,,,,
images/91256534_0.jpeg,train,,,,,블라우스,,,,,V넥,,,,,,실크·새틴,
images/91256937_0.jpeg,train,,,,,블라우스,민소매,,,,,,,,,,,
images/91258127_0.jpeg,val,,,,,블라우스,,,,,,,,,,,,
images/91258175_0.jpeg,val,,,,,블라우스,,,,,,,,,,,,
images/91259434_0.jpeg,train,,,,,블라우스,,,,,,,,,,,레이스,레이스
images/91259669_0.jpeg,val,,,,,블라우스,긴팔,,,,,,,,,,,포켓
images/91259829_0.jpeg,train,,,,,블라우스,,,,,,,,,,,실크·새틴,자수
images/91259972_0.jpeg,train,,,,,블라우스,,,,,,,,,,,,
images/91260327_0.jpeg,train,,,,,블라우스,,,,,,,,,,,레이스,레이스
images/91260506_3.jpeg,train,,,,,블라우스,,,크롭 기장,,,,,,,,,프릴·러플
images/91261312_0.jpeg,train,,,,,블라우스,,,,,,,,,,도트,,
images/91262400_0.jpeg,train,,,,,블라우스,,,,,,,,,,,실크·새틴,
images/91262765_0.jpeg,val,,,,,블라우스,,,,,,,,,,,,
images/91263161_0.jpeg,train,,,,,블라우스,,,,,,,,,,,실크·새틴,
images/91263986_1.jpeg,train,,,,,블라우스,,,,,,,오버핏,,,,실크·새틴,
images/91264177_0.jpeg,val,,,,,블라우스,,,,,,,,,,,울|레이스,레이스
images/91264627_0.jpeg,val,,,,,블라우스,,,,,,,,,,,,
images/91265940_0.jpeg,train,,,,,블라우스,,,,,,,,,,,실크·새틴,
images/91268876_0.jpeg,val,,,,,블라우스,,,,,,,,,,체크,,
images/91269362_0.jpeg,train,,,,,블라우스,,,,,,,,,,,스웨이드,
images/91269538_0.jpeg,train,,,,,블라우스,민소매,,,,,,,,,,,자수
images/91269717_1.jpeg,train,,,,,블라우스,,,,,,,,,,,실크·새틴,프릴·러플
images/91269996_1.jpeg,train,,,,,블라우스,,,,,,,,,,,실크·새틴,
images/91270235_0.jpeg,val,,,,,블라우스,,,,,,,,,,,,
images/91271367_0.jpeg,train,,,,,폴로 셔츠,,,,,,폴로 칼라,,,,,,
images/91272486_1.jpeg,train,,,,,블라우스,,,,,,,,,,,시폰,
images/91273900_0.jpeg,train,,,,,블라우스,,,,,,,,,,플로럴,,
images/91274833_1.jpeg,train,,,,,블라우스,,,,,,,,,,,,리본
images/91275355_0.jpeg,val,,,,,블라우스,,,롱 기장,,,,,,,,,리본
images/91276720_0.jpeg,train,,,,,블라우스,,,,,,,,,,도트,,
images/91277625_0.jpeg,train,,,,,블라우스,,,,,,,,,,,,
images/91278089_0.jpeg,train,,,,,블라우스,,,,,,,,,,,,
images/91278695_0.jpeg,train,,,,,블라우스,,,,,,,,,,,코튼,
images/91279378_0.jpeg,train,,,,,블라우스,,,,,,,,,,,레이스,레이스
images/91279652_0.jpeg,val,,,,,블라우스,,,,,,,,,,,,
images/91281349_0.jpeg,train,,,,,블라우스,,,,,,,,,,,,
images/91281765_0.jpeg,val,,,,,블라우스,긴팔,,,,,,,,,,코튼,
images/91283666_0.jpeg,val,,,,,블라우스,,,,,,,,,,,,
images/91285042_0.jpeg,val,,,,,블라우스,,,,,,,,,,,시폰,리본
images/91286521_0.jpeg,train,,,,,블라우스,,,,,,,,,,,시폰,
images/91287058_0.jpeg,train,,,,,블라우스,,,,,,,,,,,실크·새틴,
images/91287553_0.jpeg,train,,,,,블라우스,,,,,,,,,,,,
images/91289353_0.jpeg,train,,,,,블라우스,,,,,,,,,,,시폰,자수
images/91289540_0.jpeg,train,,,,,블라우스,,,,,,,,,,,실크·새틴,
images/91289550_0.jpeg,train,,,,,블라우스,,,,,,,,,,,,
images/91289577_0.jpeg,train,,,,,블라우스,,,,,,,,,,,스웨이드,
images/91289597_0.jpeg,train,,,,,블라우스,,,,,,,,,,,,프릴·러플
images/91290318_0.jpeg,train,,,,,블라우스,,,,,,,,,,,,자수
images/91290814_0.jpeg,train,,,,,블라우스,,,,,,,,,,,레이스,레이스
images/91290847_0.jpeg,train,,,,,블라우스,,,롱 기장,,,,,,,,스웨이드,
images/91290937_0.jpeg,train,,,,,블라우스,,,,,,,,,,컬러 블록,실크·새틴|레이스,레이스
images/91290971_0.jpeg,train,,,,,블라우스,,,,,,,,,,플로럴,,
images/91291016_0.jpeg,train,,,,,블라우스,,,,,,,,,,,시폰,
images/91291190_0.jpeg,train,,,,,블라우스,,,,,,,,,,,,
images/91291550_0.jpeg,val,,,,,블라우스,,,,,,,,,,,,
images/91291587_0.jpeg,train,,,,,블라우스,긴팔,,,,,,,,,,,
images/91291714_0.jpeg,train,,,,,블라우스,,,,,,,,,,,실크·새틴,
images/91292155_0.jpeg,val,,,,,블라우스,,,,,,,,,,,,
images/91292743_0.jpeg,train,,,,,블라우스,,,,,,,,,,,,
images/91294539_0.jpeg,train,,,,,블라우스,,,,,,,,,,,실크·새틴,
images/91295480_0.jpeg,train,,,,,블라우스,,,,,,,,,,,,
images/91295895_0.jpeg,train,,,,,블라우스,,,,,,,,,,,,
images/91295953_0.jpeg,train,,,,,블라우스,,,,,,,,,,,실크·새틴,
images/91297175_0.jpeg,train,,,,,블라우스,,,,,,,,,,,실크·새틴|레이스,프릴·러플|레이스
images/91298210_0.jpeg,val,,,,,블라우스,,,,,,,,,,,레이스,레이스
images/91298954_0.jpeg,train,,,,,블라우스,,,,,,,,,,,실크·새틴,
images/91299146_0.jpeg,train,,,,,블라우스,민소매,,,,,,,,,,시폰,
images/91299195_0.jpeg,train,,,,,블라우스,,,,,,,,,,,실크·새틴,
images/91299956_0.jpeg,train,,,,,블라우스,,,,,,,,,,,,
images/91300454_0.jpeg,train,,,,,블라우스,,,,,,,,,,,,
images/91302659_0.jpeg,train,,,,,블라우스,,,,,,,,,,,실크·새틴,프릴·러플
images/91302756_0.jpeg,val,,,,,블라우스,,,,,,,,,,,레이스,레이스
images/91305412_0.jpeg,train,,,,,블라우스,,,,,,,,,,,,자수
images/91306086_0.jpeg,train,,,,,블라우스,,,,,,,,,,,실크·새틴,
images/91306342_0.jpeg,train,,,,,블라우스,,,,,V넥,,,,,,,
images/91307183_0.jpeg,train,,,,,블라우스,,,,,,,,,,,,
images/91307923_0.jpeg,val,,,,,블라우스,,,,,,,,,,,니트,
images/91308789_0.jpeg,val,,,,,블라우스,긴팔,,,,V넥,,,,,,,
images/91309703_0.jpeg,train,,,,,블라우스,,,,,,,,,,,,
images/91310326_0.jpeg,train,,,,,블라우스,,,,,,,,,,,,
images/91311534_0.jpeg,train,,,,,블라우스,,,,,,,,,,,실크·새틴,
images/91312038_0.jpeg,train,,,,,블라우스,,,,,,,,,,,실크·새틴,
images/91315019_0.jpeg,train,,,,,블라우스,,,,,,,,,,,,
images/91315253_0.jpeg,train,,,,,블라우스,,,,,,,,,,,실크·새틴,
images/91315418_0.jpeg,train,,,,,블라우스,,,,,,,,,,,,
images/91315821_0.jpeg,train,,,,,블라우스,,,,,,,,,,,,자수
images/91316327_0.jpeg,train,,,,,블라우스,,,,,,,,,,,실크·새틴,
images/91316446_0.jpeg,val,,,,,블라우스,,,,,,,,,,,실크·새틴,
images/91318143_0.jpeg,train,,,,,블라우스,,,,,,,,,,,실크·새틴,
images/91321533_0.jpeg,val,,,,,블라우스,,,,,,,,,,,실크·새틴,
images/91322160_1.jpeg,train,,,,,블라우스,,,,,,,,,,,실크·새틴,
images/91322221_0.jpeg,train,,,,,블라우스,,,,,,,,,,,,
images/91322314_0.jpeg,train,,,,,블라우스,민소매,,,,,,,,,,레이스,레이스
images/91323878_0.jpeg,val,,,,,블라우스,,,,,,,,,,,,
images/91323924_0.jpeg,train,,,,,블라우스,,,,,,,,,,,,
images/91326302_0.jpeg,train,,,,,블라우스,,,,,,,,,,,,
images/91326579_0.jpeg,train,,,,,블라우스,,,,,,,,,,,,
images/91326841_0.jpeg,val,,,,,블라우스,,,,,,,,,,,,
images/91327197_0.jpeg,val,,,,,블라우스,,,,,,,,,,,,
images/91327887_0.jpeg,val,,,,,블라우스,,,,,,,,,,,실크·새틴,
images/91328548_0.jpeg,train,,,,,블라우스,,,,,,,,,,,,
images/91330559_0.jpeg,train,,,,,블라우스,,,,,,,,,,플로럴,,
images/91330666_1.jpeg,train,,,,,블라우스,,,,,,,,,,,실크·새틴,리본
images/91330890_0.jpeg,train,,,,,블라우스,,,롱 기장,,,,,,,체크,울,
images/91331219_2.jpeg,train,,,,,블라우스,,,,,,,,,,,,
images/91332048_0.jpeg,val,,,,,블라우스,,,,,,,,,,,,
images/91332180_0.jpeg,train,,,,,블라우스,,,,,,,,,,,,
images/91333156_0.jpeg,train,,,,,블라우스,,,,,,,,,,플로럴,,
images/91334205_0.jpeg,train,,,,,블라우스,,,,,,,,,,,,
images/91334216_0.jpeg,train,,,,,블라우스,,,,,,,,,,,코튼,
images/91334226_1.jpeg,train,,,,,블라우스,,,,,,,,,,,,
images/91334321_0.jpeg,train,,,,,블라우스,,,,,,,,,,,,
images/91335210_0.jpeg,train,,,,,블라우스,,,,,,,,,,,코튼|레이스,레이스
images/91335982_0.jpeg,train,,,,,블라우스,,,,,,,,,,플로럴,,
images/91336243_0.jpeg,train,,,,,블라우스,,,크롭 기장,,,,,,,,,
images/91336493_0.jpeg,train,,,,,블라우스,,,,,,,,,,,,
images/91337187_0.jpeg,train,,,,,블라우스,,,,,V넥,,,,,,,
images/91337466_0.jpeg,train,,,,,블라우스,,,,,,,,,,,시폰|실크·새틴,
images/91338392_0.jpeg,val,,,,,블라우스,,,,,,,,,,,,
images/91338498_0.jpeg,train,,,,,블라우스,,,,,,,,,,,,
images/91338962_0.jpeg,train,,,,,블라우스,민소매,,,,,,,,,,,
images/91339358_0.jpeg,train,,,,,블라우스,,,,,,,,,,,레이스,레이스
images/91339458_1.jpeg,train,,,,,블라우스,,,,,,,,,,,,
images/91339975_0.jpeg,train,,,,,블라우스,,,,,,,,,,,레이스,레이스
images/91340179_0.jpeg,train,,,,,블라우스,,,,,,,,,,,코튼,
images/91340251_1.jpeg,train,,,,,블라우스,,,,,,,,,,,스웨이드,
images/91340313_0.jpeg,train,,,,,블라우스,,,,,,,,,,,실크·새틴,
images/91341041_0.jpeg,train,,,,,블라우스,민소매,,,,,,,,,,,
images/91341236_0.jpeg,val,,,,,블라우스,,,,,,,,,,,,
images/91341390_0.jpeg,train,,,,,블라우스,긴팔,,,,,,,,,,,스팽글
images/91341867_0.jpeg,train,,,,,블라우스,,,,,,,,,,,실크·새틴,
images/91342356_0.jpeg,train,,,,,블라우스,,,,,,,,,,,,
images/91342883_0.jpeg,train,,,,,블라우스,,,,,V넥,,,,,,시폰,
images/91343245_3.jpeg,train,,,,,블라우스,,,,,,,,,,,코튼,
images/91344594_0.jpeg,val,,,,,블라우스,,,,,,,,,,,,프릴·러플
images/91344949_0.jpeg,train,,,,,블라우스,,,,,,,,,,,,
images/91347518_0.jpeg,train,,,,,블라우스,,,,,,,,,,,,리본
images/91347565_0.jpeg,val,,,,,블라우스,,,,,,,,,,,,
images/91347839_0.jpeg,train,,,,,블라우스,,,,,,,,,,,,
images/91349620_0.jpeg,train,,,,,블라우스,,,,,,,,,,,실크·새틴,
images/91350943_0.jpeg,train,,,,,블라우스,,,,,,,,,,,시폰,
images/91351703_2.jpeg,train,,,,,블라우스,,,,,,,,,,,,
images/91352717_0.jpeg,train,,,,,블라우스,,,,,,,,,,,,
images/91353183_0.jpeg,train,,,,,블라우스,,,,,V넥,,,,,,,
images/91353340_0.jpeg,train,,,,,블라우스,,,,,,,,,,,,
images/91354753_0.jpeg,train,,,,,블라우스,,,,,,,,,,,,
images/91354831_1.jpeg,val,,,,,블라우스,,,,,,,,,,,레이스,레이스
images/91355943_0.jpeg,train,,,,,블라우스,,,,,,,,,,,시폰|실크·새틴,스팽글
images/91356573_0.jpeg,train,,,,,블라우스,,,,,,,,,,,,
images/91356598_0.jpeg,train,,,,,블라우스,,,,,,,,,,,,
images/91357728_0.jpeg,train,,,,,블라우스,,,,,,,,,,,실크·새틴,
images/91357947_0.jpeg,train,,,,,블라우스,,,,,,,,,,체크,,
images/91359785_0.jpeg,train,,,,,블라우스,긴팔,,,,,,,,,,,
images/91360118_0.jpeg,train,,,,,블라우스,,,,,,,,,,,,
images/91360334_0.jpeg,train,,,,,블라우스,,,,,,,,,,,,
images/91360563_0.jpeg,train,,,,,블라우스,,,,,,,,,,,실크·새틴,
images/91361495_0.jpeg,train,,,,,블라우스,,,,,,,,,,,,
images/91362377_0.jpeg,train,,,,,블라우스,,,롱 기장,,,,,,,,,
images/91362743_0.jpeg,train,,,,,블라우스,,,,,,,,,,,,리본
images/91363346_1.jpeg,train,,,,,블라우스,,,,,,,,,,,,지퍼
images/91363350_0.jpeg,train,,,,,블라우스,긴팔,,,,,,,,,,,
images/91364159_0.jpeg,train,,,,,블라우스,,,,,,,,,,,,
images/91365234_0.jpeg,train,,,,,블라우스,,,,,,,,,,,,
images/91365236_1.jpeg,train,,,,,블라우스,,,,,,,,,,,메시,자수
images/91365919_1.jpeg,train,,,,,블라우스,,,,,,,,,,,시폰|실크·새틴,
images/91366931_0.jpeg,train,,,,,블라우스,,,,,,,,,,스트라이프,,
images/91367068_0.jpeg,train,,,,,블라우스,,,,,,,,,,,레이스,레이스
images/91367091_0.jpeg,train,,,,,블라우스,,,,,,,,,,,시폰,
images/91367242_0.jpeg,train,,,,,블라우스,,,롱 기장,,,,,,,,,
images/91369868_0.jpeg,train,,,,,블라우스,,,,,,,,,,,레이스,레이스
images/91370216_0.jpeg,train,,,,,블라우스,,,,,,,,,,,,
images/91372188_0.jpeg,train,,,,,블라우스,,,,,,,,,,,,
images/91374319_0.jpeg,val,,,,,블라우스,,,,,,,,,,,,
images/91374722_0.jpeg,val,,,,,블라우스,,,,,,,,,,,,
images/91375153_0.jpeg,train,,,,,블라우스,,,,,,,,,,,,자수
images/91375180_0.jpeg,train,,,,,블라우스,,,,,V넥,,,,,,,
images/91375332_0.jpeg,train,,,,,블라우스,,,,,오프숄더,,,,,,,
images/91375715_0.jpeg,train,,,,,블라우스,,,크롭 기장,,,,,,,,실크·새틴,
images/91376197_0.jpeg,train,,,,,블라우스,민소매,,,,,,,,,,,자수
images/91376442_0.jpeg,train,,,,,블라우스,,,,,,,,,,,실크·새틴,
images/91376725_1.jpeg,train,,,,,블라우스,,,,,,,,,,,시폰|실크·새틴,
images/91377059_0.jpeg,val,,,,,블라우스,,,,,,,,,,,,
images/91377183_0.jpeg,train,,,,,블라우스,,,,,,,,,,,레이스,레이스
images/91377236_0.jpeg,train,,,,,블라우스,반팔,,,,,,,,,,메시,
images/91377914_0.jpeg,train,,,,,블라우스,,,,,,,,,,,,
images/91378243_0.jpeg,val,,,,,블라우스,,,,,,,,,,,,
images/91378388_0.jpeg,train,,,,,블라우스,,,,,,,,,,,실크·새틴,
images/91379246_0.jpeg,train,,,,,블라우스,,,,,,,,,,,실크·새틴,
images/91382448_1.jpeg,val,,,,,블라우스,민소매,,,,,,,,,,,
images/91383636_0.jpeg,train,,,,,블라우스,,,,,,,,,,,코튼,
images/91384342_0.jpeg,train,,,,,블라우스,,,,,,,,,,,,
images/91384354_0.jpeg,train,,,,,블라우스,,,,,,,,,,,,
images/91385266_1.jpeg,train,,,,,블라우스,,,,,,,,,,,시폰,
images/91386184_0.jpeg,train,,,,,블라우스,,,,,,,,,,,,프릴·러플
images/91386458_2.jpeg,train,,,,,블라우스,,,,,,,,,,,메시,자수
images/91387542_0.jpeg,train,,,,,블라우스,,,,,,,,,,,,자수
images/91388700_1.jpeg,train,,,,,블라우스,,,,,,,,,,,,
images/91389610_0.jpeg,train,,,,,블라우스,,,,,V넥,,,,,,,
images/91390648_0.jpeg,train,,,,,블라우스,,,,,,,,,,,,프릴·러플
images/91390806_0.jpeg,val,,,,,블라우스,,,,,,,,,,플로럴,,자수
images/91392661_0.jpeg,train,,,,,블라우스,,,,,,,,,,스트라이프,레이스,레이스
images/91395785_0.jpeg,train,,,,,블라우스,,,,,,,,,,,코튼,
images/91396083_1.jpeg,train,,,,,블라우스,,,,,,,,,,,,
images/91396814_0.jpeg,train,,,,,블라우스,민소매,,,,,,,,,,실크·새틴,
images/91397460_0.jpeg,train,,,,,블라우스,,,,,,,,,,,,
images/91401906_0.jpeg,train,,,,,블라우스,,,,,,,,,,,,
images/91402538_0.jpeg,train,,,,,블라우스,,,,,,,,,,,,
images/91402891_0.jpeg,train,,,,,블라우스,,,롱 기장,,,,,,,,,
images/91405168_0.jpeg,train,,,,,블라우스,,,,,,,,,,,,
images/91405284_0.jpeg,train,,,,,블라우스,,,,,,,,,,,,
images/91406742_0.jpeg,val,,,,,블라우스,,,,,,,,,,,가죽,
images/91406980_0.jpeg,val,,,,,블라우스,,,,,,,,,,,,
images/91407157_0.jpeg,train,,,,,블라우스,,,,,,,,,,체크,,
images/91407303_0.jpeg,train,,,,,블라우스,,,,,,,,,,,,
images/91407683_0.jpeg,val,,,,,블라우스,,,,,,,,,,,,
images/91407955_0.jpeg,train,,,,,블라우스,,,,,,,,,,,,
images/91409679_0.jpeg,train,,,,,블라우스,,,,,,,,,,,,
images/91410352_0.jpeg,train,,,,,블라우스,,,,,,,,,,,,
images/91411635_0.jpeg,train,,,,,블라우스,,,,,,,,,,,실크·새틴,
images/91412457_0.jpeg,train,,,,,블라우스,,,,,,,,,,,,
images/91412899_0.jpeg,train,,,,,블라우스,,,,,,,,,,,가죽,
images/91414591_0.jpeg,val,,,,,블라우스,,,,,,,,,,,,
images/91415491_0.jpeg,train,,,,,블라우스,,,,,,,,,,,메시,
images/91415946_0.jpeg,train,,,,,블라우스,,,,,,,,,,,,
images/91416091_0.jpeg,train,,,,,블라우스,,,,,,,,,,,,
images/91416312_0.jpeg,train,,,,,블라우스,,,,,,,,,,,울,
images/91416506_0.jpeg,train,,,,,블라우스,,,,,,,,,,,,프릴·러플
images/91416872_0.jpeg,train,,,,,블라우스,,,,,,,,,,,,
images/91417037_0.jpeg,train,,,,,블라우스,,,,,,,,,,,레이스,레이스
images/91418502_0.jpeg,train,,,,,블라우스,,,,,,,,,,,,
images/91419120_0.jpeg,train,,,,,블라우스,,,,,,,,,,,,
images/91419621_0.jpeg,train,,,,,블라우스,,,,,,,,,,,,
images/91421480_0.jpeg,train,,,,,블라우스,,,,,,,,,,,,
images/91422361_0.jpeg,train,,,,,블라우스,,,,,,,,,,,실크·새틴,
images/91422393_0.jpeg,val,,,,,블라우스,,,,,,,,,,,,
images/91422820_0.jpeg,train,,,,,블라우스,,,,,,,,,,플로럴,,
images/91423046_0.jpeg,train,,,,,블라우스,,,,,,,,,,,,프릴·러플
images/91423840_0.jpeg,train,,,,,블라우스,,,,,V넥,,,,,스트라이프,,
images/91424124_0.jpeg,train,,,,,블라우스,,,,,,,,,,,실크·새틴,
images/91424491_0.jpeg,train,,,,,블라우스,,,,,,,,,,,가죽,
images/91425535_0.jpeg,train,,,,,블라우스,,,,,,,,,,,실크·새틴,
images/91426291_0.jpeg,train,,,,,블라우스,,,,,V넥,,,,,,,
images/91426436_0.jpeg,val,,,,,블라우스,,,,,,,,,,,코튼,
images/91427589_1.jpeg,train,,,,,블라우스,,,,,,,,,,,,
images/91428675_0.jpeg,train,,,,,블라우스,,,,,,,,,,,,
images/91428845_0.jpeg,val,,,,,블라우스,,,,,,,,,,체크,,
images/91429186_0.jpeg,val,,,,,블라우스,,,,,,,,,,,실크·새틴,
images/91429251_0.jpeg,train,,,,,블라우스,,,,,,,,,,,,
images/91429578_0.jpeg,train,,,,,블라우스,,,,,,,,,,,실크·새틴,
images/91429917_1.jpeg,train,,,,,블라우스,,,,,,,,,,,,
images/91429939_0.jpeg,train,,,,,블라우스,,,,,,,,,,,,
images/91430345_0.jpeg,train,,,,,블라우스,,,,,,,,,,,,
images/91430617_0.jpeg,val,,,,,블라우스,,,,,,,,,,,,
images/91430638_0.jpeg,train,,,,,블라우스,,,,,,,,,,,,프릴·러플
images/91430849_0.jpeg,train,,,,,블라우스,,,,,,,,,,,,
images/91431943_0.jpeg,val,,,,,블라우스,,,,,,,,,,,,
images/91432472_0.jpeg,train,,,,,블라우스,,,,,,,,,,,,
images/91432501_0.jpeg,train,,,,,블라우스,,,,,,,,,,,,
images/91433466_0.jpeg,train,,,,,블라우스,,,,,,,,,,,시폰|실크·새틴,
images/91433933_0.jpeg,train,,,,,블라우스,,,,,,,오버핏,,,,,
images/91435689_0.jpeg,val,,,,,블라우스,민소매,,,,,,,,,,레이스,레이스
images/91435851_0.jpeg,train,,,,,블라우스,,,,,,,,,,,,
images/91436476_0.jpeg,val,,,,,블라우스,,,,,,,,,,,실크·새틴,
images/91437049_0.jpeg,train,,,,,블라우스,,,,,,,,,,,,
images/91437411_0.jpeg,train,,,,,블라우스,,,,,,,,,,,레이스,레이스
images/91438548_0.jpeg,train,,,,,블라우스,,,,,,,,,,,,
images/64727118_1.jpeg,train,,,,,탑,긴팔,,롱 기장,,,,,,,,메시,
images/66587287_0.jpeg,train,,,,,폴로 셔츠,긴팔,,,,,폴로 칼라,,,,,,
images/70474284_0.jpeg,train,,,,,탑,긴팔,,,,,,,,,,시폰|실크·새틴,
images/71696875_0.jpeg,train,,,,,탑,긴팔,,,,,,,,,,실크·새틴,
images/73048635_1.jpeg,train,,,,,탑,긴팔,,크롭 기장,,,,,,,,가죽,
images/74650526_0.jpeg,train,,,,,폴로 셔츠,긴팔,,,,,폴로 칼라,슬림핏,,,,,
images/78504326_2.jpeg,train,,,,,탑,긴팔,,,,,,,,,,레이스,레이스
images/83539759_3.jpeg,val,,,,,탑,긴팔,,,,,,,,,,메시,
images/83806642_0.jpeg,train,,,,,탑,긴팔,,,,,,,,,,실크·새틴,프릴·러플
images/83822871_1.jpeg,train,,,,,탑,긴팔,,,,,,,,,플로럴,시폰|실크·새틴|레이스,레이스
images/87786075_0.jpeg,train,,,,,탑,긴팔,,,,,,,,,,데님,
images/87950528_0.jpeg,val,,,,,탑,긴팔,,,,,,,,,,코튼,
images/88066562_1.jpeg,train,,,,,탑,긴팔,,,,,,,,,,코튼,
images/88274526_0.jpeg,train,,,,,탑,긴팔,,,,,,,,,,울|실크·새틴,
images/88304200_0.jpeg,train,,,,,탑,긴팔,,,,,,,,,스트라이프,니트,
images/88411066_0.jpeg,train,,,,,폴로 셔츠,긴팔,,,,,폴로 칼라,,,,스트라이프,,
images/88647802_0.jpeg,train,,,,,탑,긴팔,,,,,,,,,스트라이프,니트,
images/88666501_0.jpeg,val,,,,,탑,긴팔,,,,,,,,,스트라이프,코튼,
images/88765317_0.jpeg,train,,,,,탑,긴팔,,,,,,,,,,시폰,
images/88810786_0.jpeg,val,,,,,탑,긴팔,,,,,,,,,,시폰|레이스,레이스
images/88830803_3.jpeg,train,,,,,탑,긴팔,,,,,,,,,,니트,
images/88848276_0.jpeg,train,,,,,탑,긴팔,,,,,,,,,,실크·새틴,
images/89152278_0.jpeg,val,,,,,탑,긴팔,,,,,,,,,,니트,
images/89225403_1.jpeg,train,,,,,탑,긴팔,,,,,,,,,,데님,
images/89411494_0.jpeg,train,,,,,탑,긴팔,,,,,,,,,,레이스,레이스
images/89422120_0.jpeg,val,,,,,탑,긴팔,,,,,,,,,,메시,
images/89525111_0.jpeg,val,,,,,탑,긴팔,,,,,,,,,,니트,
images/89529352_0.jpeg,train,,,,,탑,긴팔,,,,,,,,,,레이스,레이스
images/89547612_3.jpeg,train,,,,,탑,긴팔,,,,,,,,,,메시,
images/89551124_0.jpeg,train,,,,,탑,긴팔,,,,,,,,,,시폰,
images/89557606_0.jpeg,train,,,,,탑,긴팔,,,,,,,,,,니트,
images/89607980_1.jpeg,train,,,,,탑,긴팔,,,,,,,,,,데님,
images/89656072_0.jpeg,train,,,,,폴로 셔츠,긴팔,,,,,폴로 칼라,슬림핏,,,,,
images/89663483_0.jpeg,val,,,,,탑,긴팔,,,,,,슬림핏,,,,데님,
images/89727944_0.jpeg,train,,,,,탑,긴팔,,,,,,,,,,가죽,
images/89845538_0.jpeg,val,,,,,탑,긴팔,,,,,,,,,,레이스,레이스
images/89950443_0.jpeg,train,,,,,탑,긴팔,,크롭 기장,,,,,,,,니트,
images/90039086_0.jpeg,val,,,,,탑,긴팔,,,,,,,,,스트라이프,울,
images/90055239_0.jpeg,train,,,,,탑,긴팔,,,,,,,,,,코튼|니트,
images/90157449_0.jpeg,val,,,,,탑,긴팔,,,,,,,,,,레이스,레이스
images/90171335_0.jpeg,train,,,,,탑,긴팔,,,,,,,,,,니트,
images/90171900_1.jpeg,train,,,,,탑,긴팔,,,,,,,,,,니트,
images/90176862_0.jpeg,train,,,,,탑,긴팔,,롱 기장,,,,,,,,레이스|니트,레이스
images/90184839_0.jpeg,train,,,,,탑,긴팔,,,,,,,,,스트라이프,코튼,
images/90224412_1.jpeg,val,,,,,탑,긴팔,,,,,,,,,,니트,
images/90259965_1.jpeg,train,,,,,탑,긴팔,,,,,,,,,,데님,
images/90333673_0.jpeg,train,,,,,탑,긴팔,,,,,,,,,,실크·새틴,
images/90391287_0.jpeg,train,,,,,탑,긴팔,,,,,,,,,,레이스,레이스
images/90466995_0.jpeg,val,,,,,탑,긴팔,,,,,,,,,스트라이프,코튼,
images/90467305_1.jpeg,train,,,,,폴로 셔츠,긴팔,,,,,폴로 칼라,,,,스트라이프,,
images/90492850_0.jpeg,train,,,,,탑,긴팔,,,,,,,,,,니트,
images/90505309_0.jpeg,train,,,,,탑,긴팔,,,,,,,,,,코튼,
images/90524081_0.jpeg,train,,,,,탑,긴팔,,롱 기장,,,,,,,,니트,
images/90542611_0.jpeg,train,,,,,탑,긴팔,,롱 기장,,,,,,,,니트,
images/90544384_0.jpeg,val,,,,,탑,긴팔,,롱 기장,,,,,,,,니트,
images/90550185_0.jpeg,val,,,,,탑,긴팔,,,,,,,,,,시폰,
images/90555610_0.jpeg,train,,,,,탑,긴팔,,,,,,,,,,시폰|실크·새틴,
images/90569998_0.jpeg,train,,,,,탑,긴팔,,,,,,,,,,니트,
images/90611026_0.jpeg,train,,,,,탑,긴팔,,,,,,,,,,레이스,레이스
images/90642545_0.jpeg,val,,,,,탑,긴팔,,,,,,,,,,시폰,
images/90698322_0.jpeg,train,,,,,탑,긴팔,,,,,,,,,,니트,
images/90744611_0.jpeg,train,,,,,탑,긴팔,,,,,,,,,,니트,
images/90788925_0.jpeg,train,,,,,탑,긴팔,,,,,,,,,,스웨이드,
images/90815945_0.jpeg,train,,,,,탑,긴팔,,,,,,,,,,코튼,
images/90817176_0.jpeg,train,,,,,탑,긴팔,,,,,,,,,,니트,
images/90822116_0.jpeg,val,,,,,탑,긴팔,,,,,,,,,,실크·새틴,
images/90840291_0.jpeg,train,,,,,탑,긴팔,,,,,,,,,,레이스,레이스
images/90859867_0.jpeg,train,,,,,탑,긴팔,,,,,,,,,,레이스,레이스
images/90877352_0.jpeg,train,,,,,탑,긴팔,,,,,,,,,,레이스,레이스
images/90917302_0.jpeg,train,,,,,탑,긴팔,,,,,,,,,,니트,
images/90925212_0.jpeg,train,,,,,탑,긴팔,,,,,,,,,,레이스,레이스
images/90926551_0.jpeg,train,,,,,탑,긴팔,,,,,,,,,,레이스,레이스
images/90965046_0.jpeg,train,,,,,탑,긴팔,,,,,,,,,,메시,
images/90986134_1.jpeg,train,,,,,탑,긴팔,,롱 기장,,,,,,,,데님,
images/90992664_0.jpeg,train,,,,,탑,긴팔,,,,,,,,,,울,
images/91002691_1.jpeg,val,,,,,탑,긴팔,,,,,,,,,,실크·새틴,
images/91058343_0.jpeg,train,,,,,탑,긴팔,,,,,,,,,,스웨이드,
images/91074638_0.jpeg,train,,,,,탑,긴팔,,,,,,,,,,코튼,
images/91113794_0.jpeg,train,,,,,탑,긴팔,,,,,,,,,,시폰,프릴·러플
images/91120146_0.jpeg,train,,,,,탑,긴팔,,,,,,,,,,시폰,프릴·러플
images/91120819_0.jpeg,train,,,,,탑,긴팔,,,,,,,,,스트라이프,시폰,
images/91126913_1.jpeg,train,,,,,탑,긴팔,,,,,,,,,,메시|가죽,
images/91143197_0.jpeg,train,,,,,탑,긴팔,,,,,,,,,,레이스,레이스
images/91172068_2.jpeg,val,,,,,탑,긴팔,,,,,,,,,,울,
images/91174520_0.jpeg,train,,,,,탑,긴팔,,,,,,,,,,니트,
images/91177597_0.jpeg,val,,,,,탑,긴팔,,,,,,,,,,메시,
images/91178647_0.jpeg,train,,,,,탑,긴팔,,,,,,,,,,퍼·플리스,
images/91180688_0.jpeg,train,,,,,탑,긴팔,,,,,,,,,,니트,
images/91182210_0.jpeg,train,,,,,탑,긴팔,,,,,,,,,,울,
images/91184021_0.jpeg,train,,,,,탑,긴팔,,롱 기장,,,,,,,,시폰,자수
images/91185381_0.jpeg,val,,,,,탑,긴팔,,,,,,,,,,니트,
images/91186240_0.jpeg,train,,,,,탑,긴팔,,,,,,,,,,메시,
images/91188494_1.jpeg,train,,,,,탑,긴팔,,크롭 기장,,,,,,,,실크·새틴,
images/91191332_0.jpeg,train,,,,,탑,긴팔,,,,,,,,,체크,니트,
images/91194609_0.jpeg,val,,,,,폴로 셔츠,긴팔,,,,,폴로 칼라,,,,,,자수
images/91203022_0.jpeg,train,,,,,탑,긴팔,,,,,,,,,,메시,
images/91203924_0.jpeg,train,,,,,탑,긴팔,,롱 기장,,,,오버핏,,,,울,
images/91206211_1.jpeg,train,,,,,탑,긴팔,,,,,,,,,,실크·새틴,
images/91207272_0.jpeg,train,,,,,탑,긴팔,,,,,,,,,,니트,
images/91209500_0.jpeg,train,,,,,탑,긴팔,,,,,,,,,,데님,
images/91209750_0.jpeg,train,,,,,탑,긴팔,,롱 기장,,,,,,,,코튼,
images/91211434_1.jpeg,train,,,,,탑,긴팔,,,,터틀넥,,,,,,울,
images/91218263_0.jpeg,train,,,,,탑,긴팔,,,,,,,,,,메시,
images/91220309_0.jpeg,train,,,,,탑,긴팔,,,,,,,,,,레이스,레이스
images/91223023_0.jpeg,train,,,,,탑,긴팔,,,,,,,,,,니트,
images/91232211_0.jpeg,val,,,,,탑,긴팔,,롱 기장,,,,,,,,가죽,
images/91232686_0.jpeg,train,,,,,탑,긴팔,,,,,,,,,,울,
images/91232913_0.jpeg,train,,,,,탑,긴팔,,,,,,,,,스트라이프,코튼|니트,
images/91235085_0.jpeg,val,,,,,탑,긴팔,,,,,,,,,,레이스,레이스
images/91236757_1.jpeg,val,,,,,탑,긴팔,,,,,,,,,,울,
images/91237197_0.jpeg,val,,,,,탑,긴팔,,,,,,,,,스트라이프,코튼|니트,
images/91238252_0.jpeg,train,,,,,탑,긴팔,,,,,,,,,,레이스,레이스
images/91238257_1.jpeg,train,,,,,탑,긴팔,,,,,,,,,,코튼|레이스,레이스
images/91246045_0.jpeg,train,,,,,탑,긴팔,,,,,,,,,,울|실크·새틴,
images/91246845_0.jpeg,val,,,,,탑,긴팔,,,,,,,,,,코튼|실크·새틴,
images/91247030_0.jpeg,train,,,,,탑,긴팔,,,,,,,,,,레이스,레이스
images/91251764_0.jpeg,train,,,,,탑,긴팔,,롱 기장,,,,,,,,울|니트,
images/91252304_0.jpeg,train,,,,,탑,긴팔,,롱 기장,,,,,,,,울,
images/91252897_0.jpeg,train,,,,,탑,긴팔,,,,,,,,,,니트,
images/91255020_0.jpeg,train,,,,,탑,긴팔,,,,,,,,,,울,
images/91259162_1.jpeg,train,,,,,탑,긴팔,,,,,,,,,,메시,
images/91259855_0.jpeg,train,,,,,탑,긴팔,,,,,,,,,,레이스,레이스
images/91260686_0.jpeg,train,,,,,탑,긴팔,,크롭 기장,,,,,,,,메시,
images/91265141_0.jpeg,train,,,,,탑,긴팔,,,,,,,,,,실크·새틴,
images/91269067_1.jpeg,train,,,,,탑,긴팔,,,,,,,,,,레이스|니트,레이스
images/91269107_0.jpeg,val,,,,,탑,긴팔,,,,,,,,,,니트,
images/91271010_0.jpeg,train,,,,,탑,긴팔,,,,,,,,,,울,
images/91273569_1.jpeg,train,,,,,탑,긴팔,,,,,,,,,,울|실크·새틴,
images/91273848_0.jpeg,train,,,,,탑,긴팔,,,,,,,,,,코튼,
images/91274190_0.jpeg,train,,,,,탑,긴팔,,,,,,,,,,메시,
images/91277223_0.jpeg,train,,,,,탑,긴팔,,,,,,,,,,시폰,자수
images/91277744_0.jpeg,train,,,,,폴로 셔츠,긴팔,,,,,폴로 칼라,,,,,,
images/91278271_0.jpeg,train,,,,,탑,긴팔,,,,,,,,,,메시,
images/91285685_0.jpeg,train,,,,,탑,긴팔,,,,,,,,,,코튼|니트,
images/91289520_1.jpeg,train,,,,,탑,긴팔,,,,,,,,,,메시,
images/91290677_0.jpeg,train,,,,,탑,긴팔,,,,,,,,,,레이스,레이스
images/91293195_0.jpeg,train,,,,,탑,긴팔,,,,,,,,,,실크·새틴|레이스,레이스
images/91295443_0.jpeg,train,,,,,탑,긴팔,,,,,,오버핏,,,체크,울,
images/91296526_0.jpeg,train,,,,,탑,긴팔,,,,,,,,,,가죽,
images/91299588_0.jpeg,train,,,,,탑,긴팔,,,,,,,,,,니트,
images/91305478_0.jpeg,train,,,,,탑,긴팔,,,,,,,,,,울,
images/91307177_0.jpeg,train,,,,,폴로 셔츠,긴팔,,,,,폴로 칼라,,,,,,
images/91308849_0.jpeg,train,,,,,탑,긴팔,,,,,,,,,,니트,
images/91315753_0.jpeg,train,,,,,탑,긴팔,,,,,,,,,,실크·새틴,프릴·러플
images/91317931_0.jpeg,train,,,,,탑,긴팔,,,,,,,,,,가죽,
images/91318627_0.jpeg,train,,,,,탑,긴팔,,,,,,,,,,니트,
images/91325561_0.jpeg,train,,,,,탑,긴팔,,,,,,,,,,울,
images/91325922_0.jpeg,val,,,,,탑,긴팔,,,,,,,,,,레이스,레이스
images/91329062_0.jpeg,val,,,,,탑,긴팔,,,,,,,,,,니트,
images/91329247_0.jpeg,train,,,,,탑,긴팔,,,,,,,,,,코튼,자수
images/91329556_0.jpeg,train,,,,,탑,긴팔,,,,,,,,,,코튼,자수
images/91332455_0.jpeg,val,,,,,탑,긴팔,,,,,,,,,,실크·새틴,
images/91334262_0.jpeg,train,,,,,탑,긴팔,,,,,,,,,플로럴,시폰,
images/91334543_0.jpeg,train,,,,,탑,긴팔,,,,,,,,,,스웨이드,
images/91335031_0.jpeg,val,,,,,탑,긴팔,,롱 기장,,,,,,,,시폰,
images/91335362_0.jpeg,train,,,,,탑,긴팔,,롱 기장,,,,,,,,시폰,
images/91337318_0.jpeg,train,,,,,탑,긴팔,,,,,,,,,,퍼·플리스,
images/91349389_0.jpeg,train,,,,,탑,긴팔,,,,,,,,,,코튼|메시,
images/91352085_0.jpeg,train,,,,,탑,긴팔,,,,,,,,,,니트,
images/91353076_0.jpeg,val,,,,,탑,긴팔,,,,,,,,,,울,
images/91353358_0.jpeg,train,,,,,탑,긴팔,,,,,,,,,,코튼,
images/91357350_0.jpeg,train,,,,,탑,긴팔,,,,,,,,,,레이스,레이스
images/91357834_0.jpeg,train,,,,,탑,긴팔,,,,,,,,,,시폰|실크·새틴,자수
images/91358094_0.jpeg,train,,,,,탑,긴팔,,,,,,,,,,코튼|데님,
images/91358685_1.jpeg,train,,,,,폴로 셔츠,긴팔,,,,,폴로 칼라,,,,,,
images/91364033_0.jpeg,val,,,,,탑,긴팔,,,,,,,,,,울,
images/91365780_0.jpeg,train,,,,,탑,긴팔,,,,,,,,,,실크·새틴,
images/91369462_0.jpeg,val,,,,,탑,긴팔,,,,,,,,,,레이스,지퍼|레이스
images/91373727_1.jpeg,train,,,,,탑,긴팔,,,,,,,,,,실크·새틴,
images/91377919_0.jpeg,train,,,,,탑,긴팔,,,,,,,,,,실크·새틴,
images/91380331_0.jpeg,train,,,,,탑,긴팔,,,,,,,,,,퍼·플리스,지퍼
images/91385794_0.jpeg,train,,,,,탑,긴팔,,,,,,,,,,코튼|메시,
images/91388315_0.jpeg,train,,,,,탑,긴팔,,롱 기장,,,,,,,,시폰,
images/91388756_0.jpeg,train,,,,,탑,긴팔,,,,,,,,,,니트,
images/91390362_0.jpeg,train,,,,,탑,긴팔,,,,,,,,,,코튼,
images/91396258_0.jpeg,val,,,,,탑,긴팔,,,,터틀넥,,,,,,니트,
images/91407892_0.jpeg,train,,,,,탑,긴팔,,,,,,,,,,스웨이드,
images/91408230_0.jpeg,train,,,,,탑,긴팔,,,,,,,,,,메시,
images/91408887_0.jpeg,train,,,,,탑,긴팔,,,,,,,,,,스웨이드,
images/91409168_0.jpeg,train,,,,,탑,긴팔,,,,,,,,,,울|시폰,
images/91409643_0.jpeg,train,,,,,탑,긴팔,,,,,,,,,,울,
images/91409861_0.jpeg,train,,,,,탑,긴팔,,,,,,,,,,니트,
images/91411164_0.jpeg,val,,,,,탑,긴팔,,,,,,,,,,레이스,레이스
images/91411518_0.jpeg,train,,,,,탑,긴팔,,,,,,,,,,울,
images/91416856_0.jpeg,train,,,,,탑,긴팔,,,,,,,,,,실크·새틴,
images/91417067_1.jpeg,train,,,,,탑,긴팔,,,,,,,,,,스웨이드,지퍼
images/91417694_0.jpeg,val,,,,,탑,긴팔,,,,,,,,,,메시,
images/91418048_0.jpeg,train,,,,,탑,긴팔,,,,,,,,,,레이스,레이스
images/91421637_0.jpeg,train,,,,,탑,긴팔,,,,V넥,,,,,,레이스,레이스
images/91426815_0.jpeg,val,,,,,탑,긴팔,,,,,,,,,,메시,
images/91427564_0.jpeg,train,,,,,탑,긴팔,,,,,,,,,,메시,
images/91436632_0.jpeg,val,,,,,탑,긴팔,,,,,,,,,,실크·새틴,
images/77513498_0.jpeg,train,,,,,셔츠,,,,,,,,,,,데님,
images/79907353_0.jpeg,train,,,,,셔츠,,,,,,,,,,,코튼|데님,
images/82165691_0.jpeg,train,,,,,폴로 셔츠,,,,,,폴로 칼라,,,,,코튼,
images/84349191_0.jpeg,train,,,,,셔츠,,,,,,,,,,,데님,
images/84351630_0.jpeg,train,,,,,셔츠,,,,,,,오버핏,,,,데님,
images/86628743_0.jpeg,train,,,,,셔츠,,,,,,,,,,,니트,
images/86878161_4.jpeg,train,,,,,셔츠,,,,,,,,,,,시폰,
images/86938444_0.jpeg,val,,,,,셔츠,,,,,,,,,,,니트,
images/87735984_2.jpeg,train,,,,,셔츠,,,,,,,,,,,데님,자수
images/87767881_0.jpeg,val,,,,,셔츠,,,,,,,,,,,코튼,
images/88065969_1.jpeg,train,,,,,셔츠,,,,,,,,,,,코튼|레이스,레이스
images/88813457_0.jpeg,train,,,,,셔츠,,,,,,,,,,,데님,
images/88820217_0.jpeg,train,,,,,폴로 셔츠,,,,,,폴로 칼라,,,,스트라이프,,
images/88943458_0.jpeg,train,,,,,셔츠,,,,,,,,,,,실크·새틴,
images/89003539_0.jpeg,val,,,,,폴로 셔츠,,,,,,폴로 칼라,,,,,,
images/89006725_1.jpeg,train,,,,,폴로 셔츠,,,,,,폴로 칼라,,,,,,
images/89058583_0.jpeg,train,,,,,폴로 셔츠,,,,,,폴로 칼라,슬림핏,,,,,
images/89102313_0.jpeg,train,,,,,셔츠,,,,,,,,,,,실크·새틴,
images/89243168_0.jpeg,train,,,,,폴로 셔츠,,,,,,폴로 칼라,,,,,,
images/89257660_0.jpeg,train,,,,,폴로 셔츠,,,,,,폴로 칼라,,,,,레이스,레이스
images/89271271_0.jpeg,train,,,,,폴로 셔츠,,,,,,폴로 칼라,,,,,,
images/89272267_0.jpeg,train,,,,,폴로 셔츠,,,,,,폴로 칼라,,,,,,
images/89280142_0.jpeg,train,,,,,셔츠,,,,,,,,,,,데님,
images/89285823_1.jpeg,train,,,,,셔츠,민소매,,,,,,,,,,실크·새틴,포켓
images/89291886_0.jpeg,train,,,,,셔츠,,,,,,,,,,,시폰|실크·새틴,
images/89355133_0.jpeg,train,,,,,폴로 셔츠,,,,,,폴로 칼라,,,,,,
images/89369615_0.jpeg,train,,,,,셔츠,,,,,,,,,,스트라이프,코튼,
images/89371712_0.jpeg,train,,,,,셔츠,,,,,,,,,,스트라이프,코튼,
images/89435830_1.jpeg,train,,,,,셔츠,민소매,,,,,,,,,,레이스,레이스
images/89609868_0.jpeg,train,,,,,셔츠,,,,,,,슬림핏,,,,데님,포켓
images/89663173_0.jpeg,train,,,,,폴로 셔츠,,,,,,폴로 칼라,슬림핏,,,,,
images/89689370_0.jpeg,train,,,,,셔츠,,,,,,,,,,플로럴,시폰|실크·새틴|레이스,레이스
images/89853130_2.jpeg,train,,,,,셔츠,,,,,,,,,,,데님,
images/89876982_0.jpeg,train,,,,,셔츠,,,,,,,,,,,코튼,
images/89977717_0.jpeg,train,,,,,셔츠,긴팔,,,,,,,,,,코튼|실크·새틴,
images/89978910_0.jpeg,train,,,,,셔츠,,,,,,,,,,,코튼|실크·새틴,
images/89988297_0.jpeg,val,,,,,셔츠,민소매,,,,,,,,,,코튼|레이스,레이스
images/90036506_0.jpeg,val,,,,,셔츠,,,,,,,,,,,스웨이드,
images/90055057_0.jpeg,val,,,,,셔츠,,,,,,,,,,,실크·새틴,
images/90071517_0.jpeg,val,,,,,셔츠,,,,,,,,,,,실크·새틴,
images/90078246_0.jpeg,train,,,,,셔츠,긴팔,,,,,,,,,,데님,자수
images/90079819_0.jpeg,train,,,,,셔츠,,,,,,,,,,,데님,
images/90102565_1.jpeg,val,,,,,폴로 셔츠,,,,,,폴로 칼라,,,,,,
images/90135049_0.jpeg,train,,,,,셔츠,,,,,,,,,,,코튼,
images/90145881_0.jpeg,train,,,,,셔츠,,,,,,,,,,,실크·새틴,
images/90159824_0.jpeg,train,,,,,폴로 셔츠,,,,,,폴로 칼라,슬림핏,,,,,
images/90248247_0.jpeg,train,,,,,셔츠,,,,,,,,,,,코튼,
images/90250516_0.jpeg,val,,,,,셔츠,,,,,,,,,,스트라이프,코튼,
images/90257383_0.jpeg,train,,,,,셔츠,,,,,,,,,,,실크·새틴,
images/90280443_0.jpeg,val,,,,,셔츠,,,,,,,,,,플로럴,시폰,
images/90294729_0.jpeg,val,,,,,셔츠,,,,,,,,,,,실크·새틴,
images/90308518_0.jpeg,train,,,,,셔츠,,,,,,,,,,,실크·새틴,
images/90323731_0.jpeg,train,,,,,셔츠,,,,,,,,,,,시폰,
images/90353378_0.jpeg,train,,,,,셔츠,,,,,,,,,,,실크·새틴,포켓
images/90368930_0.jpeg,val,,,,,셔츠,,,,,,,,,,스트라이프,실크·새틴,
images/90412228_0.jpeg,train,,,,,셔츠,,,,,,,,,,,코튼,
images/90429762_0.jpeg,train,,,,,셔츠,,,,,,,,,,체크,레이스,레이스
images/90456466_0.jpeg,val,,,,,셔츠,,,롱 기장,,,,,,,,코튼,
images/90533790_0.jpeg,train,,,,,셔츠,,,,,,,,,,,데님,
images/90538785_0.jpeg,train,,,,,셔츠,,,,,,,,,,,코튼,
images/90565714_0.jpeg,val,,,,,셔츠,민소매,,,,,,,,,,실크·새틴,
images/90572468_4.jpeg,train,,,,,셔츠,,,,,,,,,,,데님,
images/90612059_0.jpeg,val,,,,,셔츠,,,,,,,,,,,스웨이드,포켓
images/90634314_0.jpeg,train,,,,,폴로 셔츠,,,,,,폴로 칼라,,,,,메시,
images/90642298_0.jpeg,train,,,,,셔츠,,,,,,,,,,플로럴,울,
images/90645013_0.jpeg,val,,,,,폴로 셔츠,,,,,,폴로 칼라,,,,,,
images/90649938_3.jpeg,train,,,,,폴로 셔츠,,,크롭 기장,,,폴로 칼라,,,,플로럴,,
images/90696078_0.jpeg,val,,,,,셔츠,,,,,,,,,,,데님,
images/90741451_0.jpeg,train,,,,,셔츠,,,,,,,,,,,코튼,
images/90744059_0.jpeg,train,,,,,폴로 셔츠,,,,,,폴로 칼라,슬림핏,,,,,
images/90786190_0.jpeg,train,,,,,폴로 셔츠,,,,,,폴로 칼라,,,,스트라이프,울|메시,
images/90787597_0.jpeg,train,,,,,셔츠,,,,,,,,,,,실크·새틴,
images/90795960_0.jpeg,val,,,,,셔츠,,,롱 기장,,,,,,,체크,메시,
images/90897639_0.jpeg,train,,,,,셔츠,,,,,,,,,,,실크·새틴,
images/90914110_0.jpeg,train,,,,,셔츠,,,,,,,,,,,데님,
images/90951112_1.jpeg,train,,,,,셔츠,,,,,,,,,,,가죽,
images/90958498_0.jpeg,val,,,,,셔츠,,,,,,,,,,,울,
images/90960050_0.jpeg,train,,,,,셔츠,,,,,,,,,,,시폰,
images/90967074_0.jpeg,train,,,,,셔츠,,,롱 기장,,,,,,,,메시,
images/90975873_0.jpeg,train,,,,,셔츠,,,,,,,,,,,데님,
images/90983086_0.jpeg,train,,,,,폴로 셔츠,,,,,,폴로 칼라,,,,,메시,
images/90990588_0.jpeg,train,,,,,셔츠,,,,,,,,,,,실크·새틴,
images/90992931_0.jpeg,train,,,,,폴로 셔츠,,,,,,폴로 칼라,,,,,실크·새틴,
images/90996328_1.jpeg,train,,,,,셔츠,,,,,,,,,,,데님,
images/91008283_0.jpeg,train,,,,,셔츠,,,,,,,,,,,시폰|실크·새틴,
images/91011043_0.jpeg,train,,,,,셔츠,,,,,,,,,,,데님,포켓
images/91011944_0.jpeg,val,,,,,셔츠,,,,,,,,,,,울,
images/91015747_0.jpeg,val,,,,,셔츠,,,,,,,,,,,실크·새틴,
images/91015996_0.jpeg,val,,,,,폴로 셔츠,,,,,,폴로 칼라,,,,,,
images/91016617_0.jpeg,train,,,,,셔츠,,,,,,,,,,,레이스,레이스
images/91016935_0.jpeg,train,,,,,셔츠,,,,,,,,,,,실크·새틴,
images/91018231_1.jpeg,train,,,,,셔츠,,,,,,,,,,,메시,포켓
images/91022187_0.jpeg,train,,,,,셔츠,,,,,,,,,,체크,실크·새틴,
images/91023588_0.jpeg,train,,,,,폴로 셔츠,,,,,,폴로 칼라,,,,스트라이프,,
images/91027328_1.jpeg,train,,,,,셔츠,,,,,,,,,,,실크·새틴,
images/91037101_0.jpeg,train,,,,,셔츠,,,,,,,,,,,스웨이드,
images/91042340_0.jpeg,train,,,,,셔츠,,,,,,,,,,,데님,
images/91043125_0.jpeg,train,,,,,폴로 셔츠,,,,,,폴로 칼라,,,,,,
images/91044022_0.jpeg,train,,,,,셔츠,긴팔,,,,,,,,,,데님,포켓
images/91049521_1.jpeg,train,,,,,셔츠,,,,,,,,,,,데님,
images/91053214_0.jpeg,train,,,,,셔츠,,,,,,,,,,,가죽,
images/91054623_0.jpeg,train,,,,,셔츠,,,,,,,,,,,데님,
images/91057892_1.jpeg,train,,,,,셔츠,,,,,,,,,,,데님,
images/91057920_0.jpeg,train,,,,,폴로 셔츠,,,,,,폴로 칼라,,,,,,
images/91061463_1.jpeg,train,,,,,셔츠,,,,,,,슬림핏,,,,실크·새틴,
images/91062688_0.jpeg,train,,,,,셔츠,,,,,,,,,,스트라이프,실크·새틴,
images/91067240_0.jpeg,train,,,,,셔츠,,,,,,,,,,,울,
images/91073623_1.jpeg,train,,,,,폴로 셔츠,,,,,,폴로 칼라,,,,,,
images/91075151_0.jpeg,train,,,,,셔츠,,,,,,,,,,,울,
images/91075209_0.jpeg,val,,,,,셔츠,,,롱 기장,,,,,,,,메시,
images/91080516_0.jpeg,train,,,,,셔츠,,,,,,,,,,,실크·새틴,
images/91081800_0.jpeg,val,,,,,폴로 셔츠,,,,,,폴로 칼라,,,,,,
images/91082368_0.jpeg,train,,,,,셔츠,,,,,,,,,,,시폰,
images/91087482_1.jpeg,val,,,,,셔츠,,,,,,,,,,,코튼,포켓
images/91091701_0.jpeg,val,,,,,폴로 셔츠,,,,,,폴로 칼라,,,,,,
images/91096762_1.jpeg,train,,,,,셔츠,,,,,,,,,,,데님,
images/91100654_1.jpeg,train,,,,,셔츠,,,,,,,,,,,데님,
images/91109773_0.jpeg,train,,,,,셔츠,,,,,,,,,,도트,실크·새틴,
images/91111769_0.jpeg,val,,,,,셔츠,,,,,,,,,,,실크·새틴,프릴·러플
images/91114758_1.jpeg,train,,,,,셔츠,,,,,,,,,,,데님,
images/91116849_0.jpeg,train,,,,,셔츠,,,,,,,,,,,실크·새틴,
images/91117631_0.jpeg,train,,,,,셔츠,,,,,,,,,,,스웨이드,
images/91121164_0.jpeg,train,,,,,셔츠,,,,,,,,,,,레이스,레이스
images/91124834_2.jpeg,train,,,,,셔츠,,,,,,,,,,,코튼,
images/91126780_0.jpeg,val,,,,,셔츠,,,,,,,,,,,실크·새틴,
images/91127454_0.jpeg,train,,,,,셔츠,,,,,,,,,,,코튼,
images/91131215_1.jpeg,train,,,,,셔츠,,,,,,,,,,,실크·새틴,
images/91134693_0.jpeg,val,,,,,셔츠,,,,,,,,,,,코튼,
images/91146157_1.jpeg,train,,,,,셔츠,,,,,,,,,,,데님,프릴·러플
images/91149342_0.jpeg,val,,,,,셔츠,,,,,,,,,,,실크·새틴,포켓
images/91153123_0.jpeg,train,,,,,셔츠,,,,,,,오버핏,,,,실크·새틴,
images/91158132_1.jpeg,train,,,,,셔츠,,,,,,,,,,,데님,자수
images/91158297_0.jpeg,train,,,,,셔츠,,,,,,,,,,,실크·새틴,
images/91163420_0.jpeg,train,,,,,셔츠,,,,,,,,,,스트라이프,레이스,레이스
images/91171278_0.jpeg,train,,,,,셔츠,,,,,,,,,,,레이스,레이스
images/91173261_1.jpeg,train,,,,,셔츠,,,,,,,,,,,코튼,
images/91177549_0.jpeg,val,,,,,폴로 셔츠,,,,,,폴로 칼라,,,,,,
images/91177691_0.jpeg,val,,,,,폴로 셔츠,,,,,,폴로 칼라,,,,,,
images/91181621_0.jpeg,train,,,,,셔츠,,,,,,,,,,체크,울,
images/91185189_0.jpeg,train,,,,,폴로 셔츠,,,,,,폴로 칼라,,,,,,
images/91194364_0.jpeg,train,,,,,폴로 셔츠,,,,,,폴로 칼라,,,,,,
images/91194801_1.jpeg,train,,,,,셔츠,,,,,,,,,,,시폰,
images/91202703_0.jpeg,train,,,,,셔츠,,,,,,,,,,,실크·새틴,
images/91202856_0.jpeg,train,,,,,셔츠,반팔,,,,,,,,,,실크·새틴,
images/91203316_0.jpeg,val,,,,,셔츠,,,,,,,,,,,실크·새틴,
images/91206636_0.jpeg,train,,,,,셔츠,,,,,,,,,,,실크·새틴,
images/91213615_0.jpeg,train,,,,,셔츠,,,,,,,오버핏,,,,데님,
images/91221577_0.jpeg,train,,,,,셔츠,,,,,,,,,,,실크·새틴,
images/91224431_0.jpeg,train,,,,,셔츠,,,,,,,,,,,시폰|실크·새틴,
images/91226808_1.jpeg,train,,,,,셔츠,,,,,,,,,,,코튼,
images/91226899_0.jpeg,train,,,,,셔츠,,,,,,,,,,스트라이프,코튼,
images/91228143_0.jpeg,train,,,,,셔츠,,,,,,,,,,,실크·새틴,
images/91237591_0.jpeg,train,,,,,셔츠,,,,,,,,,,,데님,
images/91242625_0.jpeg,train,,,,,셔츠,,,,,,,,,,,코튼,
images/91243707_0.jpeg,train,,,,,셔츠,,,,,,,,,,플로럴,니트,
images/91250547_1.jpeg,val,,,,,셔츠,,,,,,,,,,,데님,
images/91259228_0.jpeg,train,,,,,셔츠,,,,,,,,,,,코튼,
images/91262105_0.jpeg,train,,,,,셔츠,,,,,,,,,,,데님,
images/91262425_0.jpeg,train,,,,,셔츠,,,,,,,,,,,코튼,
images/91278245_0.jpeg,train,,,,,폴로 셔츠,,,,,,폴로 칼라,,,,,,
images/91286407_0.jpeg,train,,,,,셔츠,,,,,,,,,,,시폰,
images/91289690_0.jpeg,val,,,,,셔츠,,,,,,,,,,,실크·새틴,
images/91292189_0.jpeg,train,,,,,셔츠,,,,,,,,,,,코튼,
images/91292379_0.jpeg,train,,,,,셔츠,긴팔,,롱 기장,,,,,,,스트라이프,코튼,
images/91293324_0.jpeg,val,,,,,셔츠,,,,,,,,,,,데님,
images/91294838_0.jpeg,train,,,,,셔츠,,,,,,,,,,스트라이프,코튼,
images/91296068_0.jpeg,val,,,,,셔츠,,,,,,,,,,,레이스,레이스
images/91299721_0.jpeg,train,,,,,셔츠,,,크롭 기장,,,,,,,,데님,
images/91299791_0.jpeg,train,,,,,셔츠,,,,,,,,,,,울,프릴·러플
images/91302800_0.jpeg,train,,,,,셔츠,,,,,,,,,,,울,
images/91305472_0.jpeg,train,,,,,셔츠,,,,,,,,,,,레이스|가죽,레이스
images/91310368_0.jpeg,train,,,,,폴로 셔츠,반팔,,,,,폴로 칼라,,,,스트라이프,,
images/91311823_0.jpeg,train,,,,,폴로 셔츠,,,,,,폴로 칼라,,,,스트라이프,,
images/91334566_0.jpeg,train,,,,,셔츠,,,,,,,,,,,레이스|가죽,레이스
images/91337600_0.jpeg,train,,,,,셔츠,,,,,,,,,,,데님,
images/91338235_0.jpeg,train,,,,,셔츠,,,,,,,,,,,실크·새틴,
images/91338419_0.jpeg,train,,,,,셔츠,,,,,,,,,,,시폰,
images/91353121_0.jpeg,train,,,,,폴로 셔츠,,,,,,폴로 칼라,,,,,,
images/91356088_0.jpeg,train,,,,,셔츠,긴팔,,,,,,,,,,실크·새틴,
images/91357242_0.jpeg,train,,,,,셔츠,,,,,,,오버핏,,,,코튼,
images/91358468_0.jpeg,train,,,,,셔츠,,,,,,,,,,,코튼,
images/91359583_1.jpeg,train,,,,,셔츠,,,,,,,,,,,실크·새틴,
images/91362747_1.jpeg,train,,,,,셔츠,,,,,,,,,,,가죽,
images/91367906_0.jpeg,train,,,,,셔츠,,,,,,,,,,,실크·새틴,
images/91370727_0.jpeg,train,,,,,셔츠,,,,,,,,,,,시폰,
images/91378970_0.jpeg,train,,,,,셔츠,,,,,,,,,,,레이스,레이스
images/91383458_1.jpeg,train,,,,,셔츠,,,,,,,,,,,실크·새틴,
images/91388651_0.jpeg,train,,,,,셔츠,,,롱 기장,,,,,,,,스웨이드,
images/91388654_0.jpeg,val,,,,,셔츠,,,,,,,,,,,실크·새틴,
images/91390739_0.jpeg,val,,,,,셔츠,민소매,,,,,,,,,,메시,
images/91391591_0.jpeg,train,,,,,셔츠,,,,,,,,,,,실크·새틴,
images/91392025_0.jpeg,train,,,,,셔츠,,,,,,,,,,,실크·새틴,
images/91397086_0.jpeg,train,,,,,셔츠,,,,,,,,,,,데님,
images/91399434_0.jpeg,train,,,,,셔츠,,,,,,,,,,,데님,
images/91403353_0.jpeg,train,,,,,폴로 셔츠,,,,,,폴로 칼라,,,,,,
images/91405457_0.jpeg,train,,,,,폴로 셔츠,,,,,,폴로 칼라,,,,,,
images/91405838_0.jpeg,val,,,,,폴로 셔츠,,,,,,폴로 칼라,,,,,,
images/91407698_0.jpeg,train,,,,,폴로 셔츠,,,,,,폴로 칼라,,,,,,
images/91409499_0.jpeg,train,,,,,셔츠,,,,,,,,,,,데님,
images/91410791_0.jpeg,train,,,,,셔츠,,,,,,,,,,플로럴,데님,
images/91411807_0.jpeg,val,,,,,셔츠,,,,,,,,,,,데님,
images/91429118_0.jpeg,train,,,,,셔츠,,,,,,,,,,,코튼,
images/91429684_0.jpeg,train,,,,,셔츠,,,,,,,,,,,울|니트,
images/91433227_0.jpeg,train,,,,,셔츠,,,,,,,,,,체크,레이스,레이스
images/91433240_0.jpeg,val,,,,,셔츠,,,,,,,,,,,데님,
images/91436935_0.jpeg,train,,,,,셔츠,,,,,,,,,,,울,
images/46326804_0.jpeg,train,,,,,탑,반팔,,,,,,,,,,코튼|레이스,레이스
images/46664934_1.jpeg,train,,,,,탑,반팔,,,,,,,,,,메시,
images/47345448_2.jpeg,train,,,,,탑,반팔,,,,,,,,,,가죽,
images/49986230_0.jpeg,val,,,,,폴로 셔츠,반팔,,,,,폴로 칼라,,,,,,
images/51669457_0.jpeg,train,,,,,탑,반팔,,,,,,,,,,레이스,레이스
images/54870014_0.jpeg,train,,,,,탑,반팔,,,,,,,,,,스웨이드|가죽|니트,
images/57013974_0.jpeg,train,,,,,폴로 셔츠,반팔,,,,,폴로 칼라,,,,플로럴,레이스,레이스
images/57037983_3.jpeg,train,,,,,탑,반팔,,,,,,,,,,가죽,
images/58746480_0.jpeg,train,,,,,탑,반팔,,,,,,,,,,시폰,
images/60511244_0.jpeg,train,,,,,탑,반팔,,크롭 기장,,,,,,,,가죽|니트,
images/61552469_0.jpeg,train,,,,,폴로 셔츠,,,,,,폴로 칼라,슬림핏,,,,,
images/62867993_0.jpeg,train,,,,,폴로 셔츠,반팔,,,,,폴로 칼라,,,,,,
images/63025800_1.jpeg,train,,,,,폴로 셔츠,반팔,,,,,폴로 칼라,,,,,,
images/71524926_0.jpeg,train,,,,,폴로 셔츠,반팔,,,,,폴로 칼라,,,,,,자수
images/71557445_0.jpeg,train,,,,,폴로 셔츠,반팔,,,,,폴로 칼라,,,,,,자수
images/72021525_1.jpeg,val,,,,,탑,반팔,,,,,,,,,,실크·새틴|레이스,레이스
images/72640772_0.jpeg,val,,,,,폴로 셔츠,반팔,,,,,폴로 칼라,,,,,,
images/73251806_0.jpeg,val,,,,,탑,반팔,,,,,,,,,,가죽,
images/75287319_1.jpeg,train,,,,,탑,반팔,,,,,,,,,,레이스,레이스
images/76071495_1.jpeg,train,,,,,탑,반팔,,크롭 기장,,,,,,,,코튼,
images/76416927_0.jpeg,train,,,,,탑,반팔,,,,,,,,,,니트,
images/78588936_0.jpeg,train,,,,,폴로 셔츠,반팔,,,,,폴로 칼라,,,,스트라이프,,
images/79207560_1.jpeg,train,,,,,탑,반팔,,롱 기장,,,,,,,,가죽,
images/79672722_2.jpeg,val,,,,,탑,반팔,,,,,,,,,,니트,
images/80758724_0.jpeg,train,,,,,폴로 셔츠,반팔,,,,,폴로 칼라,,,,,,
images/80760798_0.jpeg,train,,,,,폴로 셔츠,반팔,,,,,폴로 칼라,,,,,,
images/87000431_0.jpeg,train,,,,,폴로 셔츠,반팔,,,,,폴로 칼라,,,,,,
images/87576096_0.jpeg,train,,,,,폴로 셔츠,반팔,,,,,폴로 칼라,,,,,코튼,자수
images/87739980_0.jpeg,train,,,,,폴로 셔츠,반팔,,,,,폴로 칼라,오버핏,,,,코튼,
images/87918375_0.jpeg,train,,,,,탑,반팔,,,,,,,,,,레이스,레이스
images/88217773_0.jpeg,train,,,,,폴로 셔츠,반팔,,,,,폴로 칼라,,,,,,
images/88292411_0.jpeg,train,,,,,탑,반팔,,,,,,,,,,레이스,레이스
images/88299190_0.jpeg,val,,,,,탑,반팔,,,,,,,,,,코튼,
images/88587984_0.jpeg,val,,,,,폴로 셔츠,반팔,,,,,폴로 칼라,,,,,,
images/88616260_0.jpeg,train,,,,,폴로 셔츠,반팔,,,,,폴로 칼라,,,,스트라이프,,
images/88657798_0.jpeg,val,,,,,폴로 셔츠,반팔,,,,,폴로 칼라,슬림핏,,,,,
images/88676018_0.jpeg,train,,,,,폴로 셔츠,반팔,,,,,폴로 칼라,,,,,,
images/88730883_1.jpeg,train,,,,,폴로 셔츠,반팔,,,,,폴로 칼라,,,,,,
images/88754253_0.jpeg,train,,,,,탑,반팔,,,,,,,,,,코튼|레이스,레이스
images/88881905_0.jpeg,train,,,,,폴로 셔츠,반팔,,,,,폴로 칼라,,,,,,
images/88904375_0.jpeg,val,,,,,폴로 셔츠,반팔,,,,,폴로 칼라,레귤러핏,,,,,
images/88933498_1.jpeg,train,,,,,폴로 셔츠,반팔,,,,,폴로 칼라,,,,,,
images/88940971_0.jpeg,train,,,,,폴로 셔츠,반팔,,,,,폴로 칼라,,,,,,
images/88941441_0.jpeg,train,,,,,폴로 셔츠,반팔,,,,,폴로 칼라,,,,,,
images/88944899_0.jpeg,train,,,,,폴로 셔츠,반팔,,,,,폴로 칼라,레귤러핏,,,,,
images/89013123_0.jpeg,train,,,,,폴로 셔츠,반팔,,,,,폴로 칼라,,,,,,
images/89055089_0.jpeg,train,,,,,탑,반팔,,,,,,,,,,니트,
images/89056197_0.jpeg,train,,,,,폴로 셔츠,반팔,,,,라운드넥,폴로 칼라,,,,,코튼,
images/89125565_0.jpeg,train,,,,,폴로 셔츠,반팔,,,,,폴로 칼라,레귤러핏,,,,,
images/89127655_0.jpeg,train,,,,,폴로 셔츠,반팔,,,,,폴로 칼라,,,,스트라이프,,
images/89128191_0.jpeg,val,,,,,폴로 셔츠,반팔,,,,,폴로 칼라,,,,,,
images/89197313_0.jpeg,train,,,,,폴로 셔츠,반팔,,,,,폴로 칼라,슬림핏,,,,,
images/89244709_0.jpeg,train,,,,,탑,반팔,,,,,,,,,,레이스,레이스
images/89257796_0.jpeg,val,,,,,탑,반팔,,,,,,,,,,니트,
images/89276274_0.jpeg,train,,,,,폴로 셔츠,반팔,,,,,폴로 칼라,,,,,,
images/89291647_0.jpeg,train,,,,,폴로 셔츠,반팔,,,,,폴로 칼라,,,,스트라이프,,
images/89297524_0.jpeg,train,,,,,폴로 셔츠,반팔,,,,,폴로 칼라,,,,,,
images/89353003_1.jpeg,train,,,,,폴로 셔츠,반팔,,,,,폴로 칼라,,,,,,
images/89371461_0.jpeg,train,,,,,폴로 셔츠,반팔,,,,,폴로 칼라,슬림핏,,,,,
images/89399607_0.jpeg,train,,,,,폴로 셔츠,반팔,,,,,폴로 칼라,,,,,코튼,
images/89456903_1.jpeg,train,,,,,탑,반팔,,,,,,,,,,레이스,레이스
images/89462818_3.jpeg,train,,,,,폴로 셔츠,반팔,,,,,폴로 칼라,슬림핏,,,,,
images/89479245_0.jpeg,train,,,,,폴로 셔츠,반팔,,,,,폴로 칼라,슬림핏,,,,,
