product_id,category,name,brand_name,brand,image_url,url,image_sha256,cut_type,cut_reviewer,cut_reviewed_at,gold_item_type,gold_fit,gold_length,gold_material,human_reviewer,reviewed_at,label_evidence
MS6955600,top,TRIPLE LAYERED MULTI WAY TOP IN NAVY,마뗑킴,matinkim,https://image.msscdn.net/images/goods_img/20260730/6955600/6955600_17857218106279_500.jpg,https://www.musinsa.com/products/6955600,ad2b804a44a3b7dfb1e36974bcc88c96884b79ef9f9cdfde5a98b27bb7cded37,,,,,,,,,,
MS7059554,top,슬럽 래글런 롱슬리브 [네이비],슬로우애시드,slowacid,https://image.msscdn.net/images/goods_img/20260812/7059554/7059554_17876361717388_500.jpg,https://www.musinsa.com/products/7059554,a118855518c2c70e03770739a52f67412a019df0542269687f7090f65a2097ca,,,,,,,,,,
MS7088559,top,울 캐시미어 딥 브이넥 니트 탑 퍼플 MDKT138PURPLE,몽돌,mongdol,https://image.msscdn.net/images/goods_img/20260817/7088559/7088559_17894389606373_500.jpg,https://www.musinsa.com/products/7088559,a0a335c427b8b71448b2e64743803488221b8fe7e0bb3a8b9a3e9697df863e11,,,,,,,,,,
MS6968276,top,Double placket slim hoodie CHARCOAL,미세키서울,misekiseoul,https://image.msscdn.net/images/goods_img/20260731/6968276/6968276_17877244078964_500.jpg,https://www.musinsa.com/products/6968276,bbc918a1b575869d157b860dd08476e4e4bc69b1563eb058fc33afb3bc5724e5,,,,,,,,,,
MS7144038,top,BC 크랙 레이어드 롱 슬리브 (BURGUNDY),버닝카포네,burningcapone,https://image.msscdn.net/images/goods_img/20260824/7144038/7144038_17875479846653_500.jpg,https://www.musinsa.com/products/7144038,54c4a01aa4156bb17501769cc610cfe88e163e2ef9d1a1c7263574d0abbdd607,,,,,,,,,,
MS5395163,top,[2PACK] 울 크롭 니트 카키멜 (+솔리드 크롭 티셔츠 증정),테이크이지,takeasy,https://image.msscdn.net/images/goods_img/20250903/5395163/5395163_17576401759546_500.jpg,https://www.musinsa.com/products/5395163,aec14e863d2018b7e6a13a5c26dc7fd66d63032361c3a8dae1cec1f12f888042,,,,,,,,,,
MS7103342,top,[구효민 pick] 스트라이프 컬러 배색 사선 스냅 라운드넥 나그랑 롱슬리브 티셔츠 [차콜],썸플레이스,someplace,https://image.msscdn.net/images/goods_img/20260819/7103342/7103342_17871193839282_500.jpg,https://www.musinsa.com/products/7103342,b75c48a26516a9cfa89e6cf1760234e15e60d6780f61672995ba6ff3bb1252e9,,,,,,,,,,
MS7112643,top,절개 아일렛 롱슬리브 3color,퍼지스캔,otherside,https://image.msscdn.net/images/goods_img/20260820/7112643/7112643_17871861219969_500.jpg,https://www.musinsa.com/products/7112643,962274bd1b287434250d6f9f9eed606b495739e8face1ac24c4a641495fbe1d8,,,,,,,,,,
MS7104626,top,핀토 딥브이넥 니트 (라이트그레이),밀리언코르,millioncor,https://image.msscdn.net/images/goods_img/20260819/7104626/7104626_17871176449651_500.jpg,https://www.musinsa.com/products/7104626,6263acf8ff46b97f5333e0bd6137ff3b418b24e534b43ce189aa3c1e6603ece2,,,,,,,,,,
MS7102714,top,[구효민 pick] 스트라이프 컬러 배색 버튼 베이직 롱 슬리브 후드 티셔츠  [블랙],썸플레이스,someplace,https://image.msscdn.net/images/goods_img/20260819/7102714/7102714_17884011257302_500.jpg,https://www.musinsa.com/products/7102714,123a502217a28697ff7a944b9dfbc93a1f21d57343fb041f87a55f72e1f5baf9,,,,,,,,,,
MS7119658,top,Check frill pintuck blouse_2colors,유라고,urago,https://image.msscdn.net/images/goods_img/20260820/7119658/7119658_17884017474932_500.jpg,https://www.musinsa.com/products/7119658,92094ec4a85a6dba000491392981330935d1e8bfa0f1f53dadd579779b930348,,,,,,,,,,
MS7169307,top,[소프트얀] 딥 브이넥 니트_SPKWG49G01,스파오,spao,https://image.msscdn.net/images/goods_img/20260826/7169307/7169307_17891092581531_500.jpg,https://www.musinsa.com/products/7169307,ce9eb8177ed513ef9b68b8d95a83d13cb963c3e2db45eb2fcba0a6f4e5174f70,,,,,,,,,,
MS7131730,top,베이직 셔링 7부 티셔츠,인무드,inmood,https://image.msscdn.net/images/goods_img/20260821/7131730/7131730_17872949779651_500.jpg,https://www.musinsa.com/products/7131730,3f0e431514a1aefa52b82b482801499500f0f5eab06097d9b3582662aeb32e29,,,,,,,,,,
MS7079083,top,[김승환 콜라보] 롤업 버튼 울 헨리넥 니트_[LEMON],노이즈,noise,https://image.msscdn.net/images/goods_img/20260814/7079083/7079083_17881614940337_500.jpg,https://www.musinsa.com/products/7079083,05c65f42ddbbf269de0dcf24af646d80c44b63d1e99284c8cb8cc5477efb4689,,,,,,,,,,
MS7126579,top,스터드 브이넥 스웻셔츠(블랙),오오엠엘,oel,https://image.msscdn.net/images/goods_img/20260821/7126579/7126579_17876339638988_500.jpg,https://www.musinsa.com/products/7126579,e76c42e4aca2af19c0da42b627d442c1208e85c211afb507e2271602f58a9699,,,,,,,,,,
MS7039092,top,배색 레이어드 헨리넥 롱 슬리브_[NAVY],노이즈,noise,https://image.msscdn.net/images/goods_img/20260810/7039092/7039092_17872987076870_500.jpg,https://www.musinsa.com/products/7039092,ef9ea6be2b9b9e8a4c7017d2fccd7513794729011088b57e4524fb7736123be9,,,,,,,,,,
MS6980767,top,[크롭]골지 텍스처드 브이넥 긴팔 티셔츠-블랙,슈퍼서브,supersub,https://image.msscdn.net/images/goods_img/20260803/6980767/6980767_17866049048775_500.jpg,https://www.musinsa.com/products/6980767,1fb052411724940b7f16129404a87c52a0a81b7e92072439bd4fc618fc539027,,,,,,,,,,
MS7022626,top,C로고 오버핏 조그택 롱슬리브 티셔츠 Black,챔피온,champion,https://image.msscdn.net/images/goods_img/20260807/7022626/7022626_17881556835691_500.jpg,https://www.musinsa.com/products/7022626,e1050d70ce5762c37381d8ddd5f6568698bd24b4122adc8cca4622775e9b71f6,,,,,,,,,,
MS7091145,top,Moti Raglan Top - Grey(Black),썸웨어버터,somewherebutter,https://image.msscdn.net/images/goods_img/20260818/7091145/7091145_17875340691461_500.jpg,https://www.musinsa.com/products/7091145,ec3b9669e85a033bd5201e4a0e368b64f2ce13b7a2d765b3e6a4e28b7940a463,,,,,,,,,,
MS7020447,top,Hook Collar Shirt - Black,락케이크,rockcake,https://image.msscdn.net/images/goods_img/20260807/7020447/7020447_17875471280586_500.jpg,https://www.musinsa.com/products/7020447,c1319b7233f3900ad404ee3742271f14cf4668a49d28c5b6595369425aed7b51,,,,,,,,,,
MS7037384,top,플러피 브러쉬 카라 니트 [BROWN],드로우핏,drawfit,https://image.msscdn.net/images/goods_img/20260810/7037384/7037384_17878816797236_500.jpg,https://www.musinsa.com/products/7037384,ff2dd657d2e83982dd33081f33ff77ab0ae8714fac653cdbbb1ed1c5b6dfdacb,,,,,,,,,,
MS7011235,top,[적립금 10%] 폴로 베어 코튼 리넨 스웨터-네이비,폴로 랄프 로렌,poloralphlauren,https://image.msscdn.net/images/goods_img/20260806/7011235/7011235_17872894292193_500.jpg,https://www.musinsa.com/products/7011235,aa829e067a0b155bb7bbaacb5c28f01df975e66bc8f530c5c59722f1bbb6347c,,,,,,,,,,
MS7009217,top,Button collar pk knit [FRFA05NT01]_Wine,프리버07,friver07,https://image.msscdn.net/images/goods_img/20260806/7009217/7009217_17875539014866_500.jpg,https://www.musinsa.com/products/7009217,acaf9de2a9e09c2054c21681b2c60da86fa7d8fb5d19c50cc3db604090ea0494,,,,,,,,,,
MS7035556,top,[한빛 PICK] Hines deep v-neck sweatshirt - Red,어패럴아카이브,apparelarchive,https://image.msscdn.net/images/goods_img/20260810/7035556/7035556_17873016365277_500.jpg,https://www.musinsa.com/products/7035556,a7a6abf29e9b3776d6c64ea583f030822ad197ee3a16c1ccd518d59da605b83f,,,,,,,,,,
MS7095366,top,에센셜 하프 집업 후디 [OATMEAL],레더리,leathery,https://image.msscdn.net/images/goods_img/20260818/7095366/7095366_17872895398078_500.jpg,https://www.musinsa.com/products/7095366,87f6b4cc6f3712eb22dba59a78f1f7f08ad6104632d8e4948fbc8620e3bf67a5,,,,,,,,,,
MS7122627,top,워셔블 크롭 헨리넥 니트_6color,트릴리온,trillion,https://image.msscdn.net/images/prd_img/20260820/7122627/detail_7122627_17882594283297_500.jpg,https://www.musinsa.com/products/7122627,2ff0bdc11bbfe809176cbb79d9ddf5bf957f22c16184c34e592a5eac99b0e7db,,,,,,,,,,
MS7202665,top,시티피치핀블라우스 (KYBL2606308),피그먼트,pigment,https://image.msscdn.net/images/goods_img/20260831/7202665/7202665_17881498660220_500.jpg,https://www.musinsa.com/products/7202665,1934a997f7aae21814bde4f337f138aa963d04ace2363c75a48c5874a41fba77,,,,,,,,,,
MS6998131,top,Daily Soft Slim Raglan Tee_CTT3039(Navy),씨타,citta,https://image.msscdn.net/images/goods_img/20260805/6998131/6998131_17889139362378_500.jpg,https://www.musinsa.com/products/6998131,b5d0639ca874623f4d0a290e1fdc94f15642d95960bc533ce18c7d97526dea9f,,,,,,,,,,
MS6996599,top,무드 스탠다드 베이직 스웻셔츠 아이보리,리브레너,rebrenner,https://image.msscdn.net/images/goods_img/20260805/6996599/6996599_17878863259549_500.jpg,https://www.musinsa.com/products/6996599,38ef5546e8e4b369f88e8eb33ada2249dbc605fd54873a66cbf29a894a2da5e1,,,,,,,,,,
MS7131782,top,캐시미어 딥 브이넥 니트 / CASHMERE DEEP V-NECK KNIT_3colors,룩캐스트,lookast,https://image.msscdn.net/images/goods_img/20260821/7131782/7131782_17884829330149_500.jpg,https://www.musinsa.com/products/7131782,c79d2111257bfe2d9c8f8675e56011c0a98fd96decb0f019f9a3761dd1bf74fa,,,,,,,,,,
MS7020436,top,Pinched Cowl Top - Ivory,락케이크,rockcake,https://image.msscdn.net/images/goods_img/20260807/7020436/7020436_17875335036022_500.jpg,https://www.musinsa.com/products/7020436,40a446189e784d6162312ca9ff3fbb9352b18ced8ae76462d101e8c7c388327a,,,,,,,,,,
MS7067907,top,트라이벌 프린트 롱 슬리브 티 (핑크),허그유어스킨,hugyourskin,https://image.msscdn.net/images/goods_img/20260813/7067907/7067907_17895480224220_500.jpg,https://www.musinsa.com/products/7067907,bcabb1ecd4bc7eca577b32cd5c21a771ad50e343e8cdc1f42f00463b22097375,,,,,,,,,,
MS7013343,top,FLOWER V NECK TEE [GREEN],에이이에이이,aeae,https://image.msscdn.net/images/goods_img/20260806/7013343/7013343_17885086142487_500.jpg,https://www.musinsa.com/products/7013343,77aa761c1453371b55cbc4cf6409b7a85ff9924f27870388d2c99044a98f790a,,,,,,,,,,
MS7049937,top,플레인 브이넥 울 니트 멜란지 그레이,미치코런던 코시노,michikolondon,https://image.msscdn.net/images/goods_img/20260811/7049937/7049937_17871051088273_500.jpg,https://www.musinsa.com/products/7049937,35c6ca89748cf887719f0b14d45b15a0523e22cbd1907b063ccfc3e7afa4ec9d,,,,,,,,,,
MS5901879,bottom,핀턱 D링 스웻팬츠 (블랙),테이크이지,takeasy,https://image.msscdn.net/images/goods_img/20260116/5901879/5901879_17731059125843_500.jpg,https://www.musinsa.com/products/5901879,dce84de0c153e0ac8e3b8979addfb37afe3db626751d145b063271388905cc2b,,,,,,,,,,
MS7161042,bottom,VLAD 원턱 커브드 트랙 팬츠_(3심볼 저지) 블랙&아이보리,디미트리블랙,dimitriblack,https://image.msscdn.net/images/goods_img/20260825/7161042/7161042_17879097376793_500.png,https://www.musinsa.com/products/7161042,8cd490518ea5507d6e0144e0619c74f440a3eb893edadcec13beac641759af68,,,,,,,,,,
MS6907192,bottom,Vintage Rugged Grain Double-Knee Pants,9999아카이브,9999archive,https://image.msscdn.net/images/goods_img/20260723/6907192/6907192_17884164484415_500.jpg,https://www.musinsa.com/products/6907192,8d34be5c4dc2cf1abf51996d0bb6535e5ac801eb0c6e8a03933714fc7b5035a3,,,,,,,,,,
MS7156288,bottom,로웰 커브드 벨티드 슬랙스 (블랙),그레이블러밧,grayblvd,https://image.msscdn.net/images/goods_img/20260825/7156288/7156288_17876354490053_500.jpg,https://www.musinsa.com/products/7156288,16c3493e39db19ec7dd9fa1cca5390222896d8e8f28152b9642d01493103b1c0,,,,,,,,,,
MS858911,bottom,와이드 데님 팬츠 (LIGHT BLUE),토피,toffee,https://image.msscdn.net/images/goods_img/20180914/858911/858911_6_500.jpg,https://www.musinsa.com/products/858911,8bc676d3ae177e65482bc877efbc3a7259db48c3ac256d868cfbf51e137f0ec2,,,,,,,,,,
MS3816971,bottom,파라슈트 CP코튼 팬츠 6 COLOR COOSPT216,커스텀어클락,costumeoclock,https://image.msscdn.net/images/goods_img/20240123/3816971/3816971_17853946614676_500.jpg,https://www.musinsa.com/products/3816971,1d0d0ec0039af60f738b62e7f41cd664ffa56400a5bfff0a5dee6dabaa3aa1f1,,,,,,,,,,
MS5908776,bottom,Painter Wide Pants DCPT070Olive,데케트,decet,https://image.msscdn.net/images/goods_img/20260119/5908776/5908776_17860822332316_500.jpg,https://www.musinsa.com/products/5908776,571201bf6b3debb5d7b1be67a2f0f9fc2956e159ce998630e3641ae8b954ae78,,,,,,,,,,
MS7057797,bottom,1735 ETERNAL BLACK JEANS [WIDE STRAIGHT],브랜디드,branded,https://image.msscdn.net/images/goods_img/20260812/7057797/7057797_17878930629462_500.jpg,https://www.musinsa.com/products/7057797,5726116f96edaa1220732df683a6a71fa21beecc22377ae5ea21ba7edcce0b06,,,,,,,,,,
MS7059610,bottom,NOISE DEPT 이글 와이드 스웨트 팬츠-프렌치블루,슈퍼서브,supersub,https://image.msscdn.net/images/goods_img/20260812/7059610/7059610_17885007584610_500.jpg,https://www.musinsa.com/products/7059610,055b45b9ed598fd29fbd62c021db80a6d9379ac1cda5c99ebd980e690a6de7da,,,,,,,,,,
MS7141921,bottom,솔리드 레귤러 스트레이트 치노 팬츠,피인오,pino,https://image.msscdn.net/images/goods_img/20260824/7141921/7141921_17884326457303_500.jpg,https://www.musinsa.com/products/7141921,df47c89474e422170990083c60fce8034f56fc6598c87dbe0b2b1b1cd08783f6,,,,,,,,,,
MS7134099,bottom,스몰 포켓 레이어드 스웻팬츠 틸블루,이스케이프프롬,escapefrom,https://image.msscdn.net/images/goods_img/20260821/7134099/7134099_17878861294235_500.jpg,https://www.musinsa.com/products/7134099,e8a0e158ca6cd60290965c4643140bde46ea715fe01ade9bde253458ba669122,,,,,,,,,,
MS7036641,bottom,WXP104 츠기타비 레이스 벌룬 팬츠 (PLUM),루나키후,xtonzwoman,https://image.msscdn.net/images/goods_img/20260810/7036641/7036641_17883240666692_500.jpg,https://www.musinsa.com/products/7036641,410c1d9e35fd13e5931d2f381f921f2a7709be693b007e21426f5076f72289a5,,,,,,,,,,
MS7218468,bottom,더블 웨이스트 비즈 스웻 팬츠_3 COLOR,유젠,euggen,https://image.msscdn.net/images/goods_img/20260901/7218468/7218468_17888420616016_500.jpg,https://www.musinsa.com/products/7218468,7da968d4262a8cce662f4fccab5cf5f17096110295226cde075d91a54b26e3e8,,,,,,,,,,
MS7011736,bottom,[미캣 pick] 레오파드 배색 아일렛 스트랩 포인트 포시즌 와이드 오버핏 데님 팬츠 [흑청],플레이스 스튜디오,placestudio,https://image.msscdn.net/images/goods_img/20260806/7011736/7011736_17871240283637_500.jpg,https://www.musinsa.com/products/7011736,fcdda54314cb4e157c7f28db1c65e1a585de61f8341629e326f3f77b2e0834ed,,,,,,,,,,
MS7049603,bottom,워시드 코튼 팬츠 딥 카키,미치코런던 코시노,michikolondon,https://image.msscdn.net/images/goods_img/20260811/7049603/7049603_17871036019529_500.jpg,https://www.musinsa.com/products/7049603,3acc7604ea97d89250b9764c9d7e27ffe000a3acf477f5c27175b35103ac7ac4,,,,,,,,,,
MS6525758,bottom,우먼즈 플레어 히든 밴딩 슬랙스 [그레이],무신사 스탠다드 우먼,musinsastandardwoman,https://image.msscdn.net/images/goods_img/20260521/6525758/6525758_17877314517029_500.jpg,https://www.musinsa.com/products/6525758,1e1d2462352ec8a3527b4c02fbea687e5b86e09990dfe88d2b86868662a92e88,,,,,,,,,,
MS6888121,bottom,로턴 스티치 트랙 팬츠 네이비,세터,satur,https://image.msscdn.net/images/goods_img/20260721/6888121/6888121_17866727597440_500.jpg,https://www.musinsa.com/products/6888121,a66f850ae497c1d8563f09bca3af09d0e609d117b8bda98c87c7b121c3cd02dd,,,,,,,,,,
MS7223695,bottom,워시드 코튼 팬츠 토프 브라운,미치코런던 코시노,michikolondon,https://image.msscdn.net/images/goods_img/20260902/7223695/7223695_17890998400128_500.jpg,https://www.musinsa.com/products/7223695,4ba1b7e29a2f809fdd03a2080d31ab93a1e76072d61d9f969d9b665f904c3f6f,,,,,,,,,,
MS7201103,bottom,Balloonfit Pants(F) / WHTMG4993F,후아유,whoau,https://image.msscdn.net/images/goods_img/20260831/7201103/7201103_17882237475400_500.jpg,https://www.musinsa.com/products/7201103,49007fb6f56260a12982befc6fb62ced5a5fe21491816252c371776adb0f12cd,,,,,,,,,,
MS7184913,bottom,피치넬리팬츠 - 브라운,토마스모어,thomasmore,https://image.msscdn.net/images/goods_img/20260827/7184913/7184913_17879039508027_500.jpg,https://www.musinsa.com/products/7184913,7b520f735baa23c0160129a743329555017bbe14a03033b30c75163bd0eb3011,,,,,,,,,,
MS7074036,bottom,니 패치 워시드 코튼 팬츠_4color,트릴리온,trillion,https://image.msscdn.net/images/goods_img/20260813/7074036/7074036_17877371321211_500.jpg,https://www.musinsa.com/products/7074036,c91cad8f1be78b327fce2a1bf3cffefbdc68b7f175d8f2884d234849673465ab,,,,,,,,,,
MS6967919,bottom,[레이 PICK] [레이 PICK] Side fly layered bootscut pants BLACK,미세키서울,misekiseoul,https://image.msscdn.net/images/goods_img/20260731/6967919/6967919_17877251977716_500.jpg,https://www.musinsa.com/products/6967919,669fd34b62f50655a7c1d1006553db551d63a166e52f49a96313fd538d4f5b33,,,,,,,,,,
MS7024441,bottom,스터드 핀 턱 카고 부츠컷 팬츠 [블랙],헬레네파리스,heleneparis,https://image.msscdn.net/images/goods_img/20260807/7024441/7024441_17877095890440_500.jpg,https://www.musinsa.com/products/7024441,47c2f0ce9494b2892842ebcc1beca6b3a1ff0a0c9c1ec48ac1674a6b4b3ae1a8,,,,,,,,,,
MS6830515,bottom,타스 카펜터 치노 팬츠 (페이드 블루),파브레가,fabregat,https://image.msscdn.net/images/goods_img/20260713/6830515/6830515_17875324510527_500.jpg,https://www.musinsa.com/products/6830515,3fc1de0d53cbefe04655d9cabc7ef6dbd73b3bc2bd0f9901ccc82eecccef1f51,,,,,,,,,,
MS7059599,bottom,크로스 심볼 그래픽 와이드 스웨트 팬츠-블랙,슈퍼서브,supersub,https://image.msscdn.net/images/goods_img/20260812/7059599/7059599_17885010399710_500.jpg,https://www.musinsa.com/products/7059599,26d8409d740a135d832696ae649ccbef17f30703a4a6dc8d8aaf0dfc8d6b0f65,,,,,,,,,,
MS7107117,bottom,[AW] Santiago Slacks (Khaki Brown),어나더 오피스,anotheroffice,https://image.msscdn.net/images/goods_img/20260819/7107117/7107117_17878786252399_500.jpg,https://www.musinsa.com/products/7107117,d57f4420a7a373da1154c5e4c06e627a09b43d96451974c9ba61887e453540b3,,,,,,,,,,
MS7058000,bottom,CLASSIC EASY SWEATPANTS YELLOW,아메스 월드와이드,amesworldwide,https://image.msscdn.net/images/goods_img/20260812/7058000/7058000_17871998019400_500.jpg,https://www.musinsa.com/products/7058000,0a2513bfe1057a350e257c262a20d9069780d29d81d7f2e804134e5ab58cc413,,,,,,,,,,
MS5999956,bottom,CUT-OUT DOUBLE WAIST SWEAT PANTS_GREY,길라아카이브,gilaarchive,https://image.msscdn.net/images/goods_img/20260209/5999956/5999956_17720875498019_500.jpg,https://www.musinsa.com/products/5999956,c53249c9315d803c9d36f15f3920bc0d21783febbc197e70853b7a8133ac2b16,,,,,,,,,,
MS7036867,bottom,레인 와이드 트랙 팬츠 : 2컬러,인템포무드,intempomood,https://image.msscdn.net/images/goods_img/20260810/7036867/7036867_17882487141875_500.jpg,https://www.musinsa.com/products/7036867,ed72238a110cee10944fea827150b742d7af38a49e533cf27a806608df22dbf7,,,,,,,,,,
MS7223556,bottom,웜 텍스쳐 패턴 팬츠 스트라이프,미치코런던 코시노,michikolondon,https://image.msscdn.net/images/goods_img/20260902/7223556/7223556_17890987996779_500.jpg,https://www.musinsa.com/products/7223556,91693135df56a444c4b882196f6df5d4ccad24c45b33a1c2ded02fb972055b82,,,,,,,,,,
MS7066721,bottom,26 FW 스트레이트 카치온 팬츠 (3컬러),효지,hyojinoriko,https://image.msscdn.net/images/goods_img/20260813/7066721/7066721_17878170312683_500.jpg,https://www.musinsa.com/products/7066721,006edb35a9322d63330de15f93a36387137c9af0196efbc07ccdd20016080f17,,,,,,,,,,
MS7074548,bottom,[12oz] 워시드 와이드 데님 팬츠_3color,드릭스,drix,https://image.msscdn.net/images/goods_img/20260813/7074548/7074548_17884127579113_500.jpg,https://www.musinsa.com/products/7074548,accda0fe548824a82b8956e5156cf095687894c1150cc05881d959d37ece53db,,,,,,,,,,
MS7079957,bottom,미니멀 컴포트 밴딩 팬츠 블랙,수아레,suare,https://image.msscdn.net/images/goods_img/20260814/7079957/7079957_17866891975622_500.jpg,https://www.musinsa.com/products/7079957,b21eccab5ca6ac5e34ee5f850df568fce2b8cba6005808c473d22ddf407382c5,,,,,,,,,,
MS7095129,bottom,에스닉심볼 피그먼트 스웨트팬츠 다크그레이,꼼파뇨,compagno,https://image.msscdn.net/images/goods_img/20260818/7095129/7095129_17871335715468_500.jpg,https://www.musinsa.com/products/7095129,02ea5da9b96a93c9c140420167cc5c81f8bb0f5798b782cf607fe63db2bbf7ad,,,,,,,,,,
MS7121357,shoes,오데트 핀턱 발레코어 플랫 슈즈 브라운 FL2926,플로리다 스튜디오,floridastudio,https://image.msscdn.net/images/goods_img/20260820/7121357/7121357_17872165182309_500.jpg,https://www.musinsa.com/products/7121357,941e624b49d754342f37d5c7569e529df011ce26cc8ee47888b52075d5fae7fd,,,,,,,,,,
MS7105295,shoes,버클 폴딩 미들부츠 4cm(HPWXAFFV01 RE) HPWXAGF902,슈펜,shoopen,https://image.msscdn.net/images/goods_img/20260819/7105295/7105295_17890979240524_500.jpg,https://www.musinsa.com/products/7105295,10880cc3ae6c4ef31c75afff4b75348e5e2bb0933e9b0f7b5140ba0a1de891b1,,,,,,,,,,
MS6445810,shoes,에어 맥스 모토 2K W - 그레이 포그:메탈릭 실버:화이트 / HQ2056-011,나이키,nike,https://image.msscdn.net/images/goods_img/20260508/6445810/6445810_17852858293686_500.jpg,https://www.musinsa.com/products/6445810,23611795f00fda18f17109315f4369a8dc686dec26be50f7f2ba3df1d4837489,,,,,,,,,,
MS6931960,shoes,슬립캣 발레 - 캐스트 아이언:섀도우 그레이 / 410524-02,푸마,puma,https://image.msscdn.net/images/goods_img/20260727/6931960/6931960_17875642152869_500.jpg,https://www.musinsa.com/products/6931960,0040b8f5c6d8a93feeccf92fd205555dbe85912ed0e1980d6c28110d6cc45e5c,,,,,,,,,,
MS3911166,shoes,라운드 토 페니 로퍼 412419004 (3.7cm/2colors),솔트앤초콜릿,saltandchocolate,https://image.msscdn.net/images/goods_img/20240228/3911166/3911166_17726009232219_500.png,https://www.musinsa.com/products/3911166,4836a5a352aab847e091b1b1519b0dbbe5ee097f9b1adc9de39dba89baadfdda,,,,,,,,,,
MS5290797,shoes,다트머스 더블버클 셔링 부츠 FL1925,플로리다 스튜디오,floridastudio,https://image.msscdn.net/images/goods_img/20250804/5290797/5290797_17542928614836_500.jpg,https://www.musinsa.com/products/5290797,742d240624c9ca8def2ab50df1e27d70bdfc839a4620c8a933f2601fbd5e2fb0,,,,,,,,,,
MS7067337,shoes,HYS x RMMV 스파이럴 플랫폼 메리 제인 (블랙),허그유어스킨,hugyourskin,https://image.msscdn.net/images/goods_img/20260813/7067337/7067337_17871432320973_500.jpg,https://www.musinsa.com/products/7067337,49e0b5f57afaacb626ff3f49652bd44013288b50b4b0b2658e20c25609b55479,,,,,,,,,,
MS7276916,shoes,NBPDGF717B / U530JPB (BLACK),뉴발란스,newbalance,https://image.msscdn.net/images/goods_img/20260908/7276916/7276916_17889187390391_500.jpg,https://www.musinsa.com/products/7276916,a4e69de8b5a747b424efc803c05a3f16430ee72dbdeb0d42a1ea58dfad0e2832,,,,,,,,,,
MS6266243,shoes,(공용) 엔돌핀 엘리트 2 - 스플래시:파이어 / S30994-131,써코니,saucony,https://image.msscdn.net/images/goods_img/20260407/6266243/6266243_17889454046284_500.jpg,https://www.musinsa.com/products/6266243,d15a5b5d90c98d5df97b22d0cc2fbf13299f2028bb4aa6daa035ed0d363a7adc,,,,,,,,,,
MS2897209,shoes,클럽 C 85 - 화이트:블랙 / GZ1605,리복,reebok,https://image.msscdn.net/images/goods_img/20221027/2897209/2897209_17878167034310_500.jpg,https://www.musinsa.com/products/2897209,d2025d4e1407e2394e8140c7b5b6f25a7f45f41e35d1d4d752b4991f1806a0cb,,,,,,,,,,
MS7121326,shoes,만다린 벨티드 미들부츠 블랙 FL1426,플로리다 스튜디오,floridastudio,https://image.msscdn.net/images/goods_img/20260820/7121326/7121326_17875327438440_500.jpg,https://www.musinsa.com/products/7121326,ff3c70e282687305435c125c2b65c5c4d4c6e74951ed14249491a769166adea2,,,,,,,,,,
MS4430193,shoes,[미누의코디 x 식스핏] [+6.5cm] BOLD CHUNKY WALLABEE-BLACK,식스핏,6ft,https://image.msscdn.net/images/goods_img/20240911/4430193/4430193_17276835800389_500.jpg,https://www.musinsa.com/products/4430193,414b96116b2edd6dfe19cb3fd51e1666d6e83811ace2b690254673e435aa230e,,,,,,,,,,
MS7173809,shoes,링클 투웨이 스틸레토 부츠_블랙  Wrinkled 2Way Stiletto Boots_Black,파시온,pasion,https://image.msscdn.net/images/goods_img/20260826/7173809/7173809_17890940439326_500.jpg,https://www.musinsa.com/products/7173809,f2df5e2f6d875103102b0121e450707ff10fbcf8532bb4f5ae140c518785ba46,,,,,,,,,,
MS1645143,shoes,Goofy 3Color 청키 워커 4.5Cm,마크모크,macmoc,https://image.msscdn.net/images/goods_img/20201013/1645143/1645143_17411407631631_500.jpg,https://www.musinsa.com/products/1645143,6f1451b95d9ea4d20ffeca0467568c495be0fb8517ade1a78d67ea63e2a8e226,,,,,,,,,,
MS7141948,shoes,[레이 PICK] Folding tabi sneakers CHARCOAL,미세키서울,misekiseoul,https://image.msscdn.net/images/goods_img/20260824/7141948/7141948_17875383048052_500.jpg,https://www.musinsa.com/products/7141948,0ba6ec2a1bdaf49dc41942da84cbeb3032b5cad7ccf27a61e1979fabb05d570f,,,,,,,,,,
MS7062486,shoes,테렉스 프리하이커 SL 고어텍스 하이킹화 KH8609,아디다스,adidas,https://image.msscdn.net/images/goods_img/20260812/7062486/7062486_17865266805032_500.jpg,https://www.musinsa.com/products/7062486,cdf6e2f9f3f253dde077302b19b85f107e5c5aab3c22f9fc3bec209d8d910803,,,,,,,,,,
MS4108944,shoes,직 클로그 - 애쉬 / 100221571,리복,reebok,https://image.msscdn.net/images/goods_img/20240507/4108944/4108944_17153023086297_500.jpg,https://www.musinsa.com/products/4108944,9ad68e84f01812581178a1d6db35bc7f2fcd2ef388c1354e87a47e4fafdbdbf4,,,,,,,,,,
MS4497489,shoes,리네아 스니커즈 412430001 (1.5cm/3colors),솔트앤초콜릿,saltandchocolate,https://image.msscdn.net/images/goods_img/20241008/4497489/4497489_17718341423653_500.png,https://www.musinsa.com/products/4497489,5664ca728a0886ae791296aa079198d88db8fcad87c607dafdc2b255ea20030f,,,,,,,,,,
MS7238754,shoes,포지 투웨이 뮬 부츠 _블랙 Forge Two-Way Mule Boots Black,블랙 퍼플,blackpurple,https://image.msscdn.net/images/goods_img/20260903/7238754/7238754_17890879371525_500.jpg,https://www.musinsa.com/products/7238754,136bb740100468ba0bfe83a0d2e99075239e169c476812b971ea3b56f5e45c66,,,,,,,,,,
MS6940444,shoes,Node Boots · 노드 부츠 / 카멜,스탠드오일,standoil,https://image.msscdn.net/images/goods_img/20260728/6940444/6940444_17882329233834_500.jpg,https://www.musinsa.com/products/6940444,4feb5963ff291ee27c1f06fdd5a6a3021f1524fabd0b0fcc84ff5974dfc8d3e3,,,,,,,,,,
MS7121531,shoes,레제르 라이트 도트 스니커즈 EBAL165521,엘리자베스 스튜어트,elizabethstuart,https://image.msscdn.net/images/goods_img/20260820/7121531/7121531_17894358202408_500.jpg,https://www.musinsa.com/products/7121531,55b63779ab84c8f1b0cc8b0e1b8c12d38ce7279f8c103e0544af19241e0a2c7e,,,,,,,,,,
MS7168663,shoes,우먼즈 셔링 발레리나 플랫 슈즈 [블랙],무신사 스탠다드 우먼,musinsastandardwoman,https://image.msscdn.net/images/goods_img/20260826/7168663/7168663_17894543880108_500.jpg,https://www.musinsa.com/products/7168663,25da9ca5002c58539d173ba05ad844a9c732b792e5c0a94ee558542442e60526,,,,,,,,,,
MS6886576,shoes,[키링사은품증정] 메이페어 - 블랙 터프티드 스웨이드 / 44090001,닥터마틴,drmartens,https://image.msscdn.net/images/goods_img/20260721/6886576/6886576_17870441303906_500.jpg,https://www.musinsa.com/products/6886576,0a54090f6679d10b98f758ba2a4ce8d80bdd98824da62ca31fa834a0da9d9225,,,,,,,,,,
MS3156291,shoes,dress (dark brown),페몬트,pemont,https://image.msscdn.net/images/goods_img/20230317/3156291/3156291_17730183780157_500.jpg,https://www.musinsa.com/products/3156291,05ba6035f11ba37fba3037ae4e65288da1c564d04c3b83565a7018273c0340b2,,,,,,,,,,
MS6976462,shoes,[스토커즈 pick] [6.5CM UP] 논슬립 러기드 스웨이드 뮬_블랙,트릴리온,trillion,https://image.msscdn.net/images/goods_img/20260802/6976462/6976462_17859011190578_500.jpg,https://www.musinsa.com/products/6976462,a1685a329255ddb150dc1c14ff5b31ab25d03ad716c029572dd21d1fc414055f,,,,,,,,,,
MS7143427,shoes,노바블라스트 6 GTX 남성 스탠다드 - 블랙:그래파이트 그레이 / 1011C256-001,아식스,asics,https://image.msscdn.net/images/goods_img/20260824/7143427/7143427_17875561562172_500.jpg,https://www.musinsa.com/products/7143427,a558aa1536e34a89f341b09eccbf0bf5f7af7d821290fe9c9ea89ab747644c67,,,,,,,,,,
MS7037353,shoes,클래식 뮬 - 토프 / 101260001,리복,reebok,https://image.msscdn.net/images/goods_img/20260810/7037353/7037353_17865875756811_500.jpg,https://www.musinsa.com/products/7037353,bf4134e7b7c3bbbd2f8e3ac53e842183f4739bab3cc9a44e0af2d7d96f11809a,,,,,,,,,,
MS2085603,shoes,clo2333 Everyday Square Flats - 2 Colors,프리플라,lifla,https://image.msscdn.net/images/goods_img/20210825/2085603/2085603_17585041277635_500.jpg,https://www.musinsa.com/products/2085603,ef45cb26fb0ca3e211732788ccfab3213a58afdffcdc7d8c89787190ce984f5b,,,,,,,,,,
MS7121525,shoes,카나 폴딩 커스텀 부츠 EBAL165524,엘리자베스 스튜어트,elizabethstuart,https://image.msscdn.net/images/goods_img/20260820/7121525/7121525_17872919372238_500.jpg,https://www.musinsa.com/products/7121525,f68a46d4491138ed0bf3c268c947720ccb155590a7078d53e7f60fec2a8840ba,,,,,,,,,,
MS3575081,shoes,라운드 토 라이더 플랫 롱부츠 412348002 (3.5cm/2colors),솔트앤초콜릿,saltandchocolate,https://image.msscdn.net/images/goods_img/20230919/3575081/3575081_17549779939717_500.jpg,https://www.musinsa.com/products/3575081,98fcf23169cab2f15ecea5143c33e6dd45fa9a289310fcceb96891fbd59549b3,,,,,,,,,,
MS7194756,shoes,클라우드 low 클래식 로퍼  2cm 무광버전,무드앤플,moodnple,https://image.msscdn.net/images/goods_img/20260828/7194756/7194756_17879033005209_500.jpg,https://www.musinsa.com/products/7194756,6cdb1f9fc333946147c017211b79a65899ac616d9a253cdcbc660f0e630708d7,,,,,,,,,,
MS5698874,shoes,밀레니오 테크 LT (40679103),푸마,puma,https://image.msscdn.net/images/goods_img/20251107/5698874/5698874_17624806222949_500.jpg,https://www.musinsa.com/products/5698874,872d4d64d3e479f8521520c14c0567ab0e5f3275e6b468512182e4e2caa9c6ba,,,,,,,,,,
