product_id,category,name,brand_name,brand,image_url,url,image_sha256,cut_type,cut_reviewer,cut_reviewed_at,gold_item_type,gold_fit,gold_length,gold_material,human_reviewer,reviewed_at,label_evidence,label_source,ai_reviewer,ai_reviewed_at,seller_evidence_url,seller_evidence_sha256,review_artifact_sha256
MS6955600,top,TRIPLE LAYERED MULTI WAY TOP IN NAVY,마뗑킴,matinkim,https://image.msscdn.net/images/goods_img/20260730/6955600/6955600_17857218106279_500.jpg,https://www.musinsa.com/products/6955600,ad2b804a44a3b7dfb1e36974bcc88c96884b79ef9f9cdfde5a98b27bb7cded37,flat,Codex (AI visual review; not human ground truth),2026-09-22,티셔츠,레귤러핏,기본 기장,other,,,"판매자 본문 레귤러핏, 총장 56/58cm. 겉감 레이온 68%·면 32%로 주 소재는 어휘 밖. 사진은 누끼컷.",ai_visual_review_with_seller_evidence,Codex (AI visual review; not human ground truth),2026-09-22,https://goods-detail.musinsa.com/api2/goods/6955600,c973850a13a986ce83d8822650bc7572f1d6ddca74cf9b66c0fcc65242e7f91d,41fd3c323a8ba6c5867cc26531745a89a73e0e2f73f2a7179295a72835305f09
MS7059554,top,슬럽 래글런 롱슬리브 [네이비],슬로우애시드,slowacid,https://image.msscdn.net/images/goods_img/20260812/7059554/7059554_17876361717388_500.jpg,https://www.musinsa.com/products/7059554,a118855518c2c70e03770739a52f67412a019df0542269687f7090f65a2097ca,flat,Codex (AI visual review; not human ground truth),2026-09-22,티셔츠,레귤러핏,unknown,unknown,,,판매자 핏 태그 레귤러. 추가 사진도 비착용. 총장과 섬유 조성은 확인 불가.,ai_visual_review_with_seller_evidence,Codex (AI visual review; not human ground truth),2026-09-22,https://goods-detail.musinsa.com/api2/goods/7059554,3cf9974cf58c28611eca649f06cb08dd8f991f29f928895d6cfc7e91d3dc398a,41fd3c323a8ba6c5867cc26531745a89a73e0e2f73f2a7179295a72835305f09
MS7088559,top,울 캐시미어 딥 브이넥 니트 탑 퍼플 MDKT138PURPLE,몽돌,mongdol,https://image.msscdn.net/images/goods_img/20260817/7088559/7088559_17894389606373_500.jpg,https://www.musinsa.com/products/7088559,a0a335c427b8b71448b2e64743803488221b8fe7e0bb3a8b9a3e9697df863e11,worn,Codex (AI visual review; not human ground truth),2026-09-22,니트,여유핏,기본 기장,니트,,,착용한 V넥 니트의 몸통이 여유 있고 밑단이 허리 아래. 판매자 분류 니트/스웨터.,ai_visual_review_with_seller_evidence,Codex (AI visual review; not human ground truth),2026-09-22,https://goods-detail.musinsa.com/api2/goods/7088559,17b33a20bfab2af5f133cee686807e90d1c2ceb4c0706f2dd1efe4839234a652,41fd3c323a8ba6c5867cc26531745a89a73e0e2f73f2a7179295a72835305f09
MS6968276,top,Double placket slim hoodie CHARCOAL,미세키서울,misekiseoul,https://image.msscdn.net/images/goods_img/20260731/6968276/6968276_17877244078964_500.jpg,https://www.musinsa.com/products/6968276,bbc918a1b575869d157b860dd08476e4e4bc69b1563eb058fc33afb3bc5724e5,worn,Codex (AI visual review; not human ground truth),2026-09-22,후드티,레귤러핏,unknown,unknown,,,후드 상의의 어깨와 몸통이 보통 여유. 앉은 자세와 소품 때문에 밑단을 확정할 수 없음.,ai_visual_review_with_seller_evidence,Codex (AI visual review; not human ground truth),2026-09-22,https://goods-detail.musinsa.com/api2/goods/6968276,d6a42e27b07ac5fc6923bd44298ea1ccfa42e633a9381cdce9d8f6065e09e2ab,41fd3c323a8ba6c5867cc26531745a89a73e0e2f73f2a7179295a72835305f09
MS7144038,top,BC 크랙 레이어드 롱 슬리브 (BURGUNDY),버닝카포네,burningcapone,https://image.msscdn.net/images/goods_img/20260824/7144038/7144038_17875479846653_500.jpg,https://www.musinsa.com/products/7144038,54c4a01aa4156bb17501769cc610cfe88e163e2ef9d1a1c7263574d0abbdd607,worn,Codex (AI visual review; not human ground truth),2026-09-22,티셔츠,오버핏,unknown,코튼,,,판매자 오버사이즈 태그와 코튼 95% 본문. 착용컷 밑단은 프레임 밖.,ai_visual_review_with_seller_evidence,Codex (AI visual review; not human ground truth),2026-09-22,https://goods-detail.musinsa.com/api2/goods/7144038,44ef2c77ae28cd039f71d0c3f1d656b38499cbc9dc9ca008791f2b54e658e233,41fd3c323a8ba6c5867cc26531745a89a73e0e2f73f2a7179295a72835305f09
MS5395163,top,[2PACK] 울 크롭 니트 카키멜 (+솔리드 크롭 티셔츠 증정),테이크이지,takeasy,https://image.msscdn.net/images/goods_img/20250903/5395163/5395163_17576401759546_500.jpg,https://www.musinsa.com/products/5395163,aec14e863d2018b7e6a13a5c26dc7fd66d63032361c3a8dae1cec1f12f888042,flat,Codex (AI visual review; not human ground truth),2026-09-22,니트,여유핏,크롭 기장,니트,,,"원본은 평면 니트. 별도 착용 사진에서 떨어지는 어깨와 여유 있는 몸통, 허리 벨트 부근의 짧은 밑단 확인.",ai_visual_review_with_seller_evidence,Codex (AI visual review; not human ground truth),2026-09-22,https://goods-detail.musinsa.com/api2/goods/5395163,16d11e6ae52aa35b5c916bda7f074af747ef8582074e298a723f815f337eeb09,41fd3c323a8ba6c5867cc26531745a89a73e0e2f73f2a7179295a72835305f09
MS7103342,top,[구효민 pick] 스트라이프 컬러 배색 사선 스냅 라운드넥 나그랑 롱슬리브 티셔츠 [차콜],썸플레이스,someplace,https://image.msscdn.net/images/goods_img/20260819/7103342/7103342_17871193839282_500.jpg,https://www.musinsa.com/products/7103342,b75c48a26516a9cfa89e6cf1760234e15e60d6780f61672995ba6ff3bb1252e9,worn,Codex (AI visual review; not human ground truth),2026-09-22,티셔츠,레귤러핏,기본 기장,unknown,,,래글런 티셔츠 몸통이 과도하게 넓지 않고 밑단은 허리 아래. 판매자 레귤러·루즈 복수 태그 중 사진 기준 레귤러; 경계 사례.,ai_visual_review_with_seller_evidence,Codex (AI visual review; not human ground truth),2026-09-22,https://goods-detail.musinsa.com/api2/goods/7103342,0f7fc6a85e73ab506bc49373c8ede41028a8856d357a57f5a4b5698e1759d4c6,41fd3c323a8ba6c5867cc26531745a89a73e0e2f73f2a7179295a72835305f09
MS7112643,top,절개 아일렛 롱슬리브 3color,퍼지스캔,otherside,https://image.msscdn.net/images/goods_img/20260820/7112643/7112643_17871861219969_500.jpg,https://www.musinsa.com/products/7112643,962274bd1b287434250d6f9f9eed606b495739e8face1ac24c4a641495fbe1d8,worn,Codex (AI visual review; not human ground truth),2026-09-22,티셔츠,레귤러핏,unknown,unknown,,,착용한 티셔츠의 몸통과 팔에 보통 여유. 하단이 잘려 기장 확인 불가.,ai_visual_review_with_seller_evidence,Codex (AI visual review; not human ground truth),2026-09-22,https://goods-detail.musinsa.com/api2/goods/7112643,be291721b4d5e1845b4f521671686d64ae4784d70e50960d95eaf29e455ce617,41fd3c323a8ba6c5867cc26531745a89a73e0e2f73f2a7179295a72835305f09
MS7104626,top,핀토 딥브이넥 니트 (라이트그레이),밀리언코르,millioncor,https://image.msscdn.net/images/goods_img/20260819/7104626/7104626_17871176449651_500.jpg,https://www.musinsa.com/products/7104626,6263acf8ff46b97f5333e0bd6137ff3b418b24e534b43ce189aa3c1e6603ece2,worn,Codex (AI visual review; not human ground truth),2026-09-22,니트,여유핏,기본 기장,니트,,,"V넥 니트의 넓은 몸통과 처지는 어깨, 골반 부근 밑단. 판매자 니트 분류.",ai_visual_review_with_seller_evidence,Codex (AI visual review; not human ground truth),2026-09-22,https://goods-detail.musinsa.com/api2/goods/7104626,bd3bf011e6e329144885616cb5edbc28e577522f8bd9d453ed6cf0a50243646e,41fd3c323a8ba6c5867cc26531745a89a73e0e2f73f2a7179295a72835305f09
MS7102714,top,[구효민 pick] 스트라이프 컬러 배색 버튼 베이직 롱 슬리브 후드 티셔츠  [블랙],썸플레이스,someplace,https://image.msscdn.net/images/goods_img/20260819/7102714/7102714_17884011257302_500.jpg,https://www.musinsa.com/products/7102714,123a502217a28697ff7a944b9dfbc93a1f21d57343fb041f87a55f72e1f5baf9,worn,Codex (AI visual review; not human ground truth),2026-09-22,후드티,레귤러핏,기본 기장,unknown,,,줄무늬 후드 상의는 몸통을 따라 떨어지고 밑단은 골반 부근. 판매자 후드 티셔츠 분류; 칼라 티셔츠로 오인하지 않음.,ai_visual_review_with_seller_evidence,Codex (AI visual review; not human ground truth),2026-09-22,https://goods-detail.musinsa.com/api2/goods/7102714,6f66367e9e48b7c371368a3aa17f8d5262c59c373bbec366ad85f0c18ff2237f,41fd3c323a8ba6c5867cc26531745a89a73e0e2f73f2a7179295a72835305f09
MS7119658,top,Check frill pintuck blouse_2colors,유라고,urago,https://image.msscdn.net/images/goods_img/20260820/7119658/7119658_17884017474932_500.jpg,https://www.musinsa.com/products/7119658,92094ec4a85a6dba000491392981330935d1e8bfa0f1f53dadd579779b930348,worn,Codex (AI visual review; not human ground truth),2026-09-22,블라우스,레귤러핏,기본 기장,코튼,,,"판매자 블라우스 분류·레귤러 태그·Cotton 100%, 총장 62cm. 착용 사진에서 프릴 여밈과 허리 아래 밑단 확인.",ai_visual_review_with_seller_evidence,Codex (AI visual review; not human ground truth),2026-09-22,https://goods-detail.musinsa.com/api2/goods/7119658,ac419da81335666e213de4f45e6191474b67f1fca4716b82f9de4102234994a6,41fd3c323a8ba6c5867cc26531745a89a73e0e2f73f2a7179295a72835305f09
MS7169307,top,[소프트얀] 딥 브이넥 니트_SPKWG49G01,스파오,spao,https://image.msscdn.net/images/goods_img/20260826/7169307/7169307_17891092581531_500.jpg,https://www.musinsa.com/products/7169307,ce9eb8177ed513ef9b68b8d95a83d13cb963c3e2db45eb2fcba0a6f4e5174f70,worn,Codex (AI visual review; not human ground truth),2026-09-22,니트,레귤러핏,unknown,니트,,,판매자 니트 분류. 몸통과 소매의 보통 여유. 밑단을 바지 안에 넣어 실제 기장 판정 보류.,ai_visual_review_with_seller_evidence,Codex (AI visual review; not human ground truth),2026-09-22,https://goods-detail.musinsa.com/api2/goods/7169307,8c0d74ce251ca3ce0089e4e01e60d64c537dc42f115ecad0790b54f4e34f5323,41fd3c323a8ba6c5867cc26531745a89a73e0e2f73f2a7179295a72835305f09
MS7131730,top,베이직 셔링 7부 티셔츠,인무드,inmood,https://image.msscdn.net/images/goods_img/20260821/7131730/7131730_17872949779651_500.jpg,https://www.musinsa.com/products/7131730,3f0e431514a1aefa52b82b482801499500f0f5eab06097d9b3582662aeb32e29,worn,Codex (AI visual review; not human ground truth),2026-09-22,티셔츠,슬림핏,기본 기장,unknown,,,판매자 본문 인체 곡선을 따라 슬림하게 밀착. 사진에서 몸통 셔링과 허리 아래 밑단 확인; 섬유 조성 없음.,ai_visual_review_with_seller_evidence,Codex (AI visual review; not human ground truth),2026-09-22,https://goods-detail.musinsa.com/api2/goods/7131730,46be2870c606833b6705a74f3c97949a273816f88333cb4724bb0f2aabb9c461,41fd3c323a8ba6c5867cc26531745a89a73e0e2f73f2a7179295a72835305f09
MS7079083,top,[김승환 콜라보] 롤업 버튼 울 헨리넥 니트_[LEMON],노이즈,noise,https://image.msscdn.net/images/goods_img/20260814/7079083/7079083_17881614940337_500.jpg,https://www.musinsa.com/products/7079083,05c65f42ddbbf269de0dcf24af646d80c44b63d1e99284c8cb8cc5477efb4689,flat,Codex (AI visual review; not human ground truth),2026-09-22,니트,여유핏,unknown,니트,,,누끼컷 니트. 별도 착용 사진에서 여유 있는 몸통·어깨 확인. 밑단을 넣어 실제 기장 보류.,ai_visual_review_with_seller_evidence,Codex (AI visual review; not human ground truth),2026-09-22,https://goods-detail.musinsa.com/api2/goods/7079083,9bbd8cd42c2bf1dae59c6199545c6741727480be7fac15fbf2ce9173ec138870,41fd3c323a8ba6c5867cc26531745a89a73e0e2f73f2a7179295a72835305f09
MS7126579,top,스터드 브이넥 스웻셔츠(블랙),오오엠엘,oel,https://image.msscdn.net/images/goods_img/20260821/7126579/7126579_17876339638988_500.jpg,https://www.musinsa.com/products/7126579,e76c42e4aca2af19c0da42b627d442c1208e85c211afb507e2271602f58a9699,worn,Codex (AI visual review; not human ground truth),2026-09-22,티셔츠,여유핏,기본 기장,unknown,,,판매자 맨투맨/스웨트셔츠 분류는 기존 프로젝트 어휘에서 티셔츠. 넓은 몸통과 골반 부근 밑단.,ai_visual_review_with_seller_evidence,Codex (AI visual review; not human ground truth),2026-09-22,https://goods-detail.musinsa.com/api2/goods/7126579,808248cc679ba82d4e905de74de86f353d114d2b835ff7b60ba0dfa3a91715a9,41fd3c323a8ba6c5867cc26531745a89a73e0e2f73f2a7179295a72835305f09
MS7039092,top,배색 레이어드 헨리넥 롱 슬리브_[NAVY],노이즈,noise,https://image.msscdn.net/images/goods_img/20260810/7039092/7039092_17872987076870_500.jpg,https://www.musinsa.com/products/7039092,ef9ea6be2b9b9e8a4c7017d2fccd7513794729011088b57e4524fb7736123be9,flat,Codex (AI visual review; not human ground truth),2026-09-22,티셔츠,여유핏,기본 기장,unknown,,,"별도 앞·뒤 착용 사진에서 어깨가 떨어지고 몸통에 여유, 밑단이 골반에 걸침. 판매자 긴소매 티셔츠 분류.",ai_visual_review_with_seller_evidence,Codex (AI visual review; not human ground truth),2026-09-22,https://goods-detail.musinsa.com/api2/goods/7039092,443d08033406014714834643cc15a0bc29f5e107548112bfb916a189e37a1d02,41fd3c323a8ba6c5867cc26531745a89a73e0e2f73f2a7179295a72835305f09
MS6980767,top,[크롭]골지 텍스처드 브이넥 긴팔 티셔츠-블랙,슈퍼서브,supersub,https://image.msscdn.net/images/goods_img/20260803/6980767/6980767_17866049048775_500.jpg,https://www.musinsa.com/products/6980767,1fb052411724940b7f16129404a87c52a0a81b7e92072439bd4fc618fc539027,worn,Codex (AI visual review; not human ground truth),2026-09-22,티셔츠,unknown,unknown,unknown,,,앉은 자세이고 팔이 겹쳐 몸통과 밑단이 가려짐. 판매자 슬림·레귤러 복수 태그만으로 한 핏을 확정하지 않음.,ai_visual_review_with_seller_evidence,Codex (AI visual review; not human ground truth),2026-09-22,https://goods-detail.musinsa.com/api2/goods/6980767,102b1843a24413c574e7249b3a5f879142546d0473bf8a57e233bfab6d94638e,41fd3c323a8ba6c5867cc26531745a89a73e0e2f73f2a7179295a72835305f09
MS7022626,top,C로고 오버핏 조그택 롱슬리브 티셔츠 Black,챔피온,champion,https://image.msscdn.net/images/goods_img/20260807/7022626/7022626_17881556835691_500.jpg,https://www.musinsa.com/products/7022626,e1050d70ce5762c37381d8ddd5f6568698bd24b4122adc8cca4622775e9b71f6,worn,Codex (AI visual review; not human ground truth),2026-09-22,티셔츠,여유핏,기본 기장,unknown,,,넓게 떨어지는 검정 티셔츠의 몸통과 골반 부근 밑단. 섬유 조성은 사진으로 확정하지 않음.,ai_visual_review_with_seller_evidence,Codex (AI visual review; not human ground truth),2026-09-22,https://goods-detail.musinsa.com/api2/goods/7022626,accb606f0c57e87b13ff6541883ec1c980a1fba8c84257de4f61771878c11b4e,41fd3c323a8ba6c5867cc26531745a89a73e0e2f73f2a7179295a72835305f09
MS7091145,top,Moti Raglan Top - Grey(Black),썸웨어버터,somewherebutter,https://image.msscdn.net/images/goods_img/20260818/7091145/7091145_17875340691461_500.jpg,https://www.musinsa.com/products/7091145,ec3b9669e85a033bd5201e4a0e368b64f2ce13b7a2d765b3e6a4e28b7940a463,worn,Codex (AI visual review; not human ground truth),2026-09-22,티셔츠,슬림핏,크롭 기장,unknown,,,착용 사진에서 몸통을 따라 붙는 실루엣과 허리 벨트 부근 짧은 밑단. 기장 경계 사례.,ai_visual_review_with_seller_evidence,Codex (AI visual review; not human ground truth),2026-09-22,https://goods-detail.musinsa.com/api2/goods/7091145,9e2c67ab8e237ba7b950bd6488c792e5652307c859ec918f53e5502a029de59c,41fd3c323a8ba6c5867cc26531745a89a73e0e2f73f2a7179295a72835305f09
MS7020447,top,Hook Collar Shirt - Black,락케이크,rockcake,https://image.msscdn.net/images/goods_img/20260807/7020447/7020447_17875471280586_500.jpg,https://www.musinsa.com/products/7020447,c1319b7233f3900ad404ee3742271f14cf4668a49d28c5b6595369425aed7b51,worn,Codex (AI visual review; not human ground truth),2026-09-22,폴로 셔츠,슬림핏,크롭 기장,unknown,,,타이트한 몸통과 드러난 복부. 판매자 피케/카라 티셔츠 분류.,ai_visual_review_with_seller_evidence,Codex (AI visual review; not human ground truth),2026-09-22,https://goods-detail.musinsa.com/api2/goods/7020447,ba685bb32e789a23cc6a0f540a9873860a2c7fe3516afcd7b18e2594333fbf94,41fd3c323a8ba6c5867cc26531745a89a73e0e2f73f2a7179295a72835305f09
MS7037384,top,플러피 브러쉬 카라 니트 [BROWN],드로우핏,drawfit,https://image.msscdn.net/images/goods_img/20260810/7037384/7037384_17878816797236_500.jpg,https://www.musinsa.com/products/7037384,ff2dd657d2e83982dd33081f33ff77ab0ae8714fac653cdbbb1ed1c5b6dfdacb,worn,Codex (AI visual review; not human ground truth),2026-09-22,니트,레귤러핏,기본 기장,니트,,,"판매자 니트 분류. 몸통에 보통 여유, 밑단이 셔츠 위 골반에 걸침.",ai_visual_review_with_seller_evidence,Codex (AI visual review; not human ground truth),2026-09-22,https://goods-detail.musinsa.com/api2/goods/7037384,a05588194666a5df77373467a291857e56e34d1010729c833a83b50ec3ed8352,41fd3c323a8ba6c5867cc26531745a89a73e0e2f73f2a7179295a72835305f09
MS7011235,top,[적립금 10%] 폴로 베어 코튼 리넨 스웨터-네이비,폴로 랄프 로렌,poloralphlauren,https://image.msscdn.net/images/goods_img/20260806/7011235/7011235_17872894292193_500.jpg,https://www.musinsa.com/products/7011235,aa829e067a0b155bb7bbaacb5c28f01df975e66bc8f530c5c59722f1bbb6347c,flat,Codex (AI visual review; not human ground truth),2026-09-22,니트,unknown,unknown,니트,,,누끼컷과 추가 편직 확대 사진으로 니트 구조 확인. 착용 사진이나 핏 정보는 확보하지 못함.,ai_visual_review_with_seller_evidence,Codex (AI visual review; not human ground truth),2026-09-22,https://goods-detail.musinsa.com/api2/goods/7011235,778a190dc2dacb6bb622aab7c4d615f49350feb689dc13292f0d9b653903f2cb,41fd3c323a8ba6c5867cc26531745a89a73e0e2f73f2a7179295a72835305f09
MS7009217,top,Button collar pk knit [FRFA05NT01]_Wine,프리버07,friver07,https://image.msscdn.net/images/goods_img/20260806/7009217/7009217_17875539014866_500.jpg,https://www.musinsa.com/products/7009217,acaf9de2a9e09c2054c21681b2c60da86fa7d8fb5d19c50cc3db604090ea0494,worn,Codex (AI visual review; not human ground truth),2026-09-22,니트,여유핏,크롭 기장,니트,,,넓은 몸통의 니트 밑단이 허리 부근에서 끝나고 안쪽 회색 상의가 그 아래 드러남.,ai_visual_review_with_seller_evidence,Codex (AI visual review; not human ground truth),2026-09-22,https://goods-detail.musinsa.com/api2/goods/7009217,5224e527a47486263f2fcc2374b0def31b7c0d57898e41f807680550020c1946,41fd3c323a8ba6c5867cc26531745a89a73e0e2f73f2a7179295a72835305f09
MS7035556,top,[한빛 PICK] Hines deep v-neck sweatshirt - Red,어패럴아카이브,apparelarchive,https://image.msscdn.net/images/goods_img/20260810/7035556/7035556_17873016365277_500.jpg,https://www.musinsa.com/products/7035556,a7a6abf29e9b3776d6c64ea583f030822ad197ee3a16c1ccd518d59da605b83f,worn,Codex (AI visual review; not human ground truth),2026-09-22,티셔츠,여유핏,기본 기장,코튼,,,"판매자 본문 여유 있는 핏·총장 62cm·Cotton 60%, Polyester 40%. 맨투맨은 프로젝트 티셔츠 어휘로 통일.",ai_visual_review_with_seller_evidence,Codex (AI visual review; not human ground truth),2026-09-22,https://goods-detail.musinsa.com/api2/goods/7035556,c1a17591536381934015399661c64778f481cb1eaa903d749ad7462584597edb,41fd3c323a8ba6c5867cc26531745a89a73e0e2f73f2a7179295a72835305f09
MS7095366,top,에센셜 하프 집업 후디 [OATMEAL],레더리,leathery,https://image.msscdn.net/images/goods_img/20260818/7095366/7095366_17872895398078_500.jpg,https://www.musinsa.com/products/7095366,87f6b4cc6f3712eb22dba59a78f1f7f08ad6104632d8e4948fbc8620e3bf67a5,worn,Codex (AI visual review; not human ground truth),2026-09-22,후드티,여유핏,기본 기장,니트,,,후드가 있는 상의의 뚜렷한 편직 구조와 여유 있는 몸통. 밑단은 바지 허리 아래.,ai_visual_review_with_seller_evidence,Codex (AI visual review; not human ground truth),2026-09-22,https://goods-detail.musinsa.com/api2/goods/7095366,50a3d0d22c4246f57e9cea4be0b3cde921c1ff2e880cb74ef526dac194af7d14,41fd3c323a8ba6c5867cc26531745a89a73e0e2f73f2a7179295a72835305f09
MS7122627,top,워셔블 크롭 헨리넥 니트_6color,트릴리온,trillion,https://image.msscdn.net/images/prd_img/20260820/7122627/detail_7122627_17882594283297_500.jpg,https://www.musinsa.com/products/7122627,2ff0bdc11bbfe809176cbb79d9ddf5bf957f22c16184c34e592a5eac99b0e7db,flat,Codex (AI visual review; not human ground truth),2026-09-22,니트,레귤러핏,unknown,니트,,,판매자 니트/스웨터 분류 및 레귤러 태그. 추가 컷도 누끼이므로 착용 기장 보류.,ai_visual_review_with_seller_evidence,Codex (AI visual review; not human ground truth),2026-09-22,https://goods-detail.musinsa.com/api2/goods/7122627,f0f0fecea21b25697c20f0f947a7980f9cb654e30098144145de3c04d1338ebe,41fd3c323a8ba6c5867cc26531745a89a73e0e2f73f2a7179295a72835305f09
MS7202665,top,시티피치핀블라우스 (KYBL2606308),피그먼트,pigment,https://image.msscdn.net/images/goods_img/20260831/7202665/7202665_17881498660220_500.jpg,https://www.musinsa.com/products/7202665,1934a997f7aae21814bde4f337f138aa963d04ace2363c75a48c5874a41fba77,worn,Codex (AI visual review; not human ground truth),2026-09-22,블라우스,레귤러핏,unknown,unknown,,,판매자 블라우스 분류 및 레귤러 태그. 상의를 넣어 입고 어깨에 다른 옷을 걸쳐 기장·소재 판정 보류.,ai_visual_review_with_seller_evidence,Codex (AI visual review; not human ground truth),2026-09-22,https://goods-detail.musinsa.com/api2/goods/7202665,b1c1f2b0102ce0c38f38c5e536004836a326b432a717fcf7b3da31c516631e16,41fd3c323a8ba6c5867cc26531745a89a73e0e2f73f2a7179295a72835305f09
MS6998131,top,Daily Soft Slim Raglan Tee_CTT3039(Navy),씨타,citta,https://image.msscdn.net/images/goods_img/20260805/6998131/6998131_17889139362378_500.jpg,https://www.musinsa.com/products/6998131,b5d0639ca874623f4d0a290e1fdc94f15642d95960bc533ce18c7d97526dea9f,worn,Codex (AI visual review; not human ground truth),2026-09-22,티셔츠,슬림핏,크롭 기장,unknown,,,몸통에 붙는 티셔츠와 복부가 드러나는 짧은 밑단.,ai_visual_review_with_seller_evidence,Codex (AI visual review; not human ground truth),2026-09-22,https://goods-detail.musinsa.com/api2/goods/6998131,337748be76cbacd6d3317012dd2c7b82bb3ec5f152a5b5aff725d31f918feb30,41fd3c323a8ba6c5867cc26531745a89a73e0e2f73f2a7179295a72835305f09
MS6996599,top,무드 스탠다드 베이직 스웻셔츠 아이보리,리브레너,rebrenner,https://image.msscdn.net/images/goods_img/20260805/6996599/6996599_17878863259549_500.jpg,https://www.musinsa.com/products/6996599,38ef5546e8e4b369f88e8eb33ada2249dbc605fd54873a66cbf29a894a2da5e1,worn,Codex (AI visual review; not human ground truth),2026-09-22,티셔츠,여유핏,기본 기장,unknown,,,"넓은 몸통과 여유 있는 소매, 골반 부근 밑단. 판매자 맨투맨은 프로젝트 티셔츠 어휘로 통일.",ai_visual_review_with_seller_evidence,Codex (AI visual review; not human ground truth),2026-09-22,https://goods-detail.musinsa.com/api2/goods/6996599,2924a2cf287fa17f576cd590996e149ca0959f74fc61951c0b6c826da035de18,41fd3c323a8ba6c5867cc26531745a89a73e0e2f73f2a7179295a72835305f09
MS7131782,top,캐시미어 딥 브이넥 니트 / CASHMERE DEEP V-NECK KNIT_3colors,룩캐스트,lookast,https://image.msscdn.net/images/goods_img/20260821/7131782/7131782_17884829330149_500.jpg,https://www.musinsa.com/products/7131782,c79d2111257bfe2d9c8f8675e56011c0a98fd96decb0f019f9a3761dd1bf74fa,worn,Codex (AI visual review; not human ground truth),2026-09-22,니트,여유핏,unknown,니트,,,판매자 니트 분류. 넓은 몸통·처지는 소매. 밑단을 넣어 실제 기장 보류.,ai_visual_review_with_seller_evidence,Codex (AI visual review; not human ground truth),2026-09-22,https://goods-detail.musinsa.com/api2/goods/7131782,97775027e4059d435c1538e17bdb1274c797624f3199706f3d051a77c0555e2e,41fd3c323a8ba6c5867cc26531745a89a73e0e2f73f2a7179295a72835305f09
MS7020436,top,Pinched Cowl Top - Ivory,락케이크,rockcake,https://image.msscdn.net/images/goods_img/20260807/7020436/7020436_17875335036022_500.jpg,https://www.musinsa.com/products/7020436,40a446189e784d6162312ca9ff3fbb9352b18ced8ae76462d101e8c7c388327a,worn,Codex (AI visual review; not human ground truth),2026-09-22,티셔츠,슬림핏,기본 기장,unknown,,,드레이프된 상의가 몸통을 따라 붙고 밑단이 바지 허리 아래까지 내려옴. 광택만으로 실크라고 단정하지 않음.,ai_visual_review_with_seller_evidence,Codex (AI visual review; not human ground truth),2026-09-22,https://goods-detail.musinsa.com/api2/goods/7020436,d8c11b4b0aee8bfeb4b25820c4daaf6f8b915d6797d0fd9136ed7751960c0f37,41fd3c323a8ba6c5867cc26531745a89a73e0e2f73f2a7179295a72835305f09
MS7067907,top,트라이벌 프린트 롱 슬리브 티 (핑크),허그유어스킨,hugyourskin,https://image.msscdn.net/images/goods_img/20260813/7067907/7067907_17895480224220_500.jpg,https://www.musinsa.com/products/7067907,bcabb1ecd4bc7eca577b32cd5c21a771ad50e343e8cdc1f42f00463b22097375,worn,Codex (AI visual review; not human ground truth),2026-09-22,티셔츠,슬림핏,기본 기장,unknown,,,"몸통을 따라 붙는 연분홍 티셔츠, 골반 위 밑단. 섬유 조성 미확인.",ai_visual_review_with_seller_evidence,Codex (AI visual review; not human ground truth),2026-09-22,https://goods-detail.musinsa.com/api2/goods/7067907,a808a66d9efbadef0913095743ead157f47061898187e70c9ca1f31a667a5fba,41fd3c323a8ba6c5867cc26531745a89a73e0e2f73f2a7179295a72835305f09
MS7013343,top,FLOWER V NECK TEE [GREEN],에이이에이이,aeae,https://image.msscdn.net/images/goods_img/20260806/7013343/7013343_17885086142487_500.jpg,https://www.musinsa.com/products/7013343,77aa761c1453371b55cbc4cf6409b7a85ff9924f27870388d2c99044a98f790a,worn,Codex (AI visual review; not human ground truth),2026-09-22,티셔츠,슬림핏,크롭 기장,unknown,,,몸통에 붙는 무늬 티셔츠의 밑단 아래 복부가 드러남.,ai_visual_review_with_seller_evidence,Codex (AI visual review; not human ground truth),2026-09-22,https://goods-detail.musinsa.com/api2/goods/7013343,4e3dbdc27ee35dd3a1c28de6f219765ec2328ce2e17e301f352f5c7dca42cbd0,41fd3c323a8ba6c5867cc26531745a89a73e0e2f73f2a7179295a72835305f09
MS7049937,top,플레인 브이넥 울 니트 멜란지 그레이,미치코런던 코시노,michikolondon,https://image.msscdn.net/images/goods_img/20260811/7049937/7049937_17871051088273_500.jpg,https://www.musinsa.com/products/7049937,35c6ca89748cf887719f0b14d45b15a0523e22cbd1907b063ccfc3e7afa4ec9d,worn,Codex (AI visual review; not human ground truth),2026-09-22,니트,여유핏,unknown,니트,,,판매자 루즈 태그·니트 분류. 팔이 겹치고 밑단이 사진 아래에 걸려 기장 보류.,ai_visual_review_with_seller_evidence,Codex (AI visual review; not human ground truth),2026-09-22,https://goods-detail.musinsa.com/api2/goods/7049937,e544c261f97f8df9c307daf2c4a7e7cdbda6d7b7af36d28278f1db9f246f7131,41fd3c323a8ba6c5867cc26531745a89a73e0e2f73f2a7179295a72835305f09
MS5901879,bottom,핀턱 D링 스웻팬츠 (블랙),테이크이지,takeasy,https://image.msscdn.net/images/goods_img/20260116/5901879/5901879_17731059125843_500.jpg,https://www.musinsa.com/products/5901879,dce84de0c153e0ac8e3b8979addfb37afe3db626751d145b063271388905cc2b,worn,Codex (AI visual review; not human ground truth),2026-09-22,조거·스웨트팬츠,와이드핏,롱·긴바지 기장,unknown,,,트레이닝 바지의 넓은 양 다리와 신발 위까지 내려오는 밑단. 소재 조성 미확인.,ai_visual_review_with_seller_evidence,Codex (AI visual review; not human ground truth),2026-09-22,https://goods-detail.musinsa.com/api2/goods/5901879,6dee5219c00cb931778c6dc8d48e7015469a6dbfa7b9ccfc6790c14604ceb73f,41fd3c323a8ba6c5867cc26531745a89a73e0e2f73f2a7179295a72835305f09
MS7161042,bottom,VLAD 원턱 커브드 트랙 팬츠_(3심볼 저지) 블랙&아이보리,디미트리블랙,dimitriblack,https://image.msscdn.net/images/goods_img/20260825/7161042/7161042_17879097376793_500.png,https://www.musinsa.com/products/7161042,8cd490518ea5507d6e0144e0619c74f440a3eb893edadcec13beac641759af68,worn,Codex (AI visual review; not human ground truth),2026-09-22,조거·스웨트팬츠,와이드핏,롱·긴바지 기장,unknown,,,옆줄 트레이닝 바지의 넓은 다리와 바닥 부근 밑단.,ai_visual_review_with_seller_evidence,Codex (AI visual review; not human ground truth),2026-09-22,https://goods-detail.musinsa.com/api2/goods/7161042,36a9e982c32bdf42c096e892d2ee054c302ea9d65b19ec6e803297922d18428d,41fd3c323a8ba6c5867cc26531745a89a73e0e2f73f2a7179295a72835305f09
MS6907192,bottom,Vintage Rugged Grain Double-Knee Pants,9999아카이브,9999archive,https://image.msscdn.net/images/goods_img/20260723/6907192/6907192_17884164484415_500.jpg,https://www.musinsa.com/products/6907192,8d34be5c4dc2cf1abf51996d0bb6535e5ac801eb0c6e8a03933714fc7b5035a3,worn,Codex (AI visual review; not human ground truth),2026-09-22,치노 팬츠,와이드핏,롱·긴바지 기장,코튼,,,"판매자 코튼 팬츠 분류. 무릎과 종아리에 넓은 여유, 발등 위 밑단.",ai_visual_review_with_seller_evidence,Codex (AI visual review; not human ground truth),2026-09-22,https://goods-detail.musinsa.com/api2/goods/6907192,761aba5d7e1bd5d55fe98996be7e8c1e3f0f65edc123d097aea9b5aa5f44137f,41fd3c323a8ba6c5867cc26531745a89a73e0e2f73f2a7179295a72835305f09
MS7156288,bottom,로웰 커브드 벨티드 슬랙스 (블랙),그레이블러밧,grayblvd,https://image.msscdn.net/images/goods_img/20260825/7156288/7156288_17876354490053_500.jpg,https://www.musinsa.com/products/7156288,16c3493e39db19ec7dd9fa1cca5390222896d8e8f28152b9642d01493103b1c0,worn,Codex (AI visual review; not human ground truth),2026-09-22,슬랙스,와이드핏,롱·긴바지 기장,unknown,,,슬랙스의 넓고 곧은 다리와 발등을 덮는 밑단. 섬유 조성 미확인.,ai_visual_review_with_seller_evidence,Codex (AI visual review; not human ground truth),2026-09-22,https://goods-detail.musinsa.com/api2/goods/7156288,5502006580b3f100b96469469e207e1279a173c9667a7771f384c4cff60d873e,41fd3c323a8ba6c5867cc26531745a89a73e0e2f73f2a7179295a72835305f09
MS858911,bottom,와이드 데님 팬츠 (LIGHT BLUE),토피,toffee,https://image.msscdn.net/images/goods_img/20180914/858911/858911_6_500.jpg,https://www.musinsa.com/products/858911,8bc676d3ae177e65482bc877efbc3a7259db48c3ac256d868cfbf51e137f0ec2,worn,Codex (AI visual review; not human ground truth),2026-09-22,청바지,스트레이트핏,롱·긴바지 기장,데님,,,판매자 데님 팬츠 분류와 사진의 청색 워싱. 다리가 곧고 발등까지 내려옴.,ai_visual_review_with_seller_evidence,Codex (AI visual review; not human ground truth),2026-09-22,https://goods-detail.musinsa.com/api2/goods/858911,d61c3e7fe7908e0b0199c9d6c25c1528241940d77d9b955842e37ba4751cf1a6,41fd3c323a8ba6c5867cc26531745a89a73e0e2f73f2a7179295a72835305f09
MS3816971,bottom,파라슈트 CP코튼 팬츠 6 COLOR COOSPT216,커스텀어클락,costumeoclock,https://image.msscdn.net/images/goods_img/20240123/3816971/3816971_17853946614676_500.jpg,https://www.musinsa.com/products/3816971,1d0d0ec0039af60f738b62e7f41cd664ffa56400a5bfff0a5dee6dabaa3aa1f1,worn,Codex (AI visual review; not human ground truth),2026-09-22,치노 팬츠,와이드핏,롱·긴바지 기장,코튼,,,판매자 코튼 팬츠 분류. 원본의 검정 바지 다리가 넓고 신발까지 내려옴. 본문 CP데님 언급은 일부 다른 색상 한정이므로 데님 정답에 사용하지 않음.,ai_visual_review_with_seller_evidence,Codex (AI visual review; not human ground truth),2026-09-22,https://goods-detail.musinsa.com/api2/goods/3816971,6bb94f115013989eec35b79d99a7dec440f85ad29d4690b0723c9308755442f1,41fd3c323a8ba6c5867cc26531745a89a73e0e2f73f2a7179295a72835305f09
MS5908776,bottom,Painter Wide Pants DCPT070Olive,데케트,decet,https://image.msscdn.net/images/goods_img/20260119/5908776/5908776_17860822332316_500.jpg,https://www.musinsa.com/products/5908776,571201bf6b3debb5d7b1be67a2f0f9fc2956e159ce998630e3641ae8b954ae78,worn,Codex (AI visual review; not human ground truth),2026-09-22,치노 팬츠,와이드핏,롱·긴바지 기장,코튼,,,판매자 코튼 팬츠 분류. 여유 있는 갈색 바지의 다리 폭과 신발 위 밑단.,ai_visual_review_with_seller_evidence,Codex (AI visual review; not human ground truth),2026-09-22,https://goods-detail.musinsa.com/api2/goods/5908776,99fb97e99508ca04ab1e5e700153b0eb709bec37bd6d2a147e1d7afd804d8bab,41fd3c323a8ba6c5867cc26531745a89a73e0e2f73f2a7179295a72835305f09
MS7057797,bottom,1735 ETERNAL BLACK JEANS [WIDE STRAIGHT],브랜디드,branded,https://image.msscdn.net/images/goods_img/20260812/7057797/7057797_17878930629462_500.jpg,https://www.musinsa.com/products/7057797,5726116f96edaa1220732df683a6a71fa21beecc22377ae5ea21ba7edcce0b06,worn,Codex (AI visual review; not human ground truth),2026-09-22,청바지,와이드핏,롱·긴바지 기장,데님,,,판매자 데님 팬츠 분류. 검정 데님의 넓은 다리와 발등에 쌓이는 밑단.,ai_visual_review_with_seller_evidence,Codex (AI visual review; not human ground truth),2026-09-22,https://goods-detail.musinsa.com/api2/goods/7057797,d212cc45c9ebb81686efdb78b4c144c3030298ee6ea7650c6de121161ea73532,41fd3c323a8ba6c5867cc26531745a89a73e0e2f73f2a7179295a72835305f09
MS7059610,bottom,NOISE DEPT 이글 와이드 스웨트 팬츠-프렌치블루,슈퍼서브,supersub,https://image.msscdn.net/images/goods_img/20260812/7059610/7059610_17885007584610_500.jpg,https://www.musinsa.com/products/7059610,055b45b9ed598fd29fbd62c021db80a6d9379ac1cda5c99ebd980e690a6de7da,worn,Codex (AI visual review; not human ground truth),2026-09-22,조거·스웨트팬츠,와이드핏,롱·긴바지 기장,unknown,,,큰 폭의 트레이닝 바지가 발을 덮음. 소재 조성은 미확인.,ai_visual_review_with_seller_evidence,Codex (AI visual review; not human ground truth),2026-09-22,https://goods-detail.musinsa.com/api2/goods/7059610,f922e98f203f98cbd7a24a94af6f0c5007b234e787cd9f57539953195644154f,41fd3c323a8ba6c5867cc26531745a89a73e0e2f73f2a7179295a72835305f09
MS7141921,bottom,솔리드 레귤러 스트레이트 치노 팬츠,피인오,pino,https://image.msscdn.net/images/goods_img/20260824/7141921/7141921_17884326457303_500.jpg,https://www.musinsa.com/products/7141921,df47c89474e422170990083c60fce8034f56fc6598c87dbe0b2b1b1cd08783f6,worn,Codex (AI visual review; not human ground truth),2026-09-22,치노 팬츠,스트레이트핏,롱·긴바지 기장,코튼,,,판매자 코튼 팬츠 분류. 갈색 바지가 비교적 일정한 폭으로 곧게 내려와 신발 위에 닿음.,ai_visual_review_with_seller_evidence,Codex (AI visual review; not human ground truth),2026-09-22,https://goods-detail.musinsa.com/api2/goods/7141921,ce3055022f2f5c55a21259106d94ded08783e7e9866552b7bcf95595267d8a48,41fd3c323a8ba6c5867cc26531745a89a73e0e2f73f2a7179295a72835305f09
MS7134099,bottom,스몰 포켓 레이어드 스웻팬츠 틸블루,이스케이프프롬,escapefrom,https://image.msscdn.net/images/goods_img/20260821/7134099/7134099_17878861294235_500.jpg,https://www.musinsa.com/products/7134099,e8a0e158ca6cd60290965c4643140bde46ea715fe01ade9bde253458ba669122,worn,Codex (AI visual review; not human ground truth),2026-09-22,조거·스웨트팬츠,와이드핏,롱·긴바지 기장,unknown,,,파란 트레이닝 바지의 큰 다리 폭과 발등까지 내려오는 밑단. 섬유 조성 미확인.,ai_visual_review_with_seller_evidence,Codex (AI visual review; not human ground truth),2026-09-22,https://goods-detail.musinsa.com/api2/goods/7134099,22e62862e7ac0928549c107d4746520f96478a00a9a8c91eab340329bd18fa05,41fd3c323a8ba6c5867cc26531745a89a73e0e2f73f2a7179295a72835305f09
MS7036641,bottom,WXP104 츠기타비 레이스 벌룬 팬츠 (PLUM),루나키후,xtonzwoman,https://image.msscdn.net/images/goods_img/20260810/7036641/7036641_17883240666692_500.jpg,https://www.musinsa.com/products/7036641,410c1d9e35fd13e5931d2f381f921f2a7709be693b007e21426f5076f72289a5,worn,Codex (AI visual review; not human ground truth),2026-09-22,치노 팬츠,와이드핏,롱·긴바지 기장,코튼,,,판매자 코튼 팬츠 분류. 갈색 바지의 넓은 다리와 발등에 쌓이는 기장.,ai_visual_review_with_seller_evidence,Codex (AI visual review; not human ground truth),2026-09-22,https://goods-detail.musinsa.com/api2/goods/7036641,208cfee29a580f84f8f48d5fc6760385b5555eb80c1173edd6cd78aa8195ae85,41fd3c323a8ba6c5867cc26531745a89a73e0e2f73f2a7179295a72835305f09
MS7218468,bottom,더블 웨이스트 비즈 스웻 팬츠_3 COLOR,유젠,euggen,https://image.msscdn.net/images/goods_img/20260901/7218468/7218468_17888420616016_500.jpg,https://www.musinsa.com/products/7218468,7da968d4262a8cce662f4fccab5cf5f17096110295226cde075d91a54b26e3e8,worn,Codex (AI visual review; not human ground truth),2026-09-22,조거·스웨트팬츠,와이드핏,롱·긴바지 기장,unknown,,,사진에서 양 다리가 넓고 신발 위까지 내려옴. 판매자 레귤러 태그는 착용 여유 표현이며 하의 다리 모양 라벨과 구분.,ai_visual_review_with_seller_evidence,Codex (AI visual review; not human ground truth),2026-09-22,https://goods-detail.musinsa.com/api2/goods/7218468,e7e70aea62b8e32aaf4b2562b7e4b8e78c12ebee76d5d5c2bf54cb1917d5e9b9,41fd3c323a8ba6c5867cc26531745a89a73e0e2f73f2a7179295a72835305f09
MS7011736,bottom,[미캣 pick] 레오파드 배색 아일렛 스트랩 포인트 포시즌 와이드 오버핏 데님 팬츠 [흑청],플레이스 스튜디오,placestudio,https://image.msscdn.net/images/goods_img/20260806/7011736/7011736_17871240283637_500.jpg,https://www.musinsa.com/products/7011736,fcdda54314cb4e157c7f28db1c65e1a585de61f8341629e326f3f77b2e0834ed,worn,Codex (AI visual review; not human ground truth),2026-09-22,청바지,와이드핏,롱·긴바지 기장,데님,,,판매자 데님 팬츠 분류. 넓은 워싱 데님 다리가 신발 위까지 내려옴.,ai_visual_review_with_seller_evidence,Codex (AI visual review; not human ground truth),2026-09-22,https://goods-detail.musinsa.com/api2/goods/7011736,58e4caef4fcaf9e1e8ed444b810d8b2c9896a62bc661dfd13fdf9d7de4c91690,41fd3c323a8ba6c5867cc26531745a89a73e0e2f73f2a7179295a72835305f09
MS7049603,bottom,워시드 코튼 팬츠 딥 카키,미치코런던 코시노,michikolondon,https://image.msscdn.net/images/goods_img/20260811/7049603/7049603_17871036019529_500.jpg,https://www.musinsa.com/products/7049603,3acc7604ea97d89250b9764c9d7e27ffe000a3acf477f5c27175b35103ac7ac4,worn,Codex (AI visual review; not human ground truth),2026-09-22,치노 팬츠,와이드핏,롱·긴바지 기장,코튼,,,"판매자 코튼 팬츠 분류. 여유 있는 일자에 가까운 넓은 다리, 발등을 덮는 밑단.",ai_visual_review_with_seller_evidence,Codex (AI visual review; not human ground truth),2026-09-22,https://goods-detail.musinsa.com/api2/goods/7049603,2753b74ace042b804f82aa2d85a74d62ef2bc89e647e2d7fbd14921cd9388be0,41fd3c323a8ba6c5867cc26531745a89a73e0e2f73f2a7179295a72835305f09
MS6525758,bottom,우먼즈 플레어 히든 밴딩 슬랙스 [그레이],무신사 스탠다드 우먼,musinsastandardwoman,https://image.msscdn.net/images/goods_img/20260521/6525758/6525758_17877314517029_500.jpg,https://www.musinsa.com/products/6525758,1e1d2462352ec8a3527b4c02fbea687e5b86e09990dfe88d2b86868662a92e88,worn,Codex (AI visual review; not human ground truth),2026-09-22,슬랙스,플레어핏,롱·긴바지 기장,unknown,,,슬랙스의 무릎 아래가 퍼지는 형태와 신발을 덮는 긴 밑단. 섬유 조성 미확인.,ai_visual_review_with_seller_evidence,Codex (AI visual review; not human ground truth),2026-09-22,https://goods-detail.musinsa.com/api2/goods/6525758,e74cc24a399eee83f1567a775f9a8f293eafa4b534e98fd72de69e75b74bc51c,41fd3c323a8ba6c5867cc26531745a89a73e0e2f73f2a7179295a72835305f09
MS6888121,bottom,로턴 스티치 트랙 팬츠 네이비,세터,satur,https://image.msscdn.net/images/goods_img/20260721/6888121/6888121_17866727597440_500.jpg,https://www.musinsa.com/products/6888121,a66f850ae497c1d8563f09bca3af09d0e609d117b8bda98c87c7b121c3cd02dd,worn,Codex (AI visual review; not human ground truth),2026-09-22,조거·스웨트팬츠,와이드핏,롱·긴바지 기장,unknown,,,옆줄 트레이닝 바지의 넓은 다리와 신발 위 밑단.,ai_visual_review_with_seller_evidence,Codex (AI visual review; not human ground truth),2026-09-22,https://goods-detail.musinsa.com/api2/goods/6888121,38576d367f93febc5f8bbfdce0fc220835b0d263874bdc1b1df5717c41087303,41fd3c323a8ba6c5867cc26531745a89a73e0e2f73f2a7179295a72835305f09
MS7223695,bottom,워시드 코튼 팬츠 토프 브라운,미치코런던 코시노,michikolondon,https://image.msscdn.net/images/goods_img/20260902/7223695/7223695_17890998400128_500.jpg,https://www.musinsa.com/products/7223695,4ba1b7e29a2f809fdd03a2080d31ab93a1e76072d61d9f969d9b665f904c3f6f,worn,Codex (AI visual review; not human ground truth),2026-09-22,치노 팬츠,와이드핏,롱·긴바지 기장,코튼,,,판매자 코튼 팬츠 분류. 걸을 때도 넓게 유지되는 다리와 발등을 덮는 밑단.,ai_visual_review_with_seller_evidence,Codex (AI visual review; not human ground truth),2026-09-22,https://goods-detail.musinsa.com/api2/goods/7223695,24d9e264a40cba425e2326571145a468a87bc3f6312f2c2ed7d902b95035ffa4,41fd3c323a8ba6c5867cc26531745a89a73e0e2f73f2a7179295a72835305f09
MS7201103,bottom,Balloonfit Pants(F) / WHTMG4993F,후아유,whoau,https://image.msscdn.net/images/goods_img/20260831/7201103/7201103_17882237475400_500.jpg,https://www.musinsa.com/products/7201103,49007fb6f56260a12982befc6fb62ced5a5fe21491816252c371776adb0f12cd,worn,Codex (AI visual review; not human ground truth),2026-09-22,조거·스웨트팬츠,와이드핏,롱·긴바지 기장,unknown,,,앉아 있지만 넓은 두 다리와 신발에 닿는 밑단이 보임. 소재 조성 미확인.,ai_visual_review_with_seller_evidence,Codex (AI visual review; not human ground truth),2026-09-22,https://goods-detail.musinsa.com/api2/goods/7201103,2fa43196f9a09255ded1a4923af1c4dd754bf0313f4b6d77db332c658d8b4c8f,41fd3c323a8ba6c5867cc26531745a89a73e0e2f73f2a7179295a72835305f09
MS7184913,bottom,피치넬리팬츠 - 브라운,토마스모어,thomasmore,https://image.msscdn.net/images/goods_img/20260827/7184913/7184913_17879039508027_500.jpg,https://www.musinsa.com/products/7184913,7b520f735baa23c0160129a743329555017bbe14a03033b30c75163bd0eb3011,flat,Codex (AI visual review; not human ground truth),2026-09-22,치노 팬츠,와이드핏,unknown,코튼,,,판매자 코튼 팬츠 분류 및 본문의 와이드 스트레이트핏 확인. 평면컷만으로 착용 기장은 보류.,ai_visual_review_with_seller_evidence,Codex (AI visual review; not human ground truth),2026-09-22,https://goods-detail.musinsa.com/api2/goods/7184913,c99f5a6f82a6603a7e1b852ab235545789c7575f3821243e59c5b586be61efdb,41fd3c323a8ba6c5867cc26531745a89a73e0e2f73f2a7179295a72835305f09
MS7074036,bottom,니 패치 워시드 코튼 팬츠_4color,트릴리온,trillion,https://image.msscdn.net/images/goods_img/20260813/7074036/7074036_17877371321211_500.jpg,https://www.musinsa.com/products/7074036,c91cad8f1be78b327fce2a1bf3cffefbdc68b7f175d8f2884d234849673465ab,worn,Codex (AI visual review; not human ground truth),2026-09-22,치노 팬츠,와이드핏,롱·긴바지 기장,코튼,,,판매자 코튼 팬츠 분류. 넓은 녹색 바지의 양 다리와 발등 위 밑단.,ai_visual_review_with_seller_evidence,Codex (AI visual review; not human ground truth),2026-09-22,https://goods-detail.musinsa.com/api2/goods/7074036,8b75568bb336478e03f87bb4473d55f3c5920e4a3c74a37f1d89e611eeefedff,41fd3c323a8ba6c5867cc26531745a89a73e0e2f73f2a7179295a72835305f09
MS6967919,bottom,[레이 PICK] [레이 PICK] Side fly layered bootscut pants BLACK,미세키서울,misekiseoul,https://image.msscdn.net/images/goods_img/20260731/6967919/6967919_17877251977716_500.jpg,https://www.musinsa.com/products/6967919,669fd34b62f50655a7c1d1006553db551d63a166e52f49a96313fd538d4f5b33,worn,Codex (AI visual review; not human ground truth),2026-09-22,치노 팬츠,플레어핏,롱·긴바지 기장,코튼,,,판매자 코튼 팬츠 분류. 허벅지는 좁고 무릎 아래부터 퍼져 신발까지 덮는 형태.,ai_visual_review_with_seller_evidence,Codex (AI visual review; not human ground truth),2026-09-22,https://goods-detail.musinsa.com/api2/goods/6967919,ef10841c81f78e687b05d7879e900e6573a8c17ddd79181e0d1446819a26d6ec,41fd3c323a8ba6c5867cc26531745a89a73e0e2f73f2a7179295a72835305f09
MS7024441,bottom,스터드 핀 턱 카고 부츠컷 팬츠 [블랙],헬레네파리스,heleneparis,https://image.msscdn.net/images/goods_img/20260807/7024441/7024441_17877095890440_500.jpg,https://www.musinsa.com/products/7024441,47c2f0ce9494b2892842ebcc1beca6b3a1ff0a0c9c1ec48ac1674a6b4b3ae1a8,worn,Codex (AI visual review; not human ground truth),2026-09-22,치노 팬츠,플레어핏,롱·긴바지 기장,코튼,,,판매자 본문 부츠컷·코튼 원단·롱 기장. 카고 포켓이 보이지만 품목 어휘는 기존 판매자 코튼→치노 매핑을 사용.,ai_visual_review_with_seller_evidence,Codex (AI visual review; not human ground truth),2026-09-22,https://goods-detail.musinsa.com/api2/goods/7024441,615800f7d3cc078cba8bed6e291dba37504927d54809a6f0dd9384666c2cff83,41fd3c323a8ba6c5867cc26531745a89a73e0e2f73f2a7179295a72835305f09
MS6830515,bottom,타스 카펜터 치노 팬츠 (페이드 블루),파브레가,fabregat,https://image.msscdn.net/images/goods_img/20260713/6830515/6830515_17875324510527_500.jpg,https://www.musinsa.com/products/6830515,3fc1de0d53cbefe04655d9cabc7ef6dbd73b3bc2bd0f9901ccc82eecccef1f51,flat,Codex (AI visual review; not human ground truth),2026-09-22,치노 팬츠,unknown,unknown,코튼,,,판매자 코튼 팬츠 분류. 평면 사진만 있고 핏·기장 상세는 없으므로 판정 보류.,ai_visual_review_with_seller_evidence,Codex (AI visual review; not human ground truth),2026-09-22,https://goods-detail.musinsa.com/api2/goods/6830515,f7c3b4d831f293c5076621340c51a29b4ce2a1f9336894f6d5c5323994c31ea5,41fd3c323a8ba6c5867cc26531745a89a73e0e2f73f2a7179295a72835305f09
MS7059599,bottom,크로스 심볼 그래픽 와이드 스웨트 팬츠-블랙,슈퍼서브,supersub,https://image.msscdn.net/images/goods_img/20260812/7059599/7059599_17885010399710_500.jpg,https://www.musinsa.com/products/7059599,26d8409d740a135d832696ae649ccbef17f30703a4a6dc8d8aaf0dfc8d6b0f65,worn,Codex (AI visual review; not human ground truth),2026-09-22,조거·스웨트팬츠,와이드핏,롱·긴바지 기장,unknown,,,트레이닝 바지의 넓은 몸통·다리와 신발 위에 모이는 밑단.,ai_visual_review_with_seller_evidence,Codex (AI visual review; not human ground truth),2026-09-22,https://goods-detail.musinsa.com/api2/goods/7059599,4734259016a418542b7993384eba85995a2f2ad8d04ef2895cfaca5fd0786a79,41fd3c323a8ba6c5867cc26531745a89a73e0e2f73f2a7179295a72835305f09
MS7107117,bottom,[AW] Santiago Slacks (Khaki Brown),어나더 오피스,anotheroffice,https://image.msscdn.net/images/goods_img/20260819/7107117/7107117_17878786252399_500.jpg,https://www.musinsa.com/products/7107117,d57f4420a7a373da1154c5e4c06e627a09b43d96451974c9ba61887e453540b3,worn,Codex (AI visual review; not human ground truth),2026-09-22,슬랙스,와이드핏,롱·긴바지 기장,other,,,판매자 와이드핏 슬랙스 설명. 겉감은 폴리에스터·레이온·폴리우레탄으로 어휘 밖; 안감 코튼을 겉감으로 오인하지 않음.,ai_visual_review_with_seller_evidence,Codex (AI visual review; not human ground truth),2026-09-22,https://goods-detail.musinsa.com/api2/goods/7107117,93b706d76a9f76a93f2d6f90a65efa6b92f9aca9e1b5725fe881757339cc81ca,41fd3c323a8ba6c5867cc26531745a89a73e0e2f73f2a7179295a72835305f09
MS7058000,bottom,CLASSIC EASY SWEATPANTS YELLOW,아메스 월드와이드,amesworldwide,https://image.msscdn.net/images/goods_img/20260812/7058000/7058000_17871998019400_500.jpg,https://www.musinsa.com/products/7058000,0a2513bfe1057a350e257c262a20d9069780d29d81d7f2e804134e5ab58cc413,worn,Codex (AI visual review; not human ground truth),2026-09-22,조거·스웨트팬츠,와이드핏,롱·긴바지 기장,unknown,,,노란 트레이닝 바지가 넓고 발등까지 내려옴. 섬유 조성 미확인.,ai_visual_review_with_seller_evidence,Codex (AI visual review; not human ground truth),2026-09-22,https://goods-detail.musinsa.com/api2/goods/7058000,fce2e274757a853533e4a450a55191437e92cf87d33187660827615977e6bdb3,41fd3c323a8ba6c5867cc26531745a89a73e0e2f73f2a7179295a72835305f09
MS5999956,bottom,CUT-OUT DOUBLE WAIST SWEAT PANTS_GREY,길라아카이브,gilaarchive,https://image.msscdn.net/images/goods_img/20260209/5999956/5999956_17720875498019_500.jpg,https://www.musinsa.com/products/5999956,c53249c9315d803c9d36f15f3920bc0d21783febbc197e70853b7a8133ac2b16,worn,Codex (AI visual review; not human ground truth),2026-09-22,조거·스웨트팬츠,와이드핏,롱·긴바지 기장,unknown,,,회색 트레이닝 바지가 넓고 신발 위까지 내려옴. 회색이라는 이유로 코튼으로 추정하지 않음.,ai_visual_review_with_seller_evidence,Codex (AI visual review; not human ground truth),2026-09-22,https://goods-detail.musinsa.com/api2/goods/5999956,70721710a5092922b304e14c2acf9e92399c0417d872d4f6f68b7ff2205307a8,41fd3c323a8ba6c5867cc26531745a89a73e0e2f73f2a7179295a72835305f09
MS7036867,bottom,레인 와이드 트랙 팬츠 : 2컬러,인템포무드,intempomood,https://image.msscdn.net/images/goods_img/20260810/7036867/7036867_17882487141875_500.jpg,https://www.musinsa.com/products/7036867,ed72238a110cee10944fea827150b742d7af38a49e533cf27a806608df22dbf7,worn,Codex (AI visual review; not human ground truth),2026-09-22,트랙팬츠,와이드핏,롱·긴바지 기장,other,,,같은 상품의 두 색상 착용컷. 판매자 본문 트랙 팬츠·Nylon 100%; 주 겉감은 어휘 밖. 두 색상 모두 긴 와이드 형태.,ai_visual_review_with_seller_evidence,Codex (AI visual review; not human ground truth),2026-09-22,https://goods-detail.musinsa.com/api2/goods/7036867,b480afdbe28c1af7150ba6189d4310a3e185b44669860acca3b180fcb6957c83,41fd3c323a8ba6c5867cc26531745a89a73e0e2f73f2a7179295a72835305f09
MS7223556,bottom,웜 텍스쳐 패턴 팬츠 스트라이프,미치코런던 코시노,michikolondon,https://image.msscdn.net/images/goods_img/20260902/7223556/7223556_17890987996779_500.jpg,https://www.musinsa.com/products/7223556,91693135df56a444c4b882196f6df5d4ccad24c45b33a1c2ded02fb972055b82,worn,Codex (AI visual review; not human ground truth),2026-09-22,other,와이드핏,롱·긴바지 기장,unknown,,,판매자 기타 바지 분류. 다리가 넓고 바닥까지 내려오지만 섬유와 세부 품목은 확인 불가.,ai_visual_review_with_seller_evidence,Codex (AI visual review; not human ground truth),2026-09-22,https://goods-detail.musinsa.com/api2/goods/7223556,dc0bbbec7e93aa04ec2a74a93e12ab134e41a34592680613be58a858e9315033,41fd3c323a8ba6c5867cc26531745a89a73e0e2f73f2a7179295a72835305f09
MS7066721,bottom,26 FW 스트레이트 카치온 팬츠 (3컬러),효지,hyojinoriko,https://image.msscdn.net/images/goods_img/20260813/7066721/7066721_17878170312683_500.jpg,https://www.musinsa.com/products/7066721,006edb35a9322d63330de15f93a36387137c9af0196efbc07ccdd20016080f17,worn,Codex (AI visual review; not human ground truth),2026-09-22,치노 팬츠,스트레이트핏,롱·긴바지 기장,코튼,,,판매자 코튼 팬츠 분류. 베이지 바지 다리가 과도하게 퍼지지 않고 곧게 신발까지 내려옴.,ai_visual_review_with_seller_evidence,Codex (AI visual review; not human ground truth),2026-09-22,https://goods-detail.musinsa.com/api2/goods/7066721,d05453d7e82d9a7d91adece2bd169501a37e4c4eb49a7daac57109dc9d3f64e4,41fd3c323a8ba6c5867cc26531745a89a73e0e2f73f2a7179295a72835305f09
MS7074548,bottom,[12oz] 워시드 와이드 데님 팬츠_3color,드릭스,drix,https://image.msscdn.net/images/goods_img/20260813/7074548/7074548_17884127579113_500.jpg,https://www.musinsa.com/products/7074548,accda0fe548824a82b8956e5156cf095687894c1150cc05881d959d37ece53db,worn,Codex (AI visual review; not human ground truth),2026-09-22,청바지,와이드핏,롱·긴바지 기장,데님,,,판매자 데님 팬츠 분류와 사진의 워싱 조직. 넓은 다리와 신발 위 밑단.,ai_visual_review_with_seller_evidence,Codex (AI visual review; not human ground truth),2026-09-22,https://goods-detail.musinsa.com/api2/goods/7074548,36e9cad9a7e29d0a5595a5580d2770ea2d2aa9051ccaea2a8ac3c578bc6c43a0,41fd3c323a8ba6c5867cc26531745a89a73e0e2f73f2a7179295a72835305f09
MS7079957,bottom,미니멀 컴포트 밴딩 팬츠 블랙,수아레,suare,https://image.msscdn.net/images/goods_img/20260814/7079957/7079957_17866891975622_500.jpg,https://www.musinsa.com/products/7079957,b21eccab5ca6ac5e34ee5f850df568fce2b8cba6005808c473d22ddf407382c5,worn,Codex (AI visual review; not human ground truth),2026-09-22,슬랙스,와이드핏,롱·긴바지 기장,unknown,,,판매자 슬랙스 분류. 넓은 검정 바지 다리와 신발 위 밑단. 소재 조성 미확인.,ai_visual_review_with_seller_evidence,Codex (AI visual review; not human ground truth),2026-09-22,https://goods-detail.musinsa.com/api2/goods/7079957,45cdaf4c0ffbcabb1a56848b437866c5e7efe442207f6a891ce6bbf5b8b084d3,41fd3c323a8ba6c5867cc26531745a89a73e0e2f73f2a7179295a72835305f09
MS7095129,bottom,에스닉심볼 피그먼트 스웨트팬츠 다크그레이,꼼파뇨,compagno,https://image.msscdn.net/images/goods_img/20260818/7095129/7095129_17871335715468_500.jpg,https://www.musinsa.com/products/7095129,02ea5da9b96a93c9c140420167cc5c81f8bb0f5798b782cf607fe63db2bbf7ad,worn,Codex (AI visual review; not human ground truth),2026-09-22,조거·스웨트팬츠,와이드핏,롱·긴바지 기장,unknown,,,프린트 트레이닝 바지의 넓은 다리와 신발을 덮는 밑단. 섬유 조성 미확인.,ai_visual_review_with_seller_evidence,Codex (AI visual review; not human ground truth),2026-09-22,https://goods-detail.musinsa.com/api2/goods/7095129,1d94711ec2bdb92b8b7bf4c3e6a23f11bad83deb601378cd9fc6bca8bb1ebe64,41fd3c323a8ba6c5867cc26531745a89a73e0e2f73f2a7179295a72835305f09
MS7121357,shoes,오데트 핀턱 발레코어 플랫 슈즈 브라운 FL2926,플로리다 스튜디오,floridastudio,https://image.msscdn.net/images/goods_img/20260820/7121357/7121357_17872165182309_500.jpg,https://www.musinsa.com/products/7121357,941e624b49d754342f37d5c7569e529df011ce26cc8ee47888b52075d5fae7fd,flat,Codex (AI visual review; not human ground truth),2026-09-22,other,not_applicable,not_applicable,가죽,,,비착용 갈색 플랫 구두의 매끈한 가죽 계열 표면. 천연·합성 여부는 구분하지 않음. 플랫 슈즈 품목은 평가 어휘 밖.,ai_visual_review_with_seller_evidence,Codex (AI visual review; not human ground truth),2026-09-22,https://goods-detail.musinsa.com/api2/goods/7121357,3669b2c5b35ca49b83a1b1db5a6d068d0672a940f947e5f126a0a98f31506e55,41fd3c323a8ba6c5867cc26531745a89a73e0e2f73f2a7179295a72835305f09
MS7105295,shoes,버클 폴딩 미들부츠 4cm(HPWXAFFV01 RE) HPWXAGF902,슈펜,shoopen,https://image.msscdn.net/images/goods_img/20260819/7105295/7105295_17890979240524_500.jpg,https://www.musinsa.com/products/7105295,10880cc3ae6c4ef31c75afff4b75348e5e2bb0933e9b0f7b5140ba0a1de891b1,worn,Codex (AI visual review; not human ground truth),2026-09-22,부츠,not_applicable,not_applicable,스웨이드,,,착용한 베이지 부츠의 짧은 기모와 무광 질감. 소재군 판정이며 섬유 조성 확인은 아님.,ai_visual_review_with_seller_evidence,Codex (AI visual review; not human ground truth),2026-09-22,https://goods-detail.musinsa.com/api2/goods/7105295,ad8c655c73e8a749c154da64edcb5c5247e132935cc36651678d9f461d1ffb8a,41fd3c323a8ba6c5867cc26531745a89a73e0e2f73f2a7179295a72835305f09
MS6445810,shoes,에어 맥스 모토 2K W - 그레이 포그:메탈릭 실버:화이트 / HQ2056-011,나이키,nike,https://image.msscdn.net/images/goods_img/20260508/6445810/6445810_17852858293686_500.jpg,https://www.musinsa.com/products/6445810,23611795f00fda18f17109315f4369a8dc686dec26be50f7f2ba3df1d4837489,flat,Codex (AI visual review; not human ground truth),2026-09-22,스니커즈,not_applicable,not_applicable,메시,,,비착용 운동화의 넓은 망사 갑피. 은색 보강재의 조성은 확정하지 않음.,ai_visual_review_with_seller_evidence,Codex (AI visual review; not human ground truth),2026-09-22,https://goods-detail.musinsa.com/api2/goods/6445810,2cc333b202c5959b1e72a36c3134bd5ed2a4032832e7e923bf182c66ff972b5b,41fd3c323a8ba6c5867cc26531745a89a73e0e2f73f2a7179295a72835305f09
MS6931960,shoes,슬립캣 발레 - 캐스트 아이언:섀도우 그레이 / 410524-02,푸마,puma,https://image.msscdn.net/images/goods_img/20260727/6931960/6931960_17875642152869_500.jpg,https://www.musinsa.com/products/6931960,0040b8f5c6d8a93feeccf92fd205555dbe85912ed0e1980d6c28110d6cc45e5c,flat,Codex (AI visual review; not human ground truth),2026-09-22,스니커즈,not_applicable,not_applicable,스웨이드,,,회색 비착용 스니커즈의 기모 있는 무광 갑피. 판매자 스니커즈 분류.,ai_visual_review_with_seller_evidence,Codex (AI visual review; not human ground truth),2026-09-22,https://goods-detail.musinsa.com/api2/goods/6931960,d86e3f4aaf593292ac25b96e20d2d57e03baf99be4358c2211923fff4a286d9e,41fd3c323a8ba6c5867cc26531745a89a73e0e2f73f2a7179295a72835305f09
MS3911166,shoes,라운드 토 페니 로퍼 412419004 (3.7cm/2colors),솔트앤초콜릿,saltandchocolate,https://image.msscdn.net/images/goods_img/20240228/3911166/3911166_17726009232219_500.png,https://www.musinsa.com/products/3911166,4836a5a352aab847e091b1b1519b0dbbe5ee097f9b1adc9de39dba89baadfdda,worn,Codex (AI visual review; not human ground truth),2026-09-22,로퍼,not_applicable,not_applicable,가죽,,,착용한 검정 로퍼의 매끈한 가죽 계열 갑피. 양말 길이는 신발 기장으로 기록하지 않음.,ai_visual_review_with_seller_evidence,Codex (AI visual review; not human ground truth),2026-09-22,https://goods-detail.musinsa.com/api2/goods/3911166,78900740ae7eedd43a7bf3005b88debe16a257ecacf6aba5fe27914177e8d36e,41fd3c323a8ba6c5867cc26531745a89a73e0e2f73f2a7179295a72835305f09
MS5290797,shoes,다트머스 더블버클 셔링 부츠 FL1925,플로리다 스튜디오,floridastudio,https://image.msscdn.net/images/goods_img/20250804/5290797/5290797_17542928614836_500.jpg,https://www.musinsa.com/products/5290797,742d240624c9ca8def2ab50df1e27d70bdfc839a4620c8a933f2601fbd5e2fb0,worn,Codex (AI visual review; not human ground truth),2026-09-22,부츠,not_applicable,not_applicable,가죽,,,착용한 버클 부츠의 매끈한 가죽 계열 갑피.,ai_visual_review_with_seller_evidence,Codex (AI visual review; not human ground truth),2026-09-22,https://goods-detail.musinsa.com/api2/goods/5290797,d66a90765a6c3f871e8860426f50d9521a0975c9d4b33f84463838d365da9d22,41fd3c323a8ba6c5867cc26531745a89a73e0e2f73f2a7179295a72835305f09
MS7067337,shoes,HYS x RMMV 스파이럴 플랫폼 메리 제인 (블랙),허그유어스킨,hugyourskin,https://image.msscdn.net/images/goods_img/20260813/7067337/7067337_17871432320973_500.jpg,https://www.musinsa.com/products/7067337,49e0b5f57afaacb626ff3f49652bd44013288b50b4b0b2658e20c25609b55479,flat,Codex (AI visual review; not human ground truth),2026-09-22,메리제인,not_applicable,not_applicable,스웨이드,,,비착용 메리제인 플랫폼의 벨벳처럼 짧은 기모가 있는 무광 갑피.,ai_visual_review_with_seller_evidence,Codex (AI visual review; not human ground truth),2026-09-22,https://goods-detail.musinsa.com/api2/goods/7067337,34382c11e6b7d4f7b093e1c63d5e4247e49edbeeacc742f36d75b97ce039d7f7,41fd3c323a8ba6c5867cc26531745a89a73e0e2f73f2a7179295a72835305f09
MS7276916,shoes,NBPDGF717B / U530JPB (BLACK),뉴발란스,newbalance,https://image.msscdn.net/images/goods_img/20260908/7276916/7276916_17889187390391_500.jpg,https://www.musinsa.com/products/7276916,a4e69de8b5a747b424efc803c05a3f16430ee72dbdeb0d42a1ea58dfad0e2832,flat,Codex (AI visual review; not human ground truth),2026-09-22,스니커즈,not_applicable,not_applicable,unknown,,,검정 운동화에 여러 보강재가 섞여 있어 축소 사진만으로 주 소재를 확정하지 않음.,ai_visual_review_with_seller_evidence,Codex (AI visual review; not human ground truth),2026-09-22,https://goods-detail.musinsa.com/api2/goods/7276916,63fc6436950d85425eedea6f739c30f9e87e60a085bd67c5ec621f987aee3856,41fd3c323a8ba6c5867cc26531745a89a73e0e2f73f2a7179295a72835305f09
MS6266243,shoes,(공용) 엔돌핀 엘리트 2 - 스플래시:파이어 / S30994-131,써코니,saucony,https://image.msscdn.net/images/goods_img/20260407/6266243/6266243_17889454046284_500.jpg,https://www.musinsa.com/products/6266243,d15a5b5d90c98d5df97b22d0cc2fbf13299f2028bb4aa6daa035ed0d363a7adc,flat,Codex (AI visual review; not human ground truth),2026-09-22,러닝화,not_applicable,not_applicable,메시,,,비착용 러닝화의 통기성 망사 갑피가 뚜렷함.,ai_visual_review_with_seller_evidence,Codex (AI visual review; not human ground truth),2026-09-22,https://goods-detail.musinsa.com/api2/goods/6266243,8acd5ec7464f21b7e1fb4246102a8184b6f9a1486a22e3d49e0f805b21d57aad,41fd3c323a8ba6c5867cc26531745a89a73e0e2f73f2a7179295a72835305f09
MS2897209,shoes,클럽 C 85 - 화이트:블랙 / GZ1605,리복,reebok,https://image.msscdn.net/images/goods_img/20221027/2897209/2897209_17878167034310_500.jpg,https://www.musinsa.com/products/2897209,d2025d4e1407e2394e8140c7b5b6f25a7f45f41e35d1d4d752b4991f1806a0cb,flat,Codex (AI visual review; not human ground truth),2026-09-22,스니커즈,not_applicable,not_applicable,가죽,,,비착용 흰 스니커즈의 매끈한 가죽 계열 갑피. 천연·합성 여부는 미판정.,ai_visual_review_with_seller_evidence,Codex (AI visual review; not human ground truth),2026-09-22,https://goods-detail.musinsa.com/api2/goods/2897209,050937b2d80d995b5da520627a9a790015ad10ac1ba84488827ab084f93a550d,41fd3c323a8ba6c5867cc26531745a89a73e0e2f73f2a7179295a72835305f09
MS7121326,shoes,만다린 벨티드 미들부츠 블랙 FL1426,플로리다 스튜디오,floridastudio,https://image.msscdn.net/images/goods_img/20260820/7121326/7121326_17875327438440_500.jpg,https://www.musinsa.com/products/7121326,ff3c70e282687305435c125c2b65c5c4d4c6e74951ed14249491a769166adea2,worn,Codex (AI visual review; not human ground truth),2026-09-22,부츠,not_applicable,not_applicable,가죽,,,착용한 검정 부츠의 광택 있는 가죽 계열 표면.,ai_visual_review_with_seller_evidence,Codex (AI visual review; not human ground truth),2026-09-22,https://goods-detail.musinsa.com/api2/goods/7121326,66e4661aa7169a991604a9bac609e9b83b0f489bc43a5867af53679cb299aaa1,41fd3c323a8ba6c5867cc26531745a89a73e0e2f73f2a7179295a72835305f09
MS4430193,shoes,[미누의코디 x 식스핏] [+6.5cm] BOLD CHUNKY WALLABEE-BLACK,식스핏,6ft,https://image.msscdn.net/images/goods_img/20240911/4430193/4430193_17276835800389_500.jpg,https://www.musinsa.com/products/4430193,414b96116b2edd6dfe19cb3fd51e1666d6e83811ace2b690254673e435aa230e,worn,Codex (AI visual review; not human ground truth),2026-09-22,other,not_applicable,not_applicable,스웨이드,,,착용한 모카신의 기모 있는 갑피. 모카신 품목은 평가 어휘 밖.,ai_visual_review_with_seller_evidence,Codex (AI visual review; not human ground truth),2026-09-22,https://goods-detail.musinsa.com/api2/goods/4430193,2ba3820dc3a3410f8eb0b4240084a2ad7be26793c090dc4305147cc70c70dbe1,41fd3c323a8ba6c5867cc26531745a89a73e0e2f73f2a7179295a72835305f09
MS7173809,shoes,링클 투웨이 스틸레토 부츠_블랙  Wrinkled 2Way Stiletto Boots_Black,파시온,pasion,https://image.msscdn.net/images/goods_img/20260826/7173809/7173809_17890940439326_500.jpg,https://www.musinsa.com/products/7173809,f2df5e2f6d875103102b0121e450707ff10fbcf8532bb4f5ae140c518785ba46,flat,Codex (AI visual review; not human ground truth),2026-09-22,부츠,not_applicable,not_applicable,스웨이드,,,비착용 검정 부츠의 얼룩처럼 방향에 따라 달라지는 기모 질감.,ai_visual_review_with_seller_evidence,Codex (AI visual review; not human ground truth),2026-09-22,https://goods-detail.musinsa.com/api2/goods/7173809,c6f073bd4d75e3f94e857e6380818231dca269fd70bd140b0e735109269cf26f,41fd3c323a8ba6c5867cc26531745a89a73e0e2f73f2a7179295a72835305f09
MS1645143,shoes,Goofy 3Color 청키 워커 4.5Cm,마크모크,macmoc,https://image.msscdn.net/images/goods_img/20201013/1645143/1645143_17411407631631_500.jpg,https://www.musinsa.com/products/1645143,6f1451b95d9ea4d20ffeca0467568c495be0fb8517ade1a78d67ea63e2a8e226,worn,Codex (AI visual review; not human ground truth),2026-09-22,부츠,not_applicable,not_applicable,가죽,,,착용한 레이스업 부츠의 가죽 계열 갑피.,ai_visual_review_with_seller_evidence,Codex (AI visual review; not human ground truth),2026-09-22,https://goods-detail.musinsa.com/api2/goods/1645143,eb0c8708c019611bd0bbcf2fe98d8a76d7dd1fcb940636a68db42e172f019966,41fd3c323a8ba6c5867cc26531745a89a73e0e2f73f2a7179295a72835305f09
MS7141948,shoes,[레이 PICK] Folding tabi sneakers CHARCOAL,미세키서울,misekiseoul,https://image.msscdn.net/images/goods_img/20260824/7141948/7141948_17875383048052_500.jpg,https://www.musinsa.com/products/7141948,0ba6ec2a1bdaf49dc41942da84cbeb3032b5cad7ccf27a61e1979fabb05d570f,flat,Codex (AI visual review; not human ground truth),2026-09-22,스니커즈,not_applicable,not_applicable,unknown,,,비착용 검정 스니커즈의 갑피가 작게 보여 섬유·가죽 구분 보류.,ai_visual_review_with_seller_evidence,Codex (AI visual review; not human ground truth),2026-09-22,https://goods-detail.musinsa.com/api2/goods/7141948,332f140cbdc269ea20810d48b71b49f0f268c170019cfeef42c7c821d05184b2,41fd3c323a8ba6c5867cc26531745a89a73e0e2f73f2a7179295a72835305f09
MS7062486,shoes,테렉스 프리하이커 SL 고어텍스 하이킹화 KH8609,아디다스,adidas,https://image.msscdn.net/images/goods_img/20260812/7062486/7062486_17865266805032_500.jpg,https://www.musinsa.com/products/7062486,cdf6e2f9f3f253dde077302b19b85f107e5c5aab3c22f9fc3bec209d8d910803,flat,Codex (AI visual review; not human ground truth),2026-09-22,other,not_applicable,not_applicable,unknown,,,판매자 트레킹화 분류. 갑피가 여러 소재로 구성되어 확정 보류; 트레킹화 품목은 평가 어휘 밖.,ai_visual_review_with_seller_evidence,Codex (AI visual review; not human ground truth),2026-09-22,https://goods-detail.musinsa.com/api2/goods/7062486,162043228a24b328eb1588ee386f724a623455c17c74c9b56ff6c8ff98c26c2c,41fd3c323a8ba6c5867cc26531745a89a73e0e2f73f2a7179295a72835305f09
MS4108944,shoes,직 클로그 - 애쉬 / 100221571,리복,reebok,https://image.msscdn.net/images/goods_img/20240507/4108944/4108944_17153023086297_500.jpg,https://www.musinsa.com/products/4108944,9ad68e84f01812581178a1d6db35bc7f2fcd2ef388c1354e87a47e4fafdbdbf4,flat,Codex (AI visual review; not human ground truth),2026-09-22,샌들,not_applicable,not_applicable,other,,,일체형 성형 클로그. 고무·발포수지 계열의 표면은 의류 소재 어휘 밖. 판매자 샌들 분류를 사용.,ai_visual_review_with_seller_evidence,Codex (AI visual review; not human ground truth),2026-09-22,https://goods-detail.musinsa.com/api2/goods/4108944,e4b167ab6cc54e750307503109008f88290f05dd37853f8929d54f1cd16562e0,41fd3c323a8ba6c5867cc26531745a89a73e0e2f73f2a7179295a72835305f09
MS4497489,shoes,리네아 스니커즈 412430001 (1.5cm/3colors),솔트앤초콜릿,saltandchocolate,https://image.msscdn.net/images/goods_img/20241008/4497489/4497489_17718341423653_500.png,https://www.musinsa.com/products/4497489,5664ca728a0886ae791296aa079198d88db8fcad87c607dafdc2b255ea20030f,worn,Codex (AI visual review; not human ground truth),2026-09-22,스니커즈,not_applicable,not_applicable,unknown,,,착용한 연한 색 리본 운동화. 광택만으로 새틴·실크를 확정하지 않음.,ai_visual_review_with_seller_evidence,Codex (AI visual review; not human ground truth),2026-09-22,https://goods-detail.musinsa.com/api2/goods/4497489,77cff10085fb5d46e7f7fa8f56bbb21a9aeeed4dc21e8165fea5340e16df24bd,41fd3c323a8ba6c5867cc26531745a89a73e0e2f73f2a7179295a72835305f09
MS7238754,shoes,포지 투웨이 뮬 부츠 _블랙 Forge Two-Way Mule Boots Black,블랙 퍼플,blackpurple,https://image.msscdn.net/images/goods_img/20260903/7238754/7238754_17890879371525_500.jpg,https://www.musinsa.com/products/7238754,136bb740100468ba0bfe83a0d2e99075239e169c476812b971ea3b56f5e45c66,flat,Codex (AI visual review; not human ground truth),2026-09-22,부츠,not_applicable,not_applicable,가죽,,,비착용 버클 롱부츠의 매끈한 무광 가죽 계열 표면.,ai_visual_review_with_seller_evidence,Codex (AI visual review; not human ground truth),2026-09-22,https://goods-detail.musinsa.com/api2/goods/7238754,2dd571f6ddb518c70b7062beb8bbb656b267b2eaaa669d59c112be1e18ccbe7d,41fd3c323a8ba6c5867cc26531745a89a73e0e2f73f2a7179295a72835305f09
MS6940444,shoes,Node Boots · 노드 부츠 / 카멜,스탠드오일,standoil,https://image.msscdn.net/images/goods_img/20260728/6940444/6940444_17882329233834_500.jpg,https://www.musinsa.com/products/6940444,4feb5963ff291ee27c1f06fdd5a6a3021f1524fabd0b0fcc84ff5974dfc8d3e3,worn,Codex (AI visual review; not human ground truth),2026-09-22,부츠,not_applicable,not_applicable,스웨이드,,,착용한 베이지 부츠의 짧은 기모와 무광 표면.,ai_visual_review_with_seller_evidence,Codex (AI visual review; not human ground truth),2026-09-22,https://goods-detail.musinsa.com/api2/goods/6940444,69b3448fa4924821df2cd5a0621316464e9902738836e1f0202046779dde2f35,41fd3c323a8ba6c5867cc26531745a89a73e0e2f73f2a7179295a72835305f09
MS7121531,shoes,레제르 라이트 도트 스니커즈 EBAL165521,엘리자베스 스튜어트,elizabethstuart,https://image.msscdn.net/images/goods_img/20260820/7121531/7121531_17894358202408_500.jpg,https://www.musinsa.com/products/7121531,55b63779ab84c8f1b0cc8b0e1b8c12d38ce7279f8c103e0544af19241e0a2c7e,flat,Codex (AI visual review; not human ground truth),2026-09-22,스니커즈,not_applicable,not_applicable,스웨이드,,,같은 디자인 세 색상을 바닥에 진열한 비착용 사진. 갑피의 기모 표면을 기준으로 소재군 판정.,ai_visual_review_with_seller_evidence,Codex (AI visual review; not human ground truth),2026-09-22,https://goods-detail.musinsa.com/api2/goods/7121531,4768868c4888ad4ac03a950e0aba3f8563df0ee00f009761deb8e13a04975650,41fd3c323a8ba6c5867cc26531745a89a73e0e2f73f2a7179295a72835305f09
MS7168663,shoes,우먼즈 셔링 발레리나 플랫 슈즈 [블랙],무신사 스탠다드 우먼,musinsastandardwoman,https://image.msscdn.net/images/goods_img/20260826/7168663/7168663_17894543880108_500.jpg,https://www.musinsa.com/products/7168663,25da9ca5002c58539d173ba05ad844a9c732b792e5c0a94ee558542442e60526,worn,Codex (AI visual review; not human ground truth),2026-09-22,other,not_applicable,not_applicable,가죽,,,착용한 검정 플랫 슈즈의 매끈한 가죽 계열 갑피. 플랫 품목은 평가 어휘 밖.,ai_visual_review_with_seller_evidence,Codex (AI visual review; not human ground truth),2026-09-22,https://goods-detail.musinsa.com/api2/goods/7168663,421a2b6679bab672cbdd06f70e0dd107c6ea1f04e17174be13709da120995822,41fd3c323a8ba6c5867cc26531745a89a73e0e2f73f2a7179295a72835305f09
MS6886576,shoes,[키링사은품증정] 메이페어 - 블랙 터프티드 스웨이드 / 44090001,닥터마틴,drmartens,https://image.msscdn.net/images/goods_img/20260721/6886576/6886576_17870441303906_500.jpg,https://www.musinsa.com/products/6886576,0a54090f6679d10b98f758ba2a4ce8d80bdd98824da62ca31fa834a0da9d9225,flat,Codex (AI visual review; not human ground truth),2026-09-22,로퍼,not_applicable,not_applicable,스웨이드,,,비착용 구두의 무광 기모 갑피. 세부 종류는 판매자 로퍼 분류로 통일.,ai_visual_review_with_seller_evidence,Codex (AI visual review; not human ground truth),2026-09-22,https://goods-detail.musinsa.com/api2/goods/6886576,3f24a5d907c160b50c4a474a254184d6b85f0a19ee2f9c3dd2aa01872ed53f0c,41fd3c323a8ba6c5867cc26531745a89a73e0e2f73f2a7179295a72835305f09
MS3156291,shoes,dress (dark brown),페몬트,pemont,https://image.msscdn.net/images/goods_img/20230317/3156291/3156291_17730183780157_500.jpg,https://www.musinsa.com/products/3156291,05ba6035f11ba37fba3037ae4e65288da1c564d04c3b83565a7018273c0340b2,other,Codex (AI visual review; not human ground truth),2026-09-22,스니커즈,not_applicable,not_applicable,스웨이드,,,사람이 손으로 들고 있어 착용컷도 평면컷도 아님. 판매자 본문 upper: cow suede 확인. 표본은 그대로 유지하고 컷별 표에서 제외.,ai_visual_review_with_seller_evidence,Codex (AI visual review; not human ground truth),2026-09-22,https://goods-detail.musinsa.com/api2/goods/3156291,14d5b049643abe1a88a4c352a25c9ed6ed64cb4ff9858efa7f931b1cef1e799b,41fd3c323a8ba6c5867cc26531745a89a73e0e2f73f2a7179295a72835305f09
MS6976462,shoes,[스토커즈 pick] [6.5CM UP] 논슬립 러기드 스웨이드 뮬_블랙,트릴리온,trillion,https://image.msscdn.net/images/goods_img/20260802/6976462/6976462_17859011190578_500.jpg,https://www.musinsa.com/products/6976462,a1685a329255ddb150dc1c14ff5b31ab25d03ad716c029572dd21d1fc414055f,flat,Codex (AI visual review; not human ground truth),2026-09-22,스니커즈,not_applicable,not_applicable,unknown,,,검정 비착용 슬립온의 표면이 작고 어두워 기모·스웨이드·섬유 조성 구분 보류.,ai_visual_review_with_seller_evidence,Codex (AI visual review; not human ground truth),2026-09-22,https://goods-detail.musinsa.com/api2/goods/6976462,281cf97a7c68771ac54f2ac1ef34014092f27b61a276176639a506670029a0c7,41fd3c323a8ba6c5867cc26531745a89a73e0e2f73f2a7179295a72835305f09
MS7143427,shoes,노바블라스트 6 GTX 남성 스탠다드 - 블랙:그래파이트 그레이 / 1011C256-001,아식스,asics,https://image.msscdn.net/images/goods_img/20260824/7143427/7143427_17875561562172_500.jpg,https://www.musinsa.com/products/7143427,a558aa1536e34a89f341b09eccbf0bf5f7af7d821290fe9c9ea89ab747644c67,flat,Codex (AI visual review; not human ground truth),2026-09-22,러닝화,not_applicable,not_applicable,메시,,,비착용 러닝화의 망사 갑피가 확인됨.,ai_visual_review_with_seller_evidence,Codex (AI visual review; not human ground truth),2026-09-22,https://goods-detail.musinsa.com/api2/goods/7143427,2f5285c7bc2f35e6f2eca01c5f709ebaa6a49c08b199105aa78bdbeca34fdb67,41fd3c323a8ba6c5867cc26531745a89a73e0e2f73f2a7179295a72835305f09
MS7037353,shoes,클래식 뮬 - 토프 / 101260001,리복,reebok,https://image.msscdn.net/images/goods_img/20260810/7037353/7037353_17865875756811_500.jpg,https://www.musinsa.com/products/7037353,bf4134e7b7c3bbbd2f8e3ac53e842183f4739bab3cc9a44e0af2d7d96f11809a,flat,Codex (AI visual review; not human ground truth),2026-09-22,스니커즈,not_applicable,not_applicable,스웨이드,,,비착용 베이지 뮬의 기모 있는 갑피. 스니커즈 뮬은 기존 스니커즈 품목으로 기록.,ai_visual_review_with_seller_evidence,Codex (AI visual review; not human ground truth),2026-09-22,https://goods-detail.musinsa.com/api2/goods/7037353,d34bfb2ad9062ebd6d0f8f38615f584a16691f8e2ccfb45d73c2d4d0a941320d,41fd3c323a8ba6c5867cc26531745a89a73e0e2f73f2a7179295a72835305f09
MS2085603,shoes,clo2333 Everyday Square Flats - 2 Colors,프리플라,lifla,https://image.msscdn.net/images/goods_img/20210825/2085603/2085603_17585041277635_500.jpg,https://www.musinsa.com/products/2085603,ef45cb26fb0ca3e211732788ccfab3213a58afdffcdc7d8c89787190ce984f5b,worn,Codex (AI visual review; not human ground truth),2026-09-22,other,not_applicable,not_applicable,가죽,,,착용한 갈색 플랫 구두의 매끈한 가죽 계열 갑피. 플랫 품목은 평가 어휘 밖.,ai_visual_review_with_seller_evidence,Codex (AI visual review; not human ground truth),2026-09-22,https://goods-detail.musinsa.com/api2/goods/2085603,f4c2ee64970472364e41ed572e18171e5768828bc0a900f46c011a2fa11dee6c,41fd3c323a8ba6c5867cc26531745a89a73e0e2f73f2a7179295a72835305f09
MS7121525,shoes,카나 폴딩 커스텀 부츠 EBAL165524,엘리자베스 스튜어트,elizabethstuart,https://image.msscdn.net/images/goods_img/20260820/7121525/7121525_17872919372238_500.jpg,https://www.musinsa.com/products/7121525,f68a46d4491138ed0bf3c268c947720ccb155590a7078d53e7f60fec2a8840ba,worn,Codex (AI visual review; not human ground truth),2026-09-22,부츠,not_applicable,not_applicable,가죽,,,착용한 검정 버클 롱부츠의 가죽 계열 갑피.,ai_visual_review_with_seller_evidence,Codex (AI visual review; not human ground truth),2026-09-22,https://goods-detail.musinsa.com/api2/goods/7121525,d01354e0d18520900f6615fb53c16ced6d204d1b29713a8dc5661434fd811db1,41fd3c323a8ba6c5867cc26531745a89a73e0e2f73f2a7179295a72835305f09
MS3575081,shoes,라운드 토 라이더 플랫 롱부츠 412348002 (3.5cm/2colors),솔트앤초콜릿,saltandchocolate,https://image.msscdn.net/images/goods_img/20230919/3575081/3575081_17549779939717_500.jpg,https://www.musinsa.com/products/3575081,98fcf23169cab2f15ecea5143c33e6dd45fa9a289310fcceb96891fbd59549b3,worn,Codex (AI visual review; not human ground truth),2026-09-22,부츠,not_applicable,not_applicable,가죽,,,착용한 검정 롱부츠의 매끈한 가죽 계열 갑피.,ai_visual_review_with_seller_evidence,Codex (AI visual review; not human ground truth),2026-09-22,https://goods-detail.musinsa.com/api2/goods/3575081,2915fcafa3dcd879a4fe3a84d3ce9627f0cbdc2d4329e03bb2f2243c1f948eeb,41fd3c323a8ba6c5867cc26531745a89a73e0e2f73f2a7179295a72835305f09
MS7194756,shoes,클라우드 low 클래식 로퍼  2cm 무광버전,무드앤플,moodnple,https://image.msscdn.net/images/goods_img/20260828/7194756/7194756_17879033005209_500.jpg,https://www.musinsa.com/products/7194756,6cdb1f9fc333946147c017211b79a65899ac616d9a253cdcbc660f0e630708d7,flat,Codex (AI visual review; not human ground truth),2026-09-22,로퍼,not_applicable,not_applicable,가죽,,,비착용 검정 로퍼의 가죽 계열 갑피.,ai_visual_review_with_seller_evidence,Codex (AI visual review; not human ground truth),2026-09-22,https://goods-detail.musinsa.com/api2/goods/7194756,3d5685dcba8af51bf703b94498414400858158453c9b9872e9965deb1447cf6b,41fd3c323a8ba6c5867cc26531745a89a73e0e2f73f2a7179295a72835305f09
MS5698874,shoes,밀레니오 테크 LT (40679103),푸마,puma,https://image.msscdn.net/images/goods_img/20251107/5698874/5698874_17624806222949_500.jpg,https://www.musinsa.com/products/5698874,872d4d64d3e479f8521520c14c0567ab0e5f3275e6b468512182e4e2caa9c6ba,flat,Codex (AI visual review; not human ground truth),2026-09-22,스니커즈,not_applicable,not_applicable,메시,,,비착용 검정 운동화의 망사 갑피. 보강 패널의 섬유 조성은 판정하지 않음.,ai_visual_review_with_seller_evidence,Codex (AI visual review; not human ground truth),2026-09-22,https://goods-detail.musinsa.com/api2/goods/5698874,9d13420fa5c833f0e661d8bf7c330ed897707e9bd1c143b9d6a6fea9acf4c5fd,41fd3c323a8ba6c5867cc26531745a89a73e0e2f73f2a7179295a72835305f09
