product_id,photo_color,agreement,garment_ratio,reason
MS6939618,그린,,,ai_visual_review
MS6618666,브라운,,,ai_visual_review
MS6842612,그린,,,ai_visual_review
MS6849602,,0.497,0.4626,low_agreement
MS6906711,블랙,0.965,0.4527,garment_vote
MS6590793,그레이,,,ai_visual_review
MS4820905,화이트,0.958,0.3823,garment_vote
MS6929983,,0.360,0.5073,low_agreement
MS6778501,그레이,,,ai_visual_review
MS6853485,그레이,0.930,0.3250,garment_vote
MS6686203,블랙,,,ai_visual_review
MS7036128,카키,,,ai_visual_review
MS7036132,화이트,,,ai_visual_review
MS7042791,화이트,0.897,0.3390,garment_vote
MS6830180,블랙,0.910,0.1141,garment_vote
MS6777736,그레이,,,ai_visual_review
MS6951157,그레이,0.835,0.5997,garment_vote
MS6103340,네이비,,,ai_visual_review
MS5095362,네이비,,,ai_visual_review
MS4143736,그레이,,,ai_visual_review
MS7038176,블루,,,ai_visual_review
MS7130236,그레이,0.973,0.2702,garment_vote
MS7130234,블루,,,ai_visual_review
MS7049234,네이비,,,ai_visual_review
MS4897679,화이트,,,ai_visual_review
MS4030865,블랙,0.990,0.2330,garment_vote
MS5017539,블루,0.830,0.3251,garment_vote
MS6204872,,0.627,0.6129,low_agreement
MS6102710,화이트,,,ai_visual_review
MS4964012,블랙,0.885,0.4546,garment_vote
MS6805258,네이비,0.978,0.3417,garment_vote
MS6222788,퍼플,,,ai_visual_review
MS4979822,버건디,,,ai_visual_review
MS7048237,,0.422,0.2091,low_agreement
MS7048225,,0.468,0.2634,low_agreement
MS7031990,블랙,0.922,0.3479,garment_vote
MS4202541,브라운,0.985,0.4582,garment_vote
MS3876972,아이보리,,,ai_visual_review
MS5799256,,0.432,0.5351,low_agreement
MS5594926,옐로,,,ai_visual_review
MS6800970,핑크,,,ai_visual_review
MS6686160,블랙,0.943,0.1169,garment_vote
MS6800939,그레이,,,ai_visual_review
MS6800937,블랙,0.938,0.1150,garment_vote
MS5308081,블루,0.840,0.1920,garment_vote
MS7115644,화이트,0.865,0.5798,garment_vote
MS7115643,블랙,0.855,0.5669,garment_vote
MS7115642,그레이,,,ai_visual_review
MS7115640,블랙,0.912,0.5601,garment_vote
MS6932766,블랙,,,ai_visual_review
MS7051966,,0.615,0.6378,low_agreement
MS6968497,그레이,,,ai_visual_review
MS7000197,그레이,,,ai_visual_review
MS5355751,그레이,,,ai_visual_review
MS7115667,블랙,0.877,0.3237,garment_vote
MS7115664,블랙,0.960,0.3275,garment_vote
MS7115663,그레이,,,ai_visual_review
MS7115662,블랙,0.890,0.3045,garment_vote
MS7115648,블랙,0.892,0.5587,garment_vote
MS7115647,그레이,,,ai_visual_review
MS7115646,화이트,0.890,0.5628,garment_vote
MS7115638,블랙,0.895,0.5661,garment_vote
MS7115637,블랙,0.870,0.5634,garment_vote
MS6109260,블랙,0.920,0.1940,garment_vote
MS6103298,블랙,0.833,0.2340,garment_vote
MS3968466,카키,,,ai_visual_review
MS6109248,그레이,,,ai_visual_review
MS3476073,그레이,,,ai_visual_review
MS3989444,블랙,0.990,0.2797,garment_vote
MS5114507,베이지,,,ai_visual_review
MS6980168,그레이,0.810,0.2094,garment_vote
MS6704409,버건디,,,ai_visual_review
MS6704405,,0.448,0.1666,low_agreement
MS6704403,그레이,0.900,0.1660,garment_vote
MS7037364,블랙,0.910,0.3692,garment_vote
MS6953292,퍼플,,,ai_visual_review
MS3976042,블랙,,,ai_visual_review
MS4172805,블랙,0.910,0.0779,garment_vote
MS3913527,블루,,,ai_visual_review
MS4660780,블랙,0.980,0.2349,garment_vote
MS3483540,,0.450,0.1050,low_agreement
MS3927876,,0.432,0.2909,low_agreement
MS6786576,,0.555,0.4028,low_agreement
MS6497590,블랙,,,ai_visual_review
MS3976043,화이트,0.980,0.1300,garment_vote
MS5776127,베이지,,,ai_visual_review
MS6686066,블루,0.897,0.2296,garment_vote
MS7126483,화이트,,,ai_visual_review
MS6308299,블랙,0.968,0.0882,garment_vote
MS7103039,핑크,0.963,0.0501,garment_vote
MS7085144,그린,,,ai_visual_review
MS7085126,블루,0.840,0.1785,garment_vote
MS7084906,네이비,,,ai_visual_review
MS7096957,레드,0.990,0.0529,garment_vote
MS7100444,그레이,,,ai_visual_review
MS7088632,핑크,0.975,0.0415,garment_vote
MS7088666,핑크,0.955,0.0480,garment_vote
MS7088654,그레이,,,ai_visual_review
MS6899645,퍼플,,,ai_visual_review
MS6686260,화이트,0.800,0.5232,garment_vote
MS6812676,그레이,,,ai_visual_review
MS6951158,그레이,,,ai_visual_review
MS6940492,아이보리,,,ai_visual_review
MS6899468,퍼플,,,ai_visual_review
MS6890022,브라운,0.853,0.2807,garment_vote
MS7074571,그레이,,,ai_visual_review
MS7074564,네이비,,,ai_visual_review
MS7037333,그레이,0.938,0.3773,garment_vote
MS6781113,블랙,,,ai_visual_review
MS6388530,버건디,,,ai_visual_review
MS6251564,화이트,,,ai_visual_review
MS6446869,그레이,,,ai_visual_review
MS7031980,블랙,0.985,0.3557,garment_vote
MS6842609,그린,,,ai_visual_review
MS6896829,블랙,0.912,0.1422,garment_vote
MS7125631,화이트,,,ai_visual_review
MS7101516,베이지,0.922,0.1954,garment_vote
MS6918905,블랙,0.902,0.5437,garment_vote
MS5872106,카키,,,ai_visual_review
MS7008492,브라운,,,ai_visual_review
MS7130230,브라운,,,ai_visual_review
MS3042005,블랙,,,ai_visual_review
MS2139011,블랙,0.932,0.2690,garment_vote
MS2087860,블랙,0.925,0.5186,garment_vote
MS3927174,브라운,,,ai_visual_review
MS6980199,블랙,,,ai_visual_review
MS7079819,,0.767,0.4197,low_agreement
MS4898149,네이비,,,ai_visual_review
MS6106445,블랙,,,ai_visual_review
MS3030679,블랙,,,ai_visual_review
MS7048863,,0.647,0.4594,low_agreement
MS6820911,블루,,,ai_visual_review
MS6883765,네이비,,,ai_visual_review
MS4763740,그레이,,,ai_visual_review
MS6764810,베이지,0.843,0.3381,garment_vote
MS6041618,그레이,,,ai_visual_review
MS5207259,블랙,0.858,0.3882,garment_vote
MS7034282,블랙,0.838,0.4441,garment_vote
MS7037662,네이비,0.820,0.3281,garment_vote
MS7037660,,0.350,0.3281,low_agreement
MS5489923,블랙,0.873,0.3263,garment_vote
MS1684196,블랙,0.983,0.3089,garment_vote
MS4438290,블랙,0.980,0.3572,garment_vote
MS4701991,블랙,0.978,0.3140,garment_vote
MS5526391,블랙,0.935,0.2442,garment_vote
MS7000528,베이지,,,ai_visual_review
MS2360891,아이보리,,,ai_visual_review
MS4290311,베이지,,,ai_visual_review
MS3885151,카키,,,ai_visual_review
MS7052148,아이보리,,,ai_visual_review
MS7087082,카키,0.948,0.3857,garment_vote
MS7086870,브라운,,,ai_visual_review
MS7052707,네이비,0.858,0.2665,garment_vote
MS7052493,블랙,,,ai_visual_review
MS7052484,브라운,,,ai_visual_review
MS7052141,브라운,0.800,0.3912,garment_vote
MS7052075,블랙,0.925,0.3745,garment_vote
MS7051958,베이지,0.900,0.3600,garment_vote
MS6434285,그레이,,,ai_visual_review
MS6398934,그레이,,,ai_visual_review
MS6930654,레드,0.877,0.3934,garment_vote
MS6796665,옐로,,,ai_visual_review
MS7071736,그레이,0.802,0.4753,garment_vote
MS7061038,그레이,0.943,0.4745,garment_vote
MS7071572,레드,0.973,0.4904,garment_vote
MS5498292,카키,0.950,0.4210,garment_vote
MS3716632,,0.568,0.2859,low_agreement
MS4615031,그레이,,,ai_visual_review
MS5550541,브라운,,,ai_visual_review
MS4470056,카키,,,ai_visual_review
MS6879501,화이트,0.910,0.3994,garment_vote
MS6935824,네이비,,,ai_visual_review
MS6935823,그레이,0.825,0.2741,garment_vote
MS5808779,블랙,0.978,0.3488,garment_vote
MS6048900,블랙,0.945,0.2886,garment_vote
MS6031346,블랙,0.945,0.2886,garment_vote
MS5881095,베이지,,,ai_visual_review
MS5339817,카키,0.935,0.4623,garment_vote
MS6833957,그레이,,,ai_visual_review
MS5972652,그레이,0.863,0.3546,garment_vote
MS5905683,블랙,0.965,0.2585,garment_vote
MS3109051,,0.490,0.4614,low_agreement
MS5874446,블랙,0.882,0.3446,garment_vote
MS6724568,레드,,,ai_visual_review
MS3573116,블랙,0.892,0.2634,garment_vote
MS5521931,카키,,,ai_visual_review
MS6781130,블랙,,,ai_visual_review
MS7114259,네이비,,,ai_visual_review
MS7114046,그레이,,,ai_visual_review
MS7114026,,0.657,0.3255,low_agreement
MS7118527,네이비,0.930,0.3979,garment_vote
MS7130895,브라운,,,ai_visual_review
MS7126762,화이트,,,ai_visual_review
MS6970704,블랙,0.807,0.5464,garment_vote
MS5269681,네이비,,,ai_visual_review
MS6121687,네이비,,,ai_visual_review
MS5476898,블랙,0.955,0.2069,garment_vote
MS6536825,네이비,,,ai_visual_review
MS5081272,블루,,,ai_visual_review
MS6953336,브라운,,,ai_visual_review
MS7129821,그레이,0.802,0.4260,garment_vote
MS7129815,그레이,0.882,0.3170,garment_vote
MS6978452,브라운,,,ai_visual_review
MS6815915,블루,,,ai_visual_review
MS6978446,브라운,,,ai_visual_review
MS7024854,네이비,,,ai_visual_review
MS6970676,네이비,,,ai_visual_review
MS6814919,브라운,,,ai_visual_review
MS6686197,블랙,0.968,0.5057,garment_vote
MS6830177,블랙,0.925,0.6124,garment_vote
MS5200530,블랙,,,ai_visual_review
MS5901745,화이트,0.905,0.3243,garment_vote
MS6057479,블랙,,,ai_visual_review
MS5924495,블랙,,,ai_visual_review
MS4723275,블랙,0.950,0.3830,garment_vote
MS5820229,블랙,0.930,0.1470,garment_vote
MS6518233,블랙,0.845,0.3058,garment_vote
MS4670831,블랙,,,ai_visual_review
MS6830189,버건디,,,ai_visual_review
MS7104363,베이지,,,ai_visual_review
MS7104362,카키,,,ai_visual_review
MS7104361,그레이,0.802,0.2777,garment_vote
MS7074252,블루,,,ai_visual_review
MS7074248,카키,,,ai_visual_review
MS6686096,,0.458,0.5280,low_agreement
MS6075591,레드,0.912,0.3573,garment_vote
MS4813670,카키,0.833,0.4663,garment_vote
MS7130885,브라운,,,ai_visual_review
MS6596161,베이지,0.965,0.1585,garment_vote
MS5070728,화이트,1.000,0.3003,garment_vote
MS3921072,블랙,0.975,0.2538,garment_vote
MS4938716,베이지,,,ai_visual_review
MS4734766,그레이,0.805,0.1719,garment_vote
MS5815195,버건디,,,ai_visual_review
MS6777735,카키,0.818,0.2868,garment_vote
MS6736325,그레이,,,ai_visual_review
MS7130226,블랙,,,ai_visual_review
MS7066756,카키,,,ai_visual_review
MS4644497,블랙,,,ai_visual_review
MS5874440,아이보리,,,ai_visual_review
MS6468361,네이비,0.815,0.3077,garment_vote
MS7066754,그린,,,ai_visual_review
MS6894812,블랙,0.882,0.3193,garment_vote
MS6896413,네이비,0.865,0.3766,garment_vote
MS6266694,레드,,,ai_visual_review
MS4845145,베이지,,,ai_visual_review
MS7129516,블랙,,,ai_visual_review
MS7118479,그레이,,,ai_visual_review
MS7116145,그레이,,,ai_visual_review
MS6309315,,0.485,0.1942,low_agreement
MS6309293,,0.450,0.1968,low_agreement
MS6306936,베이지,,,ai_visual_review
MS5329359,블랙,0.910,0.3246,garment_vote
MS6917751,그레이,,,ai_visual_review
MS6869877,블루,0.920,0.2902,garment_vote
MS6736331,,0.460,0.2835,low_agreement
MS7115639,블랙,0.973,0.6270,garment_vote
MS7130709,그레이,,,ai_visual_review
MS7046980,베이지,,,ai_visual_review
MS6883772,블랙,0.930,0.4368,garment_vote
MS7048634,버건디,0.860,0.4737,garment_vote
MS6883774,베이지,0.920,0.4622,garment_vote
MS5343592,그레이,,,ai_visual_review
MS6883776,,0.448,0.4271,low_agreement
MS6883775,블랙,0.868,0.4529,garment_vote
MS5355274,화이트,0.805,0.2260,garment_vote
MS6896455,블랙,0.870,0.4512,garment_vote
MS1567317,블랙,0.863,0.6001,garment_vote
MS5343565,아이보리,,,ai_visual_review
MS6839777,카키,,,ai_visual_review
MS6979919,그레이,,,ai_visual_review
MS6979918,화이트,0.958,0.6066,garment_vote
MS6979910,그레이,,,ai_visual_review
MS6979902,네이비,0.925,0.5403,garment_vote
MS6979899,그레이,0.935,0.5410,garment_vote
MS6979922,화이트,0.932,0.5164,garment_vote
MS6979921,카키,0.802,0.5139,garment_vote
MS6979914,화이트,0.823,0.6084,garment_vote
MS6979911,브라운,,,ai_visual_review
MS7100449,블랙,0.960,0.2709,garment_vote
MS5526384,네이비,,,ai_visual_review
MS2217531,블랙,0.960,0.3084,garment_vote
MS5151486,블랙,0.932,0.1805,garment_vote
MS6868742,카키,,,ai_visual_review
MS7001718,브라운,0.800,0.2910,garment_vote
MS3635002,블랙,,,ai_visual_review
MS6197693,브라운,,,ai_visual_review
MS6136923,베이지,,,ai_visual_review
MS6450036,블루,,,ai_visual_review
MS6980872,블루,,,ai_visual_review
MS6885251,블랙,0.927,0.2495,garment_vote
MS3774997,블루,0.963,0.1059,garment_vote
MS6897082,블루,,,ai_visual_review
MS5310275,블루,,,ai_visual_review
MS3134738,블랙,0.850,0.2587,garment_vote
MS6148718,네이비,,,ai_visual_review
MS7010610,블루,0.945,0.3380,garment_vote
MS6355069,그레이,,,ai_visual_review
MS6979690,그레이,,,ai_visual_review
MS7037423,블랙,0.897,0.3061,garment_vote
MS6875797,블루,,,ai_visual_review
MS7132709,네이비,,,ai_visual_review
MS7121342,블루,,,ai_visual_review
MS7117319,네이비,,,ai_visual_review
MS6918823,레드,,,ai_visual_review
MS4062254,,0.458,0.6564,low_agreement
MS6907230,블랙,0.840,0.2548,garment_vote
MS5875418,블랙,0.983,0.2911,garment_vote
MS6754129,네이비,,,ai_visual_review
MS6317606,브라운,0.853,0.1364,garment_vote
MS6631775,블랙,0.970,0.1108,garment_vote
MS5811545,블랙,,,ai_visual_review
MS5252900,,0.482,0.0783,low_agreement
MS5086054,블랙,,,ai_visual_review
MS6407706,블랙,0.945,0.6112,garment_vote
MS5253069,,0.578,0.0662,low_agreement
MS1772548,블랙,0.930,0.7904,garment_vote
MS6706315,블랙,,,ai_visual_review
MS6754873,버건디,0.922,0.0873,garment_vote
MS5236473,베이지,,,ai_visual_review
MS7123017,네이비,,,ai_visual_review
MS7123038,네이비,,,ai_visual_review
MS7092467,버건디,0.945,0.0772,garment_vote
MS7092583,,0.407,0.0745,low_agreement
MS7089383,블랙,,,ai_visual_review
MS7089380,브라운,,,ai_visual_review
MS7091165,블랙,,,ai_visual_review
MS7091903,블랙,0.860,0.1012,garment_vote
MS7092540,네이비,,,ai_visual_review
MS7092588,,0.417,0.0726,low_agreement
MS7092575,네이비,,,ai_visual_review
MS4860451,화이트,0.905,0.2885,garment_vote
MS3730406,브라운,,,ai_visual_review
MS6261761,베이지,,,ai_visual_review
MS7130907,브라운,,,ai_visual_review
MS6095188,그레이,,,ai_visual_review
MS6931959,블루,,,ai_visual_review
MS7117714,,0.440,0.6078,low_agreement
MS3816983,브라운,,,ai_visual_review
MS1923315,,0.550,0.5413,low_agreement
MS6111131,카키,,,ai_visual_review
MS6102457,브라운,0.890,0.1703,garment_vote
MS7037407,베이지,,,ai_visual_review
MS7049343,,0.685,0.3514,low_agreement
MS6978389,브라운,,,ai_visual_review
MS1312128,블랙,0.840,0.2475,garment_vote
MS5945210,그레이,,,ai_visual_review
MS6544339,블랙,0.950,0.2747,garment_vote
MS7130232,블랙,0.980,0.3464,garment_vote
MS7124761,블랙,,,ai_visual_review
MS7124760,블랙,0.910,0.2978,garment_vote
MS7124759,블랙,0.958,0.2959,garment_vote
MS6722054,블랙,0.938,0.3028,garment_vote
MS7008354,,0.698,0.1955,low_agreement
MS7008353,블랙,0.973,0.2146,garment_vote
MS7125054,블랙,0.988,0.2198,garment_vote
MS7125041,베이지,,,ai_visual_review
MS6928699,그레이,,,ai_visual_review
MS6145321,,0.000,0.0002,garment_too_small
MS5504965,블루,0.932,0.0271,garment_vote
MS5155126,,0.233,0.4370,low_agreement
MS6532776,베이지,,,ai_visual_review
MS3920758,화이트,0.948,0.0783,garment_vote
MS4898364,화이트,0.802,0.1165,garment_vote
MS6813048,그레이,,,ai_visual_review
MS6940127,블루,,,ai_visual_review
MS6940123,,0.335,0.2990,low_agreement
MS7131408,블랙,0.877,0.2712,garment_vote
MS7013636,베이지,,,ai_visual_review
MS7013633,그레이,,,ai_visual_review
MS7013644,베이지,,,ai_visual_review
MS6272204,카키,,,ai_visual_review
MS6944573,그레이,,,ai_visual_review
MS6859805,네이비,,,ai_visual_review
MS6809274,아이보리,,,ai_visual_review
MS6859762,네이비,,,ai_visual_review
MS6897442,블랙,,,ai_visual_review
MS7074582,그레이,,,ai_visual_review
MS6952846,그레이,,,ai_visual_review
MS7124783,화이트,0.998,0.2559,garment_vote
MS7022554,화이트,0.978,0.1087,garment_vote
