product_id,color,method,reviewed_at,source_url,review_image_sha256,reason
MS6939618,그린,ai_visual_review,2026-09-29T05:21:19.072990+00:00,https://image.msscdn.net/images/goods_img/20260728/6939618/6939618_17852201914605_500.jpg,5f38be44351c0188676326d5abfeb64f623e76e691b8677325bc40cac0ec15eb,
MS6618666,브라운,ai_visual_review,2026-09-29T05:21:19.075987+00:00,https://image.msscdn.net/images/goods_img/20260605/6618666/6618666_17806458173868_500.jpg,3c6d93f6100f427587235ae8bc5370f75946083fd9dc4d43dd780930a4f7655d,
MS6842612,그린,ai_visual_review,2026-09-29T05:21:19.077010+00:00,https://image.msscdn.net/images/goods_img/20260714/6842612/6842612_17847949033163_500.jpg,75dd3af61408975bd3b2b86e87238ee868f5f8eb5348ba4def18857f41259a6f,
MS6849602,,ai_visual_review,2026-09-29T05:21:19.077989+00:00,https://image.msscdn.net/images/goods_img/20260715/6849602/6849602_17845118720492_500.jpg,,multiple_colors_or_uncertain
MS6590793,그레이,ai_visual_review,2026-09-29T05:21:19.077989+00:00,https://image.msscdn.net/images/goods_img/20260602/6590793/6590793_17821814714602_500.jpg,498be614c72f3311e68ace8e5f7d6dd6e8c8cbb526c79ebd02945e9b88154510,
MS6929983,,ai_visual_review,2026-09-29T05:21:19.078989+00:00,https://image.msscdn.net/images/goods_img/20260727/6929983/6929983_17851378723043_500.jpg,,multiple_colors_or_uncertain
MS6778501,그레이,ai_visual_review,2026-09-29T05:21:19.078989+00:00,https://image.msscdn.net/images/goods_img/20260703/6778501/6778501_17863464890010_500.jpg,9aabfa5e5508dd861ebad843c1ad9bd02bc5443d5f11ac34efbc12390fe42b40,
MS6686203,블랙,ai_visual_review,2026-09-29T05:21:19.079989+00:00,https://image.msscdn.net/images/goods_img/20260617/6686203/6686203_17821026926572_500.jpg,eaeac244924a3027410cdb16b8503181abd8373403cc3c7c2b47149a6961b5e4,
MS7036128,카키,ai_visual_review,2026-09-29T05:21:19.079989+00:00,https://image.msscdn.net/images/goods_img/20260810/7036128/7036128_17866140298107_500.jpg,d5c86348b96f974852a9d9c0b5106300d6d7f062b5e9bf905a4dcccdc8cc0e87,
MS7036132,화이트,ai_visual_review,2026-09-29T05:21:19.081986+00:00,https://image.msscdn.net/images/goods_img/20260810/7036132/7036132_17866099585708_500.jpg,438a3ce76ad8bdac5f7961b81e28d5f66c583d30872c419fd30934a779032c7a,
MS6777736,그레이,ai_visual_review,2026-09-29T05:21:19.082993+00:00,https://image.msscdn.net/images/goods_img/20260703/6777736/6777736_17863473786191_500.jpg,802e015d2ee6d67e606df9e955468843b7db4fcce0410cfe4b5146dba4c39b23,
MS6103340,네이비,ai_visual_review,2026-09-29T05:21:19.083987+00:00,https://image.msscdn.net/images/goods_img/20260309/6103340/6103340_17811400982229_500.jpg,6e12e80892b74fdccfc2ad87b8d1a37bd7fa372e1d60ed78b02ca99ec72ff55a,
MS5095362,네이비,ai_visual_review,2026-09-29T05:21:19.084983+00:00,https://image.msscdn.net/images/goods_img/20250508/5095362/5095362_17852094135134_500.jpg,dfcc165536b648b8f87daf8ba27ee468778d7ca9f31b34f7f442002398f97035,
MS4143736,그레이,ai_visual_review,2026-09-29T05:21:19.086041+00:00,https://image.msscdn.net/images/goods_img/20240521/4143736/4143736_17567131668806_500.jpg,444cfa74c9e89802f23587d65199cbf80a5ab59c8e9f7dc8c1fb5ab1f0bfe444,
MS7038176,블루,ai_visual_review,2026-09-29T05:21:19.088034+00:00,https://image.msscdn.net/images/goods_img/20260810/7038176/7038176_17870371347279_500.jpg,d0717d579f8bb6fd74c0bcb80b673d4d811917e82ed31e6ca26b3bcf2027a2e7,
MS7130234,블루,ai_visual_review,2026-09-29T05:21:19.089033+00:00,https://image.msscdn.net/images/goods_img/20260821/7130234/7130234_17882236727767_500.jpg,0c561463237c2de058f47f920e22cec0f1e8936cfa775d1248ff7a9a42b08583,
MS7049234,네이비,ai_visual_review,2026-09-29T05:21:19.090037+00:00,https://image.msscdn.net/images/goods_img/20260811/7049234/7049234_17894324738704_500.jpg,a944899f8e7136133281d7a115b7c4c39074248c2d22f6869770f99986b8953b,
MS4897679,화이트,ai_visual_review,2026-09-29T05:21:19.091051+00:00,https://image.msscdn.net/images/goods_img/20250314/4897679/4897679_17852014166252_500.jpg,adb204750f097491fa1366ff28489d06282f66de91f2c38f80a25a25cffcabde,
MS6204872,,ai_visual_review,2026-09-29T05:21:19.092049+00:00,https://image.msscdn.net/images/goods_img/20260326/6204872/6204872_17745165845533_500.jpg,,multiple_colors_or_uncertain
MS6102710,화이트,ai_visual_review,2026-09-29T05:21:19.092049+00:00,https://image.msscdn.net/images/goods_img/20260309/6102710/6102710_17782085067543_500.jpg,0d892aaea7be3e25f611ed96bd12a7a5850e5c15ac8bf6e646252b9d98ee9658,
MS6222788,퍼플,ai_visual_review,2026-09-29T05:21:19.093991+00:00,https://image.msscdn.net/images/goods_img/20260330/6222788/6222788_17749558208004_500.jpg,5d5051a34f12af1c48fe9f9bb8600ecfcf04b1d7eed1634dae95734a31b31599,
MS4979822,버건디,ai_visual_review,2026-09-29T05:21:19.096012+00:00,https://image.msscdn.net/images/goods_img/20250402/4979822/4979822_17435834242949_500.jpg,8e9e83fd2fb6b2cdf92dd3777659f396ccdbf030284a81cf8f86a97b8bea75cf,
MS7048237,,ai_visual_review,2026-09-29T05:21:19.096012+00:00,https://image.msscdn.net/images/goods_img/20260811/7048237/7048237_17865087925920_500.jpg,,multiple_colors_or_uncertain
MS7048225,,ai_visual_review,2026-09-29T05:21:19.096012+00:00,https://image.msscdn.net/images/goods_img/20260811/7048225/7048225_17865087561042_500.jpg,,multiple_colors_or_uncertain
MS3876972,아이보리,ai_visual_review,2026-09-29T05:21:19.096012+00:00,https://image.msscdn.net/images/goods_img/20240216/3876972/3876972_17514208391640_500.jpg,69c86074e14ba00d2b721f18bc78ccecba63592a7f822ea775d0e48589d5a2b6,
MS5799256,,ai_visual_review,2026-09-29T05:21:19.096989+00:00,https://image.msscdn.net/images/goods_img/20251203/5799256/5799256_17647211278506_500.jpg,,multiple_colors_or_uncertain
MS5594926,옐로,ai_visual_review,2026-09-29T05:21:19.096989+00:00,https://image.msscdn.net/images/goods_img/20251015/5594926/5594926_17648360424399_500.jpg,19e48f9e30dc6fb5c2542c1bc20a6caf8fb9c85aef8d41619b59a557d0d735a8,
MS6800970,핑크,ai_visual_review,2026-09-29T05:21:19.098991+00:00,https://image.msscdn.net/images/goods_img/20260707/6800970/6800970_17866148643331_500.jpg,bcc7145615e640f658c2504181a0f37dbdb5eef08b86540ad25f82e7fe9ce120,
MS6800939,그레이,ai_visual_review,2026-09-29T05:21:19.100499+00:00,https://image.msscdn.net/images/goods_img/20260707/6800939/6800939_17866149288830_500.jpg,68355528ecf109817d48ebbe70987f535a74e88b3cd2771b229174c90f00cc8e,
MS7115642,그레이,ai_visual_review,2026-09-29T05:21:19.101509+00:00,https://image.msscdn.net/images/goods_img/20260820/7115642/7115642_17871971726236_500.jpg,09013806a2c29b7dcbff58e52cbafb79c261c93f85cd89dfc1b789a3a4a50c2e,
MS6932766,블랙,ai_visual_review,2026-09-29T05:21:19.104579+00:00,https://image.msscdn.net/images/goods_img/20260727/6932766/6932766_17851541826203_500.jpg,9688f15dd7819dc71e75ea479211e6f48b5957a6b10dec56dbb8b1642b9dd1db,
MS7051966,,ai_visual_review,2026-09-29T05:21:19.105560+00:00,https://image.msscdn.net/images/goods_img/20260811/7051966/7051966_17901270591076_500.jpg,,multiple_colors_or_uncertain
MS6968497,그레이,ai_visual_review,2026-09-29T05:21:19.105560+00:00,https://image.msscdn.net/images/goods_img/20260731/6968497/6968497_17856925001071_500.jpg,a5fffbc657d5bdfd11729c564105070a78a9d65a07d0ff0a957a262022bf3f09,
MS7000197,그레이,ai_visual_review,2026-09-29T05:21:19.106587+00:00,https://image.msscdn.net/images/goods_img/20260805/7000197/7000197_17890224391704_500.jpg,735f75dcbf36fbedc2907409b31349dde90998df3f63026cf81c605d7d85e19d,
MS5355751,그레이,ai_visual_review,2026-09-29T05:21:19.107557+00:00,https://image.msscdn.net/images/goods_img/20250822/5355751/5355751_17573178017663_500.jpg,267c3031ac85d4803c6d3535208f7503ed88d1601c29bb187cd37e4565faef09,
MS7115663,그레이,ai_visual_review,2026-09-29T05:21:19.108563+00:00,https://image.msscdn.net/images/goods_img/20260820/7115663/7115663_17871973183364_500.jpg,8b7cadfee4d2d17092f3623919977b2858f19a9f4dc043632cbfaea65a870d0a,
MS7115647,그레이,ai_visual_review,2026-09-29T05:21:19.112546+00:00,https://image.msscdn.net/images/goods_img/20260820/7115647/7115647_17871972052249_500.jpg,67b4103a5c597886ee2f623d044a4f88d6772d9333c7effbb2cefe4fdf6b537f,
MS3968466,카키,ai_visual_review,2026-09-29T05:21:19.116538+00:00,https://image.msscdn.net/images/prd_img/20240319/3968466/detail_3968466_17435881962965_500.jpg,769dd23652dd6077a846378f98abe363af30b41644c4daf792a331d33a4d352a,
MS6109248,그레이,ai_visual_review,2026-09-29T05:21:19.116538+00:00,https://image.msscdn.net/images/goods_img/20260310/6109248/6109248_17815023017081_500.jpg,a209cab9fe66567766d40fd50b0a2d20bc7c68085c1a553a2f5357821b1d75a6,
MS3476073,그레이,ai_visual_review,2026-09-29T05:21:19.117598+00:00,https://image.msscdn.net/images/goods_img/20230818/3476073/3476073_17691332323880_500.jpg,7e15b58bf392c43b0f28e9dbc7726d95c89ba7b79584d50b471a77a93b2f43f9,
MS5114507,베이지,ai_visual_review,2026-09-29T05:21:19.118601+00:00,https://image.msscdn.net/images/goods_img/20250515/5114507/5114507_17800244963493_500.jpg,9e0b0f78d52dc190eeff893074f5491af0b5c4aeb2037153b4c0777ca294a0f7,
MS6704409,버건디,ai_visual_review,2026-09-29T05:21:19.119600+00:00,https://image.msscdn.net/images/goods_img/20260619/6704409/6704409_17872149789439_500.jpg,700f68e3c0179cb590463254062a553098cf74528a7f99481c12a9e27db81f38,
MS6704405,,ai_visual_review,2026-09-29T05:21:19.121605+00:00,https://image.msscdn.net/images/goods_img/20260619/6704405/6704405_17872096713819_500.jpg,,multiple_colors_or_uncertain
MS6953292,퍼플,ai_visual_review,2026-09-29T05:21:19.121605+00:00,https://image.msscdn.net/images/goods_img/20260729/6953292/6953292_17864385217170_500.jpg,1d44db6c30434b8c4e164fefa12b3382d028e921d9d3d0622b00798326bbf097,
MS3976042,블랙,ai_visual_review,2026-09-29T05:21:19.122601+00:00,https://image.msscdn.net/images/goods_img/20240321/3976042/3976042_17116938003546_500.jpg,b216496e1172a74178f42e34b865730dc893db1fb11629fd4c708fadba4268ef,
MS3913527,블루,ai_visual_review,2026-09-29T05:21:19.123596+00:00,https://image.msscdn.net/images/goods_img/20240229/3913527/3913527_17858269879799_500.png,f8e04a879f6cbe00e31585dbd07257b00aa32d94160172455531af41354a1175,
MS3483540,,ai_visual_review,2026-09-29T05:21:19.123596+00:00,https://image.msscdn.net/images/goods_img/20230822/3483540/3483540_17615378842984_500.jpg,,multiple_colors_or_uncertain
MS3927876,,ai_visual_review,2026-09-29T05:21:19.123596+00:00,https://image.msscdn.net/images/goods_img/20240306/3927876/3927876_17860013590160_500.png,,multiple_colors_or_uncertain
MS6786576,,ai_visual_review,2026-09-29T05:21:19.124595+00:00,https://image.msscdn.net/images/goods_img/20260705/6786576/6786576_17835664088005_500.jpg,,multiple_colors_or_uncertain
MS6497590,블랙,ai_visual_review,2026-09-29T05:21:19.124595+00:00,https://image.msscdn.net/images/goods_img/20260518/6497590/6497590_17836613654522_500.jpg,7d499e9c679e3a240918fd900fda4aeaa41b99f4a955a476bd04b79a7c980016,
MS5776127,베이지,ai_visual_review,2026-09-29T05:21:19.124595+00:00,https://image.msscdn.net/images/goods_img/20251126/5776127/5776127_17901469627629_500.jpg,65633fea62c54b2e38d26ea1aa9c61ef35669ea33df68737c45d422880ab7038,
MS7126483,화이트,ai_visual_review,2026-09-29T05:21:19.125594+00:00,https://image.msscdn.net/images/goods_img/20260821/7126483/7126483_17872785692447_500.jpg,2fb7c3a49066d8d55ba9a06e59e352ebc41786783f5fade5c6ac700d685bf2ab,
MS7085144,그린,ai_visual_review,2026-09-29T05:21:19.126606+00:00,https://image.msscdn.net/images/goods_img/20260814/7085144/7085144_17866972044823_500.jpg,94e9bc94b37cc8520df4a500e439e8b58ac1d2bc958d0f6bd271299450a0acc5,
MS7084906,네이비,ai_visual_review,2026-09-29T05:21:19.126606+00:00,https://image.msscdn.net/images/goods_img/20260814/7084906/7084906_17866964693693_500.jpg,d858c3994cc08987b4efc3beaf58b34e729662e5592ebd40904c790a0bb6d29d,
MS7100444,그레이,ai_visual_review,2026-09-29T05:21:19.127597+00:00,https://image.msscdn.net/images/goods_img/20260819/7100444/7100444_17870997504020_500.jpg,fb1e7182d41716f532f561eb26706e9da6ce3d4306e0756748564fca51442686,
MS7088654,그레이,ai_visual_review,2026-09-29T05:21:19.128608+00:00,https://image.msscdn.net/images/goods_img/20260817/7088654/7088654_17869480237600_500.jpg,8beda603111cd4c65655f9cc5760dc523c3788eed16c46062b4bc1882afdbbd1,
MS6899645,퍼플,ai_visual_review,2026-09-29T05:21:19.129608+00:00,https://image.msscdn.net/images/goods_img/20260722/6899645/6899645_17847228506222_500.jpg,40628095f04c179bbccc2dbc9441a54181014a1e5b0abd7ec0a988a78112b356,
MS6812676,그레이,ai_visual_review,2026-09-29T05:21:19.130594+00:00,https://image.msscdn.net/images/goods_img/20260709/6812676/6812676_17841792910391_500.jpg,294dd66f26af64fa72c318cd719f7c84539c198644b790c7cf6a91f1402cf543,
MS6951158,그레이,ai_visual_review,2026-09-29T05:21:19.131617+00:00,https://image.msscdn.net/images/goods_img/20260729/6951158/6951158_17871220354703_500.jpg,7f11717b5fa7802efd59aad359ab482e16ccc5a25ef85d75fef24f97ee20dabb,
MS6940492,아이보리,ai_visual_review,2026-09-29T05:21:19.133563+00:00,https://image.msscdn.net/images/goods_img/20260728/6940492/6940492_17863265524053_500.jpg,da85e7f4a720b0ce350ac5e18b5953e5d4b0fdf28ed6ff97fc1607bc0c248760,
MS6899468,퍼플,ai_visual_review,2026-09-29T05:21:19.134606+00:00,https://image.msscdn.net/images/goods_img/20260722/6899468/6899468_17847116461246_500.jpg,8309a5c93176d50b522e3c65919da60d05045815cd9b634a0394d8b96e7ecf64,
MS7074571,그레이,ai_visual_review,2026-09-29T05:21:19.135596+00:00,https://image.msscdn.net/images/goods_img/20260813/7074571/7074571_17882530553869_500.jpg,acb514419e7546bd6fa4aa904040a43bc1612994e738d20032780971be6955ef,
MS7074564,네이비,ai_visual_review,2026-09-29T05:21:19.135596+00:00,https://image.msscdn.net/images/goods_img/20260813/7074564/7074564_17882532483707_500.jpg,d86e347ebd981a0f91ad43106975b1fc0143fc8f8981f91fd765214b436a293d,
MS6781113,블랙,ai_visual_review,2026-09-29T05:21:19.135596+00:00,https://image.msscdn.net/images/goods_img/20260703/6781113/6781113_17841672791850_500.jpg,515761174673d9667c7590a2b374453d809b3f0010e85baf30763d4f58b56a96,
MS6388530,버건디,ai_visual_review,2026-09-29T05:21:19.136595+00:00,https://image.msscdn.net/images/goods_img/20260428/6388530/6388530_17812388135510_500.jpg,5649619e6e262e521978b9960c160ff73adb730040dc71da65f1a1db9ea17136,
MS6251564,화이트,ai_visual_review,2026-09-29T05:21:19.137595+00:00,https://image.msscdn.net/images/goods_img/20260403/6251564/6251564_17757908845056_500.jpg,c0a1e63ca88d0fd2df69a8bb06bd52cace45e1558566ed49663353f0d08d4d1a,
MS6446869,그레이,ai_visual_review,2026-09-29T05:21:19.138592+00:00,https://image.msscdn.net/images/goods_img/20260508/6446869/6446869_17839034262797_500.jpg,cef8ecdebeb5551df0357a4f40d44e89b69aef838f8da9f8087d69b0bf512991,
MS6842609,그린,ai_visual_review,2026-09-29T05:21:19.139595+00:00,https://image.msscdn.net/images/goods_img/20260714/6842609/6842609_17847948241300_500.jpg,7e8c93bc81f65a262899da9053eafb45b646c252736aaad2a3e8be48c5835bdf,
MS7125631,화이트,ai_visual_review,2026-09-29T05:21:19.139595+00:00,https://image.msscdn.net/images/goods_img/20260821/7125631/7125631_17872746211033_500.jpg,d9d513ee2b7f22c052431150a4afd3695ea4270f8e729469f6c84590bf723077,
MS5872106,카키,ai_visual_review,2026-09-29T05:21:19.140599+00:00,https://image.msscdn.net/images/goods_img/20260106/5872106/5872106_17706875667904_500.jpg,ffa0388ccd9c6aaa22dea17940ab95aa6d8bfe9578b88351c53a5dc18d69abeb,
MS7008492,브라운,ai_visual_review,2026-09-29T05:21:19.141603+00:00,https://image.msscdn.net/images/goods_img/20260806/7008492/7008492_17872901480246_500.jpg,9359e84ccc291c4e88a9846a572fd101a74657548c539c7cc0c812a1023e0c98,
MS7130230,브라운,ai_visual_review,2026-09-29T05:21:19.143541+00:00,https://image.msscdn.net/images/goods_img/20260821/7130230/7130230_17882236567543_500.jpg,47ce0e37ff7e5b133a193fe611b949042dcd6353c08e4703aeb70490f49f7064,
MS3042005,블랙,ai_visual_review,2026-09-29T05:21:19.143541+00:00,https://image.msscdn.net/images/goods_img/20230126/3042005/3042005_17171310712883_500.jpg,fe7d60aa5c92d4ddb2a4cdce200d9ede952eb7a00dac0740630aecaf1d168aab,
MS3927174,브라운,ai_visual_review,2026-09-29T05:21:19.144545+00:00,https://image.msscdn.net/images/goods_img/20240306/3927174/3927174_17568668915223_500.jpg,d2ddb658e3c4617ba929594fd878425d1e65e29296e500cf1c8c4b06c1491db4,
MS6980199,블랙,ai_visual_review,2026-09-29T05:21:19.145608+00:00,https://image.msscdn.net/images/goods_img/20260803/6980199/6980199_17864993065777_500.jpg,f4154663b8aa4ba3139e6b54c508a0fb8eb56207595378857c8f27264b65c6ca,
MS7079819,,ai_visual_review,2026-09-29T05:21:19.146596+00:00,https://image.msscdn.net/images/goods_img/20260814/7079819/7079819_17872975282831_500.jpg,,multiple_colors_or_uncertain
MS4898149,네이비,ai_visual_review,2026-09-29T05:21:19.146596+00:00,https://image.msscdn.net/images/goods_img/20250314/4898149/4898149_17419183333683_500.jpg,77cad0984039f6ced74bd46e653f0ed258ffa994e91a1b5d3f33f580a094ca93,
MS6106445,블랙,ai_visual_review,2026-09-29T05:21:19.147598+00:00,https://image.msscdn.net/images/goods_img/20260310/6106445/6106445_17738971850874_500.png,53073849f824816cfb6ee5bd0a0523aab6faf0fabdf50e7864b60815f4213ca1,
MS3030679,블랙,ai_visual_review,2026-09-29T05:21:19.148668+00:00,https://image.msscdn.net/images/goods_img/20230118/3030679/3030679_16740965597867_500.jpg,34b3004c201c45be76998837ddb439478551c539d6b5563d072fad7559fc45b5,
MS7048863,,ai_visual_review,2026-09-29T05:21:19.150654+00:00,https://image.msscdn.net/images/goods_img/20260811/7048863/7048863_17864314364359_500.jpg,,multiple_colors_or_uncertain
MS6820911,블루,ai_visual_review,2026-09-29T05:21:19.150654+00:00,https://image.msscdn.net/images/goods_img/20260710/6820911/6820911_17836581838099_500.jpg,ff03a28539a82590318a63b68a75622c277b42fc3442bb4d251f80f0c420b37c,
MS6883765,네이비,ai_visual_review,2026-09-29T05:21:19.150654+00:00,https://image.msscdn.net/images/goods_img/20260721/6883765/6883765_17848552459179_500.jpg,c90a573ebee21e142db82f47878a6335bee55086a79df9633aeba4929e59f6c8,
MS4763740,그레이,ai_visual_review,2026-09-29T05:21:19.151654+00:00,https://image.msscdn.net/images/goods_img/20250206/4763740/4763740_17778563112945_500.jpg,6c2d81d0527713f8a92223ed96d5414f9459718c4939916725a720a2d6310a8e,
MS6041618,그레이,ai_visual_review,2026-09-29T05:21:19.152653+00:00,https://image.msscdn.net/images/goods_img/20260223/6041618/6041618_17739739487913_500.jpg,496e42fd100f000f42a15c4985a387dfe14c0edef1581fba6902d41db21ddc4d,
MS7037660,,ai_visual_review,2026-09-29T05:21:19.153678+00:00,https://image.msscdn.net/images/goods_img/20260810/7037660/7037660_17871875659740_500.jpg,,multiple_colors_or_uncertain
MS7000528,베이지,ai_visual_review,2026-09-29T05:21:19.153678+00:00,https://image.msscdn.net/images/goods_img/20260805/7000528/7000528_17859119866695_500.jpg,91cdb582cd903552465522622cb7ac1c1306f9bdb939025df89ac23547566bc0,
MS2360891,아이보리,ai_visual_review,2026-09-29T05:21:19.154651+00:00,https://image.msscdn.net/images/goods_img/20220215/2360891/2360891_17840880939350_500.jpg,f2522cd158ab8d0ef5dcc21ba1e3431cd86c2683f82d002865e97d4afda34025,
MS4290311,베이지,ai_visual_review,2026-09-29T05:21:19.156651+00:00,https://image.msscdn.net/images/goods_img/20240801/4290311/4290311_17225050444079_500.jpg,4670b3b27118b11c85f9773346452ac255a3ce4d1f97f46ad41e71b70c58c0c7,
MS3885151,카키,ai_visual_review,2026-09-29T05:21:19.156651+00:00,https://image.msscdn.net/images/goods_img/20240220/3885151/3885151_17084167139812_500.jpg,0ce782485e1c6471146a3138fc9f1ea7b2c1781d49659b291c3b2706a3f69d54,
MS7052148,아이보리,ai_visual_review,2026-09-29T05:21:19.157657+00:00,https://image.msscdn.net/images/goods_img/20260811/7052148/7052148_17864481668720_500.jpg,be1bd6c751bcb80f27d794737e7793786693b647b2311677c4739a646a1bdc6f,
MS7086870,브라운,ai_visual_review,2026-09-29T05:21:19.158658+00:00,https://image.msscdn.net/images/goods_img/20260814/7086870/7086870_17867114722553_500.jpg,add88c44fdf273684388e330224dfc24c3cc1bfa78907efbdd35fdba969007cf,
MS7052493,블랙,ai_visual_review,2026-09-29T05:21:19.159731+00:00,https://image.msscdn.net/images/goods_img/20260811/7052493/7052493_17864504577191_500.jpg,6b2c4719a8b7561095cb1f4b54b2f8d78a5a427495d57a95067936dc79235d99,
MS7052484,브라운,ai_visual_review,2026-09-29T05:21:19.159731+00:00,https://image.msscdn.net/images/goods_img/20260811/7052484/7052484_17864503763291_500.jpg,4f1dad13516b8b588ab5d8087f4f5aa6d019c465b64bf1465df1a29b5b7ee4fa,
MS6434285,그레이,ai_visual_review,2026-09-29T05:21:19.160731+00:00,https://image.msscdn.net/images/goods_img/20260507/6434285/6434285_17871362401940_500.jpg,7c45d9247778c1c8ad85d03f1ddf2dbc68153bd0dce0135cad0e74cc4813a4da,
MS6398934,그레이,ai_visual_review,2026-09-29T05:21:19.161730+00:00,https://image.msscdn.net/images/goods_img/20260429/6398934/6398934_17890559491051_500.jpg,7622cce0bfa9baca618044df472ad0cf8355871e5a0fb68ddb1a19238fd90574,
MS6796665,옐로,ai_visual_review,2026-09-29T05:21:19.161730+00:00,https://image.msscdn.net/images/goods_img/20260707/6796665/6796665_17876230671236_500.jpg,7edabee4f067ad4d1e971481c337ef8e84343767ab9e36b96678ff448145a22a,
MS3716632,,ai_visual_review,2026-09-29T05:21:19.162733+00:00,https://image.msscdn.net/images/goods_img/20231116/3716632/3716632_17591147104039_500.jpg,,multiple_colors_or_uncertain
MS4615031,그레이,ai_visual_review,2026-09-29T05:21:19.162733+00:00,https://image.msscdn.net/images/goods_img/20241114/4615031/4615031_17315650766614_500.jpg,8f89f4280b18c402a7178da18ac054bec718c3569e99615ef26a0b2a501249dc,
MS5550541,브라운,ai_visual_review,2026-09-29T05:21:19.163374+00:00,https://image.msscdn.net/images/goods_img/20250930/5550541/5550541_17593154824368_500.jpg,81debdbb363306b641cf05e720cfd1e782acc20ed35f4f2e7db1f4bd8e82da34,
MS4470056,카키,ai_visual_review,2026-09-29T05:21:19.165425+00:00,https://image.msscdn.net/images/goods_img/20240927/4470056/4470056_17593708342462_500.jpg,3b135eba7b3b207a03f9f24d00a7b8e03965b97515b8d52f8b3c32fdb015572f,
MS6935824,네이비,ai_visual_review,2026-09-29T05:21:19.166414+00:00,https://image.msscdn.net/images/goods_img/20260728/6935824/6935824_17851935175117_500.jpg,fcb506546871bf030adc834d094595119c820e1731ac3c75ac186478c4b9aff3,
MS5881095,베이지,ai_visual_review,2026-09-29T05:21:19.167431+00:00,https://image.msscdn.net/images/goods_img/20260109/5881095/5881095_17714848038287_500.jpg,e91eb222fd8af9cc1c33b6fac0b2cec8d9ee257ec8f71577ed6923af1f3856fd,
MS6833957,그레이,ai_visual_review,2026-09-29T05:21:19.168852+00:00,https://image.msscdn.net/images/goods_img/20260713/6833957/6833957_17870395342614_500.jpg,19df3c2d827ec52e51c02922a8f047a30367edafea53f549af984026693b97d7,
MS3109051,,ai_visual_review,2026-09-29T05:21:19.168852+00:00,https://image.msscdn.net/images/goods_img/20230227/3109051/3109051_17195594171444_500.jpg,,multiple_colors_or_uncertain
MS6724568,레드,ai_visual_review,2026-09-29T05:21:19.168852+00:00,https://image.msscdn.net/images/goods_img/20260624/6724568/6724568_17823774605070_500.jpg,6e97d96ece13c8dd06846cd7b55dbac3249d067445ed7ab39aed9a97fd1746c9,
MS5521931,카키,ai_visual_review,2026-09-29T05:21:19.169862+00:00,https://image.msscdn.net/images/goods_img/20250924/5521931/5521931_17586893031312_500.jpg,f4485e4618a17cbe1f6f66562d69715d28c1877ffc370c71936d97368d9c8048,
MS6781130,블랙,ai_visual_review,2026-09-29T05:21:19.170856+00:00,https://image.msscdn.net/images/goods_img/20260703/6781130/6781130_17835026182337_500.jpg,a28a79e3c699ee8b3a798db82fa302da39188a74ab30ed344d1046c4dd39e5e0,
MS7114259,네이비,ai_visual_review,2026-09-29T05:21:19.171855+00:00,https://image.msscdn.net/images/goods_img/20260820/7114259/7114259_17871916691176_500.jpg,12107521d6396a5d1748ac05fec1b14360933cc5a6ddd958f830b40da2db01af,
MS7114046,그레이,ai_visual_review,2026-09-29T05:21:19.171855+00:00,https://image.msscdn.net/images/goods_img/20260820/7114046/7114046_17871907277287_500.jpg,4cd1c5f0c5d0b3b155c9839adf70248cad4decf04efcd0274b7435805d4cf782,
MS7114026,,ai_visual_review,2026-09-29T05:21:19.172856+00:00,https://image.msscdn.net/images/goods_img/20260820/7114026/7114026_17871906466562_500.jpg,,multiple_colors_or_uncertain
MS7130895,브라운,ai_visual_review,2026-09-29T05:21:19.172856+00:00,https://image.msscdn.net/images/goods_img/20260821/7130895/7130895_17891027126025_500.jpg,d0d34260ec71adaad3ea8ecf8a136cca1f00d656d8e10c2b28ed06fae72e8797,
MS7126762,화이트,ai_visual_review,2026-09-29T05:21:19.173857+00:00,https://image.msscdn.net/images/goods_img/20260821/7126762/7126762_17872793538225_500.jpg,e70952f81ebe465a55d99ba21e3a8c058beb47ede069a3bab2b35d1fef58c37f,
MS5269681,네이비,ai_visual_review,2026-09-29T05:21:19.173857+00:00,https://image.msscdn.net/images/goods_img/20250724/5269681/5269681_17852157794152_500.jpg,c3083b06a5b035e88ba2ff5a009285714b0c4532310bd7b013c418658db17761,
MS6121687,네이비,ai_visual_review,2026-09-29T05:21:19.175362+00:00,https://image.msscdn.net/images/goods_img/20260312/6121687/6121687_17733004746128_500.jpg,dc8430821cba0becb1e1ad8f25704146a61df26384058df804b3a37b4fe39556,
MS6536825,네이비,ai_visual_review,2026-09-29T05:21:19.176367+00:00,https://image.msscdn.net/images/goods_img/20260522/6536825/6536825_17805777605411_500.jpg,7af63a04626894fec4deee493fe6a4fa7dcc1beb3a6c2530ad921b841e9de9be,
MS5081272,블루,ai_visual_review,2026-09-29T05:21:19.176367+00:00,https://image.msscdn.net/images/goods_img/20250430/5081272/5081272_17568901234723_500.jpg,17aac94f809bf244f99d9b87f244013fd85024ad8f0a7611b191d58e5331ce9c,
MS6953336,브라운,ai_visual_review,2026-09-29T05:21:19.177368+00:00,https://image.msscdn.net/images/goods_img/20260729/6953336/6953336_17864382550071_500.jpg,6309228033ab8c1e8db7ef2adeb3e4686755fde2f87d3b0e440e8585da36bdad,
MS6978452,브라운,ai_visual_review,2026-09-29T05:21:19.178367+00:00,https://image.msscdn.net/images/goods_img/20260803/6978452/6978452_17872711539574_500.jpg,3e8a08252f8648662d8e4c9dd7f0d0ee7344cc4e8802d956cdcafb7eb95d34e4,
MS6815915,블루,ai_visual_review,2026-09-29T05:21:19.178367+00:00,https://image.msscdn.net/images/goods_img/20260709/6815915/6815915_17872737838758_500.png,e726fb897ee317ba4f16ddf14b047e434eb4be2e3093df097e1604faf0849ffc,
MS6978446,브라운,ai_visual_review,2026-09-29T05:21:19.179367+00:00,https://image.msscdn.net/images/goods_img/20260803/6978446/6978446_17872068093514_500.jpg,4197c2fe8d38f8a5665fb5574bab3dbeb2585002f1beef7d07e1d12f8bf795cf,
MS7024854,네이비,ai_visual_review,2026-09-29T05:21:19.180366+00:00,https://image.msscdn.net/images/goods_img/20260807/7024854/7024854_17896041783934_500.jpg,59b30d9491e25f3d1aabe16ef43b77ef48c49dc8123715e221cfdc047547d9ff,
MS6970676,네이비,ai_visual_review,2026-09-29T05:21:19.180366+00:00,https://image.msscdn.net/images/goods_img/20260731/6970676/6970676_17872080384404_500.jpg,c06d9cf642cfcae7b65974986e49135aa6d231b4bc15304f1c2e17f3e3c1bcf9,
MS6814919,브라운,ai_visual_review,2026-09-29T05:21:19.181367+00:00,https://image.msscdn.net/images/goods_img/20260709/6814919/6814919_17835847649651_500.jpg,07b3179f95f7f240abceaced88416857edd49a414b83c0b5e1e0a05a60638895,
MS5200530,블랙,ai_visual_review,2026-09-29T05:21:19.182366+00:00,https://image.msscdn.net/images/goods_img/20250623/5200530/5200530_17507447516406_500.jpg,3fa559fed21519a82e9246f564c5f87d8b7657fe77b75c541fb7f8729d497809,
MS6057479,블랙,ai_visual_review,2026-09-29T05:21:19.183366+00:00,https://image.msscdn.net/images/goods_img/20260226/6057479/6057479_17853844986391_500.png,348872bfc14c8cc9b5465d7516e21b33fd15b58d7fe5f6ead3efd2a16ac529ed,
MS5924495,블랙,ai_visual_review,2026-09-29T05:21:19.183366+00:00,https://image.msscdn.net/images/goods_img/20260122/5924495/5924495_17690606108532_500.jpg,76e926c47dfcf3d4d71ab17d3e8b6af9fa5650f615c603bb2daa2985d12e69ae,
MS4670831,블랙,ai_visual_review,2026-09-29T05:21:19.184367+00:00,https://image.msscdn.net/images/goods_img/20241217/4670831/4670831_17345148494373_500.jpg,7cdb2ca5b56526d858c469e0585983415b0bf8b00fe85c0e1a334b2ffc369cf0,
MS6830189,버건디,ai_visual_review,2026-09-29T05:21:19.185539+00:00,https://image.msscdn.net/images/goods_img/20260713/6830189/6830189_17847947365244_500.jpg,d19327fdac82eacc308fa6f598f8ec668209371844ccb9bcab19ecb0a1251410,
MS7104363,베이지,ai_visual_review,2026-09-29T05:21:19.186296+00:00,https://image.msscdn.net/images/goods_img/20260819/7104363/7104363_17873008705440_500.jpg,b7c8dfa1b592eeb0faebdb9444f6e309abde8d87eda75a83bc646faad3b58fe7,
MS7104362,카키,ai_visual_review,2026-09-29T05:21:19.186296+00:00,https://image.msscdn.net/images/goods_img/20260819/7104362/7104362_17873022992010_500.jpg,6dfa35b176fda9553ae55f6d301a2b3b3ffb9335281a29df82d8d91f9bbf2b93,
MS7074252,블루,ai_visual_review,2026-09-29T05:21:19.187299+00:00,https://image.msscdn.net/images/goods_img/20260813/7074252/7074252_17871087215593_500.jpg,11bd49adbbe643d0e612b0c320e3e5e1383910ad97818cb0dcc6d5a195e20266,
MS7074248,카키,ai_visual_review,2026-09-29T05:21:19.188299+00:00,https://image.msscdn.net/images/goods_img/20260813/7074248/7074248_17871086507492_500.jpg,67b3f0d737add9ee84312660378c874787e3bd2677d1648a0f8398ab5bfe04fa,
MS6686096,,ai_visual_review,2026-09-29T05:21:19.188299+00:00,https://image.msscdn.net/images/goods_img/20260617/6686096/6686096_17833296207398_500.jpg,,multiple_colors_or_uncertain
MS7130885,브라운,ai_visual_review,2026-09-29T05:21:19.188299+00:00,https://image.msscdn.net/images/goods_img/20260821/7130885/7130885_17872937560713_500.jpg,0d7515eed60352e8c24dd231f60846f1055e47b83c8ad8c11ed5033dadd32d24,
MS4938716,베이지,ai_visual_review,2026-09-29T05:21:19.189300+00:00,https://image.msscdn.net/images/goods_img/20250325/4938716/4938716_17454654731204_500.jpg,4aa288b4512ffe71472ca5ebe95b7e65bd9c6e00439960de61351ce9f2eeafba,
MS5815195,버건디,ai_visual_review,2026-09-29T05:21:19.190322+00:00,https://image.msscdn.net/images/goods_img/20251209/5815195/5815195_17701809240551_500.jpg,0308ae9f54309efdcc5941ef2edcaf4dc8a7560df69a1cbea16623a4427f9f16,
MS6736325,그레이,ai_visual_review,2026-09-29T05:21:19.191311+00:00,https://image.msscdn.net/images/goods_img/20260626/6736325/6736325_17872111746203_500.jpg,9ea02b88909efb63e8d68c8ac0093eb0f1c9ddb0f13c9123302ba8d2d6e01a92,
MS7130226,블랙,ai_visual_review,2026-09-29T05:21:19.191311+00:00,https://image.msscdn.net/images/goods_img/20260821/7130226/7130226_17882236531213_500.jpg,0b331edc16af830ddbcf61f0a8f4ed9e4e10438fa4a7a1444645c569e67633ca,
MS7066756,카키,ai_visual_review,2026-09-29T05:21:19.192299+00:00,https://image.msscdn.net/images/goods_img/20260813/7066756/7066756_17865791305466_500.jpg,fb0f1fb084c239d593a9ee3cc798254045e35b26dfc3d68c4681b691e481f485,
MS4644497,블랙,ai_visual_review,2026-09-29T05:21:19.192299+00:00,https://image.msscdn.net/images/goods_img/20241202/4644497/4644497_17846179657550_500.jpg,b35280180822136cab23bc249373de80602cb6d9e1908f1469659bdc0246c029,
MS5874440,아이보리,ai_visual_review,2026-09-29T05:21:19.193300+00:00,https://image.msscdn.net/images/goods_img/20260107/5874440/5874440_17678491164210_500.jpg,f5a9f0923eede2a8b239932b68280258c046de40ba93938d3a25abea53928a10,
MS7066754,그린,ai_visual_review,2026-09-29T05:21:19.194299+00:00,https://image.msscdn.net/images/goods_img/20260813/7066754/7066754_17865787126409_500.jpg,32ff316814ad0016dcbd5e78107b77945a76f4e649f66d3451530495c53ab70c,
MS6266694,레드,ai_visual_review,2026-09-29T05:21:19.194299+00:00,https://image.msscdn.net/images/goods_img/20260407/6266694/6266694_17847013282498_500.jpg,19a02a2491a73bce4aafc6697d62b114aacb37b661e9124cb029403f52a8e774,
MS4845145,베이지,ai_visual_review,2026-09-29T05:21:19.195299+00:00,https://image.msscdn.net/images/goods_img/20250228/4845145/4845145_17411616150816_500.jpg,76594098e84b6e3e13ba04b108bca9a75928b32d6df6ad43e514230723ea66e6,
MS7129516,블랙,ai_visual_review,2026-09-29T05:21:19.196299+00:00,https://image.msscdn.net/images/goods_img/20260821/7129516/7129516_17872888261857_500.jpg,4e60d08701dd73b90cb9e597e83e94b1ddd32c225dc95333eda2f98b4853998a,
MS7118479,그레이,ai_visual_review,2026-09-29T05:21:19.198302+00:00,https://image.msscdn.net/images/goods_img/20260820/7118479/7118479_17872191218047_500.jpg,19a34a49da18c6e9b80092a13e4e1804f60f8812eb30ce7f37765107e3c4a9a1,
MS7116145,그레이,ai_visual_review,2026-09-29T05:21:19.199300+00:00,https://image.msscdn.net/images/goods_img/20260820/7116145/7116145_17872006467335_500.jpg,eba3eec877a2c006d999bcafb203b2cca024899db818bbc10d41d9bb4d70bd5c,
MS6309315,,ai_visual_review,2026-09-29T05:21:19.200304+00:00,https://image.msscdn.net/images/goods_img/20260414/6309315/6309315_17761553656694_500.jpg,,multiple_colors_or_uncertain
MS6309293,,ai_visual_review,2026-09-29T05:21:19.200304+00:00,https://image.msscdn.net/images/goods_img/20260414/6309293/6309293_17761552427875_500.jpg,,multiple_colors_or_uncertain
MS6306936,베이지,ai_visual_review,2026-09-29T05:21:19.200304+00:00,https://image.msscdn.net/images/goods_img/20260414/6306936/6306936_17761448688744_500.jpg,b1400359e1b062c6f28dd1d800740c348770d59b77cfde05b99cecd516ac8116,
MS6917751,그레이,ai_visual_review,2026-09-29T05:21:19.201300+00:00,https://image.msscdn.net/images/goods_img/20260724/6917751/6917751_17853163008421_500.jpg,0791d4eecee5705e7770d5cd888c427ee677f4a754e5e464c52391203d51ea15,
MS6736331,,ai_visual_review,2026-09-29T05:21:19.202298+00:00,https://image.msscdn.net/images/goods_img/20260626/6736331/6736331_17872129302770_500.jpg,,multiple_colors_or_uncertain
MS7130709,그레이,ai_visual_review,2026-09-29T05:21:19.202298+00:00,https://image.msscdn.net/images/goods_img/20260821/7130709/7130709_17877258973318_500.jpg,37f6b71a5ce20f0020e965a88726fad515e0e76da9f72f80f158c4866bf4338c,
MS7046980,베이지,ai_visual_review,2026-09-29T05:21:19.202298+00:00,https://image.msscdn.net/images/goods_img/20260811/7046980/7046980_17864980218955_500.jpg,5b85c96b8b9e69e1e05ae8f7341ddfebe01aaefc1df41f4c5ca15068965ac522,
MS5343592,그레이,ai_visual_review,2026-09-29T05:21:19.203299+00:00,https://image.msscdn.net/images/goods_img/20250820/5343592/5343592_17665402722685_500.png,f416db989c26125dd6300f351bae6b86db1d4eef61cc8a9a9c4a9d93fd4b810d,
MS6883776,,ai_visual_review,2026-09-29T05:21:19.204299+00:00,https://image.msscdn.net/images/goods_img/20260721/6883776/6883776_17845922519249_500.jpg,,multiple_colors_or_uncertain
MS5343565,아이보리,ai_visual_review,2026-09-29T05:21:19.204299+00:00,https://image.msscdn.net/images/goods_img/20250820/5343565/5343565_17575693224563_500.png,852e0cf27075f478291a7b3a8323097f7182a3016630b4ef3d52c6221059c0ca,
MS6839777,카키,ai_visual_review,2026-09-29T05:21:19.205298+00:00,https://image.msscdn.net/images/goods_img/20260714/6839777/6839777_17870513689283_500.jpg,8511a3001b3828d6f38b5af0d6701ca64a24d554de7f71692862bdb2d4ba87d3,
MS6979919,그레이,ai_visual_review,2026-09-29T05:21:19.205298+00:00,https://image.msscdn.net/images/goods_img/20260803/6979919/6979919_17866812857967_500.jpg,f1c0decb1326922b9be09c85b4212e0a3b4dfa53452aab3dfee9c1cc89b1dff3,
MS6979910,그레이,ai_visual_review,2026-09-29T05:21:19.206300+00:00,https://image.msscdn.net/images/goods_img/20260803/6979910/6979910_17866844310596_500.jpg,262a3774ddd9289c50e01391560383fd64bc2347abbdc71b1de050ac1ba29cdd,
MS6979911,브라운,ai_visual_review,2026-09-29T05:21:19.207298+00:00,https://image.msscdn.net/images/goods_img/20260803/6979911/6979911_17866843110992_500.jpg,d2b845b7bde531ba92e7b88abfee2d08365cc7305a595f26ccbcbb835b04f1f1,
MS5526384,네이비,ai_visual_review,2026-09-29T05:21:19.208298+00:00,https://image.msscdn.net/images/goods_img/20250924/5526384/5526384_17628260413697_500.jpg,baae884e904b9181e577f8606aa7857932d73ae61f4236c7251852ae51b7273d,
MS6868742,카키,ai_visual_review,2026-09-29T05:21:19.208298+00:00,https://image.msscdn.net/images/goods_img/20260717/6868742/6868742_17842583767515_500.jpg,5938b9a23b1089c85939bbce51fa33a937d917a28efd4de206536cb3d147984d,
MS3635002,블랙,ai_visual_review,2026-09-29T05:21:19.209299+00:00,https://image.msscdn.net/images/goods_img/20231017/3635002/3635002_17633603048478_500.jpg,f4a827e6f2eb133426bcbb27bf7ab2d2f5fa169591ffc9928b9e299a7931c34a,
MS6197693,브라운,ai_visual_review,2026-09-29T05:21:19.210300+00:00,https://image.msscdn.net/images/goods_img/20260325/6197693/6197693_17744579907700_500.jpeg,55b595a8ec8b9b8b63328e6033f48a03e1f02e2c61e5868a53030e5b57ab0b7c,
MS6136923,베이지,ai_visual_review,2026-09-29T05:21:19.211298+00:00,https://image.msscdn.net/images/goods_img/20260316/6136923/6136923_17739836587791_500.jpg,0658e5de84d8e67847bbc471058cb9fad615ad5612cbcc54435d98ec7429f1e3,
MS6450036,블루,ai_visual_review,2026-09-29T05:21:19.211298+00:00,https://image.msscdn.net/images/goods_img/20260511/6450036/6450036_17858223200639_500.jpg,790fbd0edecb4e00ffd9e43b087cd8d20c53e7f4fbc5d050cb77bd02cb7faa6b,
MS6980872,블루,ai_visual_review,2026-09-29T05:21:19.212300+00:00,https://image.msscdn.net/images/goods_img/20260803/6980872/6980872_17857417110525_500.jpg,5740eb24b4d2933d885b5bd8c301290d9bf67c27427d42254f4b9b2f57adfc78,
MS6897082,블루,ai_visual_review,2026-09-29T05:21:19.213298+00:00,https://image.msscdn.net/images/goods_img/20260722/6897082/6897082_17852913162650_500.jpg,45b126d97bfba1cdd536dfda4a1cd6192589ddd35cb12e67c2484192f354f3b7,
MS5310275,블루,ai_visual_review,2026-09-29T05:21:19.213298+00:00,https://image.msscdn.net/images/goods_img/20250811/5310275/5310275_17840785898489_500.jpg,fb1db8a4d72bc32d163c1ab2b32607668d5795e5590708eebf9d63693cd4ccbb,
MS6148718,네이비,ai_visual_review,2026-09-29T05:21:19.215299+00:00,https://image.msscdn.net/images/goods_img/20260317/6148718/6148718_17773547920190_500.jpg,222543b7e006591a87bf88a8f8e9e26f624666b1ba05b4e16c2720a560e72367,
MS6355069,그레이,ai_visual_review,2026-09-29T05:21:19.216298+00:00,https://image.msscdn.net/images/goods_img/20260422/6355069/6355069_17768374423880_500.jpg,efd1251b8000eeffca19a5f37f3eee8e9a951fa56fa321e65a518209b5fdbf7f,
MS6979690,그레이,ai_visual_review,2026-09-29T05:21:19.217298+00:00,https://image.msscdn.net/images/goods_img/20260803/6979690/6979690_17865031380474_500.jpg,200bce0b980b40be7b6367f6d3a5824a5a11fd2a89122b2132ed62a46d77c1ad,
MS6875797,블루,ai_visual_review,2026-09-29T05:21:19.218299+00:00,https://image.msscdn.net/images/goods_img/20260720/6875797/6875797_17847959402727_500.jpg,f54e1d34a2e9f7186b347a26cd38c1fd3eb38b79ad341188648a82834c75f8c5,
MS7132709,네이비,ai_visual_review,2026-09-29T05:21:19.219298+00:00,https://image.msscdn.net/images/goods_img/20260821/7132709/7132709_17872990140020_500.jpg,f2f97ed6ad68834d769a391900e608a79d57433411be87c2322ad49a9376a358,
MS7121342,블루,ai_visual_review,2026-09-29T05:21:19.220299+00:00,https://image.msscdn.net/images/goods_img/20260820/7121342/7121342_17872165085737_500.jpg,d0733fe8fe6049e980d4d259d9e4ad6e566b9cddf94d8083cf2a9417014d079d,
MS7117319,네이비,ai_visual_review,2026-09-29T05:21:19.221395+00:00,https://image.msscdn.net/images/goods_img/20260820/7117319/7117319_17872047689396_500.png,c038b1b1672f889df84a75f957f4c8eb0b2d1cb16d49e7ee57adc96c0214bb0d,
MS6918823,레드,ai_visual_review,2026-09-29T05:21:19.222401+00:00,https://image.msscdn.net/images/goods_img/20260724/6918823/6918823_17853109485523_500.jpg,b62bb86b4833722069fcbb36ff3493d87ecc575963133290bc64bf49c51eb861,
MS4062254,,ai_visual_review,2026-09-29T05:21:19.222401+00:00,https://image.msscdn.net/images/goods_img/20240417/4062254/4062254_17510102833684_500.jpg,,multiple_colors_or_uncertain
MS6754129,네이비,ai_visual_review,2026-09-29T05:21:19.222401+00:00,https://image.msscdn.net/images/goods_img/20260630/6754129/6754129_17828019471255_500.jpg,2be58d4d871af21926ff474452853aac934163b1bd182013c88a5d5726a281eb,
MS5811545,블랙,ai_visual_review,2026-09-29T05:21:19.223399+00:00,https://image.msscdn.net/images/goods_img/20251208/5811545/5811545_17688058340524_500.jpg,5dbd8252781f4f6a0bcfad5cabdee911a3396c717f3fa93a0801aa32b5b632b4,
MS5252900,,ai_visual_review,2026-09-29T05:21:19.224399+00:00,https://image.msscdn.net/images/goods_img/20250717/5252900/5252900_17708702174576_500.png,,multiple_colors_or_uncertain
MS5086054,블랙,ai_visual_review,2026-09-29T05:21:19.224399+00:00,https://image.msscdn.net/images/goods_img/20250502/5086054/5086054_17461635134788_500.jpg,3b96121c2fc3bca80befc2d038e4f2a56240a4a0b066734bf8262d54a7f6c9ad,
MS5253069,,ai_visual_review,2026-09-29T05:21:19.224399+00:00,https://image.msscdn.net/images/goods_img/20250717/5253069/5253069_17709515399841_500.jpg,,multiple_colors_or_uncertain
MS6706315,블랙,ai_visual_review,2026-09-29T05:21:19.224399+00:00,https://image.msscdn.net/images/goods_img/20260621/6706315/6706315_17894452787993_500.jpg,abeedbf6cb0f286d372b68713673d24b3e4350292c0a69c186080cb2f88f3680,
MS5236473,베이지,ai_visual_review,2026-09-29T05:21:19.225399+00:00,https://image.msscdn.net/images/goods_img/20250709/5236473/5236473_17720102636304_500.jpg,9f587dabd71cab53ed006f3621db47b240a8e9d60b365a7102f1a40f3f502829,
MS7123017,네이비,ai_visual_review,2026-09-29T05:21:19.226399+00:00,https://image.msscdn.net/images/goods_img/20260820/7123017/7123017_17903229169401_500.jpg,0d3c04fddb8b8142ca0cb3dd562e5612123f71bd7056c83a114da7c500156e37,
MS7123038,네이비,ai_visual_review,2026-09-29T05:21:19.226399+00:00,https://image.msscdn.net/images/goods_img/20260820/7123038/7123038_17900182828934_500.jpg,031be263a326ba45295ec7aa94939e0180f201a3ccd632e7cbdfacfb3308c59d,
MS7092583,,ai_visual_review,2026-09-29T05:21:19.226399+00:00,https://image.msscdn.net/images/goods_img/20260818/7092583/7092583_17906336790439_500.jpg,,multiple_colors_or_uncertain
MS7089383,블랙,ai_visual_review,2026-09-29T05:21:19.226399+00:00,https://image.msscdn.net/images/goods_img/20260818/7089383/7089383_17888477515262_500.jpg,558c0793c4b84801812ffcd184e24955c9f19733df78de7106c3dea298e7e4a3,
MS7089380,브라운,ai_visual_review,2026-09-29T05:21:19.226399+00:00,https://image.msscdn.net/images/goods_img/20260818/7089380/7089380_17871051576401_500.jpg,1faa5f392aec24da0659873b016216f315a73b103145e44a0db314baa0c81f3f,
MS7091165,블랙,ai_visual_review,2026-09-29T05:21:19.227415+00:00,https://image.msscdn.net/images/goods_img/20260818/7091165/7091165_17870287054576_500.jpg,3032f32105f67ce130246e625f69a2a478005527066e1b860941f456636a0b6c,
MS7092540,네이비,ai_visual_review,2026-09-29T05:21:19.228426+00:00,https://image.msscdn.net/images/goods_img/20260818/7092540/7092540_17900470890107_500.jpg,903e11b0ddfa4c7994ac22f88b7ea1c46b1d8eee7f86fbe3b4cf40bf940109d2,
MS7092588,,ai_visual_review,2026-09-29T05:21:19.229401+00:00,https://image.msscdn.net/images/goods_img/20260818/7092588/7092588_17903228348260_500.jpg,,multiple_colors_or_uncertain
MS7092575,네이비,ai_visual_review,2026-09-29T05:21:19.229401+00:00,https://image.msscdn.net/images/goods_img/20260818/7092575/7092575_17903227353274_500.jpg,e9b2643c0406814b006eb9bf7cbb182d72424eb5f9d14069c4ea4533644c1801,
MS3730406,브라운,ai_visual_review,2026-09-29T05:21:19.229401+00:00,https://image.msscdn.net/images/goods_img/20231123/3730406/3730406_17775366850574_500.jpg,e3907d28bef42e2085fe9a97a34143cec2edc9b1810f02dcc63f81ba9ece8db0,
MS6261761,베이지,ai_visual_review,2026-09-29T05:21:19.230401+00:00,https://image.msscdn.net/images/goods_img/20260406/6261761/6261761_17756200713051_500.jpg,f3a8b949dca117e6fea250cd1d3b1ce7378564da3792547acc7174ccef7921da,
MS7130907,브라운,ai_visual_review,2026-09-29T05:21:19.231400+00:00,https://image.msscdn.net/images/goods_img/20260821/7130907/7130907_17890922818388_500.jpg,1d3228fb0242a500e8347b791b870117358d98dd55650ab87022a1c142fc23e0,
MS6095188,그레이,ai_visual_review,2026-09-29T05:21:19.231400+00:00,https://image.msscdn.net/images/goods_img/20260306/6095188/6095188_17872677721206_500.jpg,4f8eb27961a5251ac5ee6da2464f4f4a81db58b8f9e6cdd340e84e0cae11ca93,
MS6931959,블루,ai_visual_review,2026-09-29T05:21:19.232401+00:00,https://image.msscdn.net/images/goods_img/20260727/6931959/6931959_17888342855309_500.jpg,887d8c4668aacccaa3eb380f67e60b01ba4cfe9e2f72224b380368fca63c4c86,
MS7117714,,ai_visual_review,2026-09-29T05:21:19.233403+00:00,https://image.msscdn.net/images/goods_img/20260820/7117714/7117714_17872121366395_500.jpg,,multiple_colors_or_uncertain
MS3816983,브라운,ai_visual_review,2026-09-29T05:21:19.233403+00:00,https://image.msscdn.net/images/goods_img/20240123/3816983/3816983_17853945723182_500.jpg,3f7429b34c3f3e2523325f7b9f08f53184d96567cb7cb8811f376aebe49cd73f,
MS1923315,,ai_visual_review,2026-09-29T05:21:19.234399+00:00,https://image.msscdn.net/images/goods_img/20210427/1923315/1923315_17471030291047_500.jpg,,multiple_colors_or_uncertain
MS6111131,카키,ai_visual_review,2026-09-29T05:21:19.234399+00:00,https://image.msscdn.net/images/goods_img/20260311/6111131/6111131_17731585402203_500.jpg,ef8c751899bf8cf928b622db36b5530c57661767961549d70786ac8022fe7c06,
MS7037407,베이지,ai_visual_review,2026-09-29T05:21:19.235399+00:00,https://image.msscdn.net/images/goods_img/20260810/7037407/7037407_17870370682766_500.jpg,327207cf456b42c8e0376f61610c3c0be6e0b605d3e42d1c7329704dbc660707,
MS7049343,,ai_visual_review,2026-09-29T05:21:19.236405+00:00,https://image.msscdn.net/images/goods_img/20260811/7049343/7049343_17872920404116_500.jpg,,multiple_colors_or_uncertain
MS6978389,브라운,ai_visual_review,2026-09-29T05:21:19.236405+00:00,https://image.msscdn.net/images/goods_img/20260803/6978389/6978389_17872922440834_500.jpg,b314aa1b2df279c0883f9d005f991d5580e1c07b319da0d44bdeb99de43b4d97,
MS5945210,그레이,ai_visual_review,2026-09-29T05:21:19.237405+00:00,https://image.msscdn.net/images/goods_img/20260127/5945210/5945210_17696887586961_500.jpg,2b0f46e1b28ce0561839a4aaaad257ab174ae782d3ae87bab7a8d13f5694ae01,
MS7124761,블랙,ai_visual_review,2026-09-29T05:21:19.238405+00:00,https://image.msscdn.net/images/goods_img/20260821/7124761/7124761_17872671224765_500.jpg,bb5144ebf8d5c54d789f095461d4578fa0b3de4c7f92fe91d827a5f2d43eac75,
MS7008354,,ai_visual_review,2026-09-29T05:21:19.239404+00:00,https://image.msscdn.net/images/goods_img/20260806/7008354/7008354_17872745664261_500.jpg,,multiple_colors_or_uncertain
MS7125041,베이지,ai_visual_review,2026-09-29T05:21:19.239404+00:00,https://image.msscdn.net/images/goods_img/20260821/7125041/7125041_17872725050693_500.jpg,f1e0ccc2580dc39940698989cd30a685c06fa3c70fc22d1258b81cd549ec8cb6,
MS6928699,그레이,ai_visual_review,2026-09-29T05:21:19.239404+00:00,https://image.msscdn.net/images/goods_img/20260727/6928699/6928699_17851324800895_500.jpg,7737f41c17ed720b3048888a8029e0c7ad8b6cf3f09cfe3719f118074bdab123,
MS6145321,,ai_visual_review,2026-09-29T05:21:19.240404+00:00,https://image.msscdn.net/images/goods_img/20260317/6145321/6145321_17739921614355_500.jpg,,multiple_colors_or_uncertain
MS5155126,,ai_visual_review,2026-09-29T05:21:19.240404+00:00,https://image.msscdn.net/images/goods_img/20250528/5155126/5155126_17769160914492_500.jpg,,multiple_colors_or_uncertain
MS6532776,베이지,ai_visual_review,2026-09-29T05:21:19.240404+00:00,https://image.msscdn.net/images/goods_img/20260522/6532776/6532776_17810541518210_500.jpg,86ff3e8f4981748915bbc5a6fe8e4550521111d6cb86b9fc9f84c4810b95b0e9,
MS6813048,그레이,ai_visual_review,2026-09-29T05:21:19.241403+00:00,https://image.msscdn.net/images/goods_img/20260709/6813048/6813048_17852019021063_500.jpg,cf2c8a6c5990cca6fc11255b3a28900e963677cf2fd1480c92e1d655389dd5b2,
MS6940127,블루,ai_visual_review,2026-09-29T05:21:19.242403+00:00,https://image.msscdn.net/images/goods_img/20260728/6940127/6940127_17853193005071_500.jpg,0d595954a3972e57e668d341d2ebce1d0bd1cac8cd78d01db66f984f04ed853f,
MS6940123,,ai_visual_review,2026-09-29T05:21:19.243404+00:00,https://image.msscdn.net/images/goods_img/20260728/6940123/6940123_17853193826202_500.jpg,,multiple_colors_or_uncertain
MS7013636,베이지,ai_visual_review,2026-09-29T05:21:19.243404+00:00,https://image.msscdn.net/images/goods_img/20260806/7013636/7013636_17860068635609_500.jpg,fe0a1c05e09631eedf474f308db25a322b715afdbdd063a378d88d1bb60ef606,
MS7013633,그레이,ai_visual_review,2026-09-29T05:21:19.244404+00:00,https://image.msscdn.net/images/goods_img/20260806/7013633/7013633_17860068784092_500.jpg,f1b23e1d511605b28d72c48202169a5494fbc70c29cfba13e05c6993fbc3aa95,
MS7013644,베이지,ai_visual_review,2026-09-29T05:21:19.244404+00:00,https://image.msscdn.net/images/goods_img/20260806/7013644/7013644_17860068073387_500.jpg,f6892dd58a9e6175427578472ec262b87e3416dc26faa5951fd07e4107640201,
MS6272204,카키,ai_visual_review,2026-09-29T05:21:19.245403+00:00,https://image.msscdn.net/images/goods_img/20260407/6272204/6272204_17859118707115_500.jpg,9547fc83d19f895c3dbda28e22aa3e106eb6217f2f524789d0280f7efab6feee,
MS6944573,그레이,ai_visual_review,2026-09-29T05:21:19.246403+00:00,https://image.msscdn.net/images/goods_img/20260729/6944573/6944573_17853133083946_500.jpg,46f755c7ae0bf7364ecf56ca052058952dd4ddfe5bbffaf2fd1ba11d73430bdd,
MS6859805,네이비,ai_visual_review,2026-09-29T05:21:19.247402+00:00,https://image.msscdn.net/images/goods_img/20260716/6859805/6859805_17841776804194_500.jpg,13ea1ea4384438f0022fdb1e4fd794daea573937f95c4f3d2b81fe32f49efabd,
MS6809274,아이보리,ai_visual_review,2026-09-29T05:21:19.248404+00:00,https://image.msscdn.net/images/goods_img/20260708/6809274/6809274_17835144495602_500.jpg,9de7dfd406268e3a851269e96b6a737883c88105b92dd90bb66ad386bbc30fb6,
MS6859762,네이비,ai_visual_review,2026-09-29T05:21:19.249406+00:00,https://image.msscdn.net/images/goods_img/20260716/6859762/6859762_17841777176317_500.jpg,a14bd692dc856af76162ab3e89d411f32de33d85f97b12d91afab78a1e3649ff,
MS6897442,블랙,ai_visual_review,2026-09-29T05:21:19.249406+00:00,https://image.msscdn.net/images/goods_img/20260722/6897442/6897442_17848617646441_500.jpg,3cf3b55ee9dec14a2f39511778f2f652eddadd23132f825646c9d756444645fb,
MS7074582,그레이,ai_visual_review,2026-09-29T05:21:19.250910+00:00,https://image.msscdn.net/images/goods_img/20260813/7074582/7074582_17887611258640_500.jpg,1762432b155068fc6eba2e1d0c95279ae15bc200d31037920be5a06f72f64fef,
MS6952846,그레이,ai_visual_review,2026-09-29T05:21:19.250910+00:00,https://image.msscdn.net/images/goods_img/20260729/6952846/6952846_17864322762919_500.jpg,ec8419be385f50235a8c8ad93a9d766bbfbde4d5e81f173da0791eda46ae2146,
