image,error,pose_mask_valid,official_outer_pixels,official_inner_pixels,outer_labeled_fashn_top,inner_labeled_fashn_top,outer_labeled_fashn_hair,outer_labeled_fashn_background,outer_erase_recall,inner_erase_recall,outer_missed_protected_fraction,outer_missed_other_fraction,background_erased_fraction,erase_fraction
MEN-Jackets_Vests-id_00002268-01_4_full.jpg,,True,85531,0,0.99655,,0.0,0.00295,0.99978,,0.00022,0.0,0.0093,0.12017
MEN-Jackets_Vests-id_00002439-02_4_full.jpg,,True,51947,35127,0.99794,0.97019,0.0,0.00039,1.0,0.99903,0.0,0.0,0.00799,0.1243
MEN-Jackets_Vests-id_00003336-09_4_full.jpg,,True,78919,3474,0.99076,0.98302,0.0,0.00194,0.99783,1.0,0.00217,0.0,0.00956,0.11061
MEN-Jackets_Vests-id_00004014-03_4_full.jpg,TryOnNotReady: 외투 제거에는 양쪽 어깨·골반·팔이 보이는 정면 사진이 필요합니다.,False,84369,,,,,,,,,,,
MEN-Jackets_Vests-id_00005047-01_4_full.jpg,,True,95104,15165,0.99718,0.99644,0.0,0.002,0.99992,0.99657,8e-05,0.0,0.01058,0.14529
MEN-Jackets_Vests-id_00007272-01_4_full.jpg,,True,103726,117,0.9973,0.88889,0.0,0.00119,0.99988,1.0,1e-05,0.00011,0.01071,0.14078
MEN-Pants-id_00006688-03_4_full.jpg,,True,73155,22227,0.99877,0.99771,0.0,0.00083,1.0,1.0,0.0,0.0,0.00833,0.12563
MEN-Suiting-id_00006233-01_4_full.jpg,,True,92807,43640,0.99751,0.98932,0.0,0.00055,0.99888,0.99111,0.00112,0.0,0.01385,0.18154
MEN-Suiting-id_00007917-01_4_full.jpg,,True,52164,25621,0.88782,0.99883,0.0,0.00174,0.89717,0.99992,0.05858,0.04425,0.0098,0.10452
MEN-Sweatshirts_Hoodies-id_00003060-06_4_full.jpg,,True,106147,4834,0.99777,0.94166,0.0,0.00126,0.99996,0.99069,4e-05,0.0,0.01232,0.14722
MEN-Sweatshirts_Hoodies-id_00003302-01_4_full.jpg,,True,65205,33580,0.99649,0.99026,0.0,0.00023,1.0,0.99678,0.0,0.0,0.01231,0.15768
MEN-Sweatshirts_Hoodies-id_00004649-05_4_full.jpg,,True,99803,3472,0.99836,0.98013,0.0,0.00068,0.9995,1.0,0.0005,0.0,0.00988,0.13674
MEN-Tees_Tanks-id_00003148-01_4_full.jpg,,True,74315,26244,0.99837,0.99695,0.0,0.001,0.99976,0.99939,0.00024,0.0,0.01034,0.13759
WOMEN-Blouses_Shirts-id_00004972-01_4_full.jpg,,True,58314,44999,0.95691,0.98702,0.0,0.00652,0.9835,0.9966,0.00475,0.01175,0.01516,0.17004
WOMEN-Blouses_Shirts-id_00006144-01_4_full.jpg,,True,76051,10844,0.99144,0.99622,0.00422,0.00267,0.99578,1.0,0.00422,0.0,0.00824,0.12693
WOMEN-Blouses_Shirts-id_00007092-01_4_full.jpg,,True,45160,13638,0.99072,0.99047,0.00122,0.00131,0.99878,0.99252,0.00122,0.0,0.0067,0.0915
WOMEN-Blouses_Shirts-id_00007284-03_4_full.jpg,,True,43032,23948,0.97216,0.97599,0.0247,0.00195,0.97474,0.98639,0.0247,0.00056,0.01133,0.10347
WOMEN-Cardigans-id_00001383-03_4_full.jpg,,True,57124,12984,0.97302,0.98159,0.01159,0.00194,0.9854,0.98521,0.01451,9e-05,0.00878,0.10341
WOMEN-Cardigans-id_00002255-02_4_full.jpg,TryOnNotReady: 외투 제거에는 양쪽 어깨·골반·팔이 보이는 정면 사진이 필요합니다.,False,167807,,,,,,,,,,,
WOMEN-Cardigans-id_00003279-01_4_full.jpg,,True,58178,11519,0.98314,0.95147,0.01018,0.00193,0.98682,0.96718,0.0131,9e-05,0.00707,0.09459
WOMEN-Cardigans-id_00003669-03_4_full.jpg,,True,63439,31698,0.99198,0.98072,0.00631,0.00159,0.99369,0.98584,0.00631,0.0,0.0127,0.14199
WOMEN-Cardigans-id_00004838-07_4_full.jpg,,True,50781,0,0.99163,,0.00603,0.0001,0.99283,,0.00717,0.0,0.01783,0.21632
WOMEN-Cardigans-id_00005302-01_4_full.jpg,,True,45152,15414,0.97367,0.99416,0.01595,0.00095,0.98193,0.99637,0.01807,0.0,0.0079,0.08274
WOMEN-Cardigans-id_00005344-03_4_full.jpg,,True,52773,42086,0.99087,0.98762,0.00051,0.0054,0.99615,0.98886,0.00275,0.0011,0.01246,0.13422
WOMEN-Cardigans-id_00005454-03_4_full.jpg,,True,75678,11374,0.99022,0.99815,0.00277,0.00329,0.99662,1.0,0.00338,0.0,0.01412,0.12543
WOMEN-Cardigans-id_00006470-03_4_full.jpg,,True,48249,15459,0.93766,0.96785,0.01534,0.00296,0.94433,0.97173,0.0555,0.00017,0.0108,0.11308
WOMEN-Dresses-id_00001392-03_4_full.jpg,,True,139345,0,0.98503,,0.00538,0.00141,0.99254,,0.00746,0.0,0.02376,0.2075
WOMEN-Dresses-id_00002141-01_4_full.jpg,,True,61128,0,0.9974,,0.0,0.0,0.99809,,0.00191,0.0,0.01643,0.19292
WOMEN-Dresses-id_00004821-03_4_full.jpg,TryOnNotReady: 외투 제거에는 양쪽 어깨·골반·팔이 보이는 정면 사진이 필요합니다.,False,39774,,,,,,,,,,,
WOMEN-Dresses-id_00004962-01_4_full.jpg,,True,42280,0,0.98134,,0.01128,0.00293,0.98623,,0.01377,0.0,0.01203,0.15331
WOMEN-Graphic_Tees-id_00003266-01_4_full.jpg,TryOnNotReady: 외투 제거에는 양쪽 어깨·골반·팔이 보이는 정면 사진이 필요합니다.,False,35309,,,,,,,,,,,
WOMEN-Graphic_Tees-id_00004710-02_4_full.jpg,,True,73180,36272,0.95413,0.9879,0.00018,0.00197,0.97852,0.99123,0.00254,0.01894,0.01519,0.16606
WOMEN-Jackets_Coats-id_00000310-01_4_full.jpg,,True,100496,0,0.9917,,0.00536,0.00037,0.99315,,0.00681,4e-05,0.01238,0.15172
WOMEN-Jackets_Coats-id_00000706-02_4_full.jpg,,True,59758,179,0.98937,0.93296,0.00529,0.00119,0.99137,0.93296,0.00852,0.00012,0.0071,0.08005
WOMEN-Jackets_Coats-id_00001582-03_4_full.jpg,,True,75272,13052,0.99148,0.98989,0.00171,0.00161,0.99479,0.99839,0.00456,0.00065,0.0151,0.12765
WOMEN-Jackets_Coats-id_00004198-02_4_full.jpg,,True,31358,0,0.57641,,0.03135,0.00925,0.95915,,0.04037,0.00048,0.01731,0.16837
WOMEN-Jackets_Coats-id_00004979-01_4_full.jpg,,True,109965,0,0.9778,,0.01118,0.00162,0.97956,,0.0138,0.00664,0.00956,0.14146
WOMEN-Jackets_Coats-id_00005297-03_4_full.jpg,TryOnNotReady: 외투 제거에는 양쪽 어깨·골반·팔이 보이는 정면 사진이 필요합니다.,False,106914,,,,,,,,,,,
WOMEN-Jackets_Coats-id_00007431-04_4_full.jpg,,True,47726,11193,0.96748,0.99276,0.02695,0.00052,0.97157,0.99973,0.02843,0.0,0.00927,0.10245
WOMEN-Jackets_Coats-id_00007921-01_4_full.jpg,,True,75320,0,0.98526,,0.00716,0.0039,0.99134,,0.00858,8e-05,0.01428,0.13306
WOMEN-Skirts-id_00001112-01_4_full.jpg,,True,30923,10339,0.9588,0.9851,0.00863,0.00278,0.9804,1.0,0.01601,0.00359,0.00936,0.08801
WOMEN-Skirts-id_00004505-04_4_full.jpg,,True,33697,18016,0.95691,0.97447,0.0,0.0073,0.97062,0.99351,0.02629,0.00309,0.0197,0.13507
WOMEN-Sweaters-id_00000098-02_4_full.jpg,,True,72481,9666,0.98825,0.98479,0.00355,0.00215,0.99345,0.98707,0.00655,0.0,0.01288,0.12121
WOMEN-Sweaters-id_00000739-01_4_full.jpg,,True,70153,16247,0.95821,0.97803,0.00587,0.00083,0.96439,0.9827,0.00603,0.02958,0.00768,0.11787
WOMEN-Sweaters-id_00002522-02_4_full.jpg,,True,52719,0,0.98259,,0.00637,0.00385,0.98765,,0.01235,0.0,0.01458,0.17137
WOMEN-Sweaters-id_00005851-02_4_full.jpg,,True,65795,0,0.96606,,0.02024,0.00112,0.96722,,0.03278,0.0,0.01004,0.16952
WOMEN-Sweatshirts_Hoodies-id_00001464-01_4_full.jpg,,True,35489,59733,0.99614,0.99729,0.00039,0.00194,0.99808,1.0,0.00192,0.0,0.00984,0.12901
WOMEN-Tees_Tanks-id_00000130-01_4_full.jpg,,True,50356,46231,0.97859,0.9976,0.01462,0.00477,0.98475,0.99998,0.01517,8e-05,0.00912,0.12924
WOMEN-Tees_Tanks-id_00002340-02_4_full.jpg,,True,59255,16609,0.98105,0.97068,0.00051,0.00802,0.99797,0.98447,0.00157,0.00046,0.01543,0.12969
WOMEN-Tees_Tanks-id_00004509-01_4_full.jpg,,True,43496,35596,0.98954,0.99354,0.0,0.00154,0.99453,0.99784,0.00099,0.00448,0.009,0.11857
