image,official_outer_pixels,official_inner_pixels,pred_coat_pixels,outer_as_coat_recall,outer_as_upper_fraction,outer_coat_iou,outer_coat_precision,inner_as_coat_fraction,inner_as_upper_fraction,coat_on_background_fraction,coat_on_skin_fraction,coat_on_pants_fraction
MEN-Denim-id_00002559-01_4_full.jpg,0,71625,0,,,,,0.0,0.98246,0.0,0.0,0.0
MEN-Denim-id_00005663-01_4_full.jpg,0,106569,0,,,,,0.0,0.98287,0.0,0.0,0.0
MEN-Jackets_Vests-id_00002268-01_4_full.jpg,85531,0,90839,0.99617,0.0,0.93458,0.93796,,,0.00379,0.12211,0.03923
MEN-Jackets_Vests-id_00002439-02_4_full.jpg,51947,35127,56424,0.99886,0.00069,0.91865,0.91961,0.06522,0.91178,0.00046,0.00044,0.02354
MEN-Jackets_Vests-id_00003336-09_4_full.jpg,78919,3474,79027,0.97371,0.00068,0.9475,0.97238,0.11917,0.87594,0.00252,0.0474,0.0
MEN-Jackets_Vests-id_00004014-03_4_full.jpg,84369,17962,87390,0.96857,0.0,0.90754,0.93508,0.26133,0.63634,0.00079,0.00934,0.00194
MEN-Jackets_Vests-id_00005047-01_4_full.jpg,95104,15165,107842,0.99506,0.00018,0.87372,0.87752,0.62882,0.28315,0.0041,0.06707,0.00041
MEN-Jackets_Vests-id_00007272-01_4_full.jpg,103726,117,88595,0.84252,0.14021,0.83285,0.98641,0.0,0.83761,0.00176,0.0,0.0016
MEN-Pants-id_00004225-01_4_full.jpg,0,76311,0,,,,,0.0,0.99114,0.0,0.0,0.0
MEN-Pants-id_00006688-03_4_full.jpg,73155,22227,73649,0.98341,0.00979,0.96097,0.97681,0.01921,0.95973,0.0015,0.03053,0.00136
MEN-Pants-id_00006957-01_4_full.jpg,0,68600,0,,,,,0.0,0.9881,0.0,0.0,0.0
MEN-Pants-id_00007228-01_4_full.jpg,0,82412,0,,,,,0.0,0.98938,0.0,0.0,0.0
MEN-Shirts_Polos-id_00000193-07_4_full.jpg,0,113752,106677,,,0.0,0.0,0.93066,0.0314,0.00091,0.00249,0.00597
MEN-Shirts_Polos-id_00000632-01_4_full.jpg,0,82865,83690,,,0.0,0.0,0.98609,0.00302,0.00194,0.10366,0.00054
MEN-Shirts_Polos-id_00000925-01_4_full.jpg,0,90526,0,,,,,0.0,0.96449,0.0,0.0,0.0
MEN-Shirts_Polos-id_00001005-01_4_full.jpg,0,88489,0,,,,,0.0,0.98363,0.0,0.0,0.0
MEN-Shirts_Polos-id_00001055-02_4_full.jpg,0,89063,0,,,,,0.0,0.98541,0.0,0.0,0.0
MEN-Shirts_Polos-id_00001184-01_4_full.jpg,0,82484,0,,,,,0.0,0.99275,0.0,0.0,0.0
MEN-Shirts_Polos-id_00001540-03_4_full.jpg,0,88208,0,,,,,0.0,0.99191,0.0,0.0,0.0
MEN-Shirts_Polos-id_00002461-02_4_full.jpg,0,78883,0,,,,,0.0,0.98682,0.0,0.0,0.0
MEN-Shirts_Polos-id_00003329-01_4_full.jpg,0,110177,0,,,,,0.0,0.99229,0.0,0.0,0.0
MEN-Shirts_Polos-id_00003489-07_4_full.jpg,0,79360,91,,,0.0,0.0,0.00057,0.97044,0.0,0.00488,0.0
MEN-Shirts_Polos-id_00005383-02_4_full.jpg,0,74560,0,,,,,0.0,0.98097,0.0,0.0,0.0
MEN-Shirts_Polos-id_00005811-01_4_full.jpg,0,114921,0,,,,,0.0,0.76348,0.0,0.0,0.0
MEN-Shorts-id_00000337-09_4_full.jpg,0,82231,0,,,,,0.0,0.96905,0.0,0.0,0.0
MEN-Shorts-id_00001350-01_4_full.jpg,0,70566,0,,,,,0.0,0.99274,0.0,0.0,0.0
MEN-Shorts-id_00002795-01_4_full.jpg,0,59389,0,,,,,0.0,0.98653,0.0,0.0,0.0
MEN-Shorts-id_00004292-05_4_full.jpg,0,82951,0,,,,,0.0,0.98849,0.0,0.0,0.0
MEN-Shorts-id_00004292-06_4_full.jpg,0,89936,0,,,,,0.0,0.98457,0.0,0.0,0.0
MEN-Shorts-id_00004620-01_4_full.jpg,0,81523,2799,,,0.0,0.0,0.03404,0.95703,4e-05,3e-05,0.0
MEN-Shorts-id_00004852-01_4_full.jpg,0,77202,0,,,,,0.0,0.98065,0.0,0.0,0.0
MEN-Shorts-id_00005745-02_4_full.jpg,0,58933,0,,,,,0.0,0.9783,0.0,0.0,0.0
MEN-Shorts-id_00007088-01_4_full.jpg,0,84094,0,,,,,0.0,0.99455,0.0,0.0,0.0
MEN-Shorts-id_00007539-01_4_full.jpg,0,53217,0,,,,,0.0,0.9854,0.0,0.0,0.0
MEN-Suiting-id_00006233-01_4_full.jpg,92807,43640,96422,0.99545,0.00046,0.95396,0.95813,0.02227,0.93905,0.00405,0.04914,0.0
MEN-Suiting-id_00007917-01_4_full.jpg,52164,25621,61889,0.97439,0.0,0.80392,0.82128,0.14839,0.84087,0.00297,0.06268,0.00109
MEN-Sweaters-id_00000661-01_4_full.jpg,0,77597,0,,,,,0.0,0.98781,0.0,0.0,0.0
MEN-Sweaters-id_00001509-02_4_full.jpg,0,85811,15880,,,0.0,0.0,0.1836,0.77482,0.0,0.01021,0.00023
MEN-Sweaters-id_00001563-01_4_full.jpg,0,91428,0,,,,,0.0,0.97935,0.0,0.0,0.0
MEN-Sweaters-id_00002179-01_4_full.jpg,0,86907,0,,,,,0.0,0.9653,0.0,0.0,0.0
MEN-Sweaters-id_00002241-01_4_full.jpg,0,84898,0,,,,,0.0,0.98771,0.0,0.0,0.0
MEN-Sweaters-id_00003216-03_4_full.jpg,0,84379,0,,,,,0.0,0.97682,0.0,0.0,0.0
MEN-Sweaters-id_00006703-01_4_full.jpg,0,88613,0,,,,,0.0,0.98747,0.0,0.0,0.0
MEN-Sweatshirts_Hoodies-id_00000689-01_4_full.jpg,0,101241,0,,,,,0.0,0.9348,0.0,0.0,0.0
MEN-Sweatshirts_Hoodies-id_00000978-01_4_full.jpg,0,116190,0,,,,,0.0,0.88749,0.0,0.0,0.0
MEN-Sweatshirts_Hoodies-id_00003060-06_4_full.jpg,106147,4834,108560,0.99475,0.0,0.96768,0.97264,0.12764,0.74079,0.00315,0.03187,0.00127
MEN-Sweatshirts_Hoodies-id_00003302-01_4_full.jpg,65205,33580,86194,0.99678,0.00087,0.75222,0.75405,0.14538,0.48261,0.00128,0.62884,0.0
MEN-Sweatshirts_Hoodies-id_00004031-01_4_full.jpg,0,82741,0,,,,,0.0,0.91623,0.0,0.0,0.0
MEN-Sweatshirts_Hoodies-id_00004332-01_4_full.jpg,0,91880,0,,,,,0.0,0.99124,0.0,0.0,0.0
MEN-Sweatshirts_Hoodies-id_00004649-05_4_full.jpg,99803,3472,102092,0.99701,0.00039,0.97182,0.97466,0.10369,0.89631,0.00279,0.05017,0.00093
MEN-Sweatshirts_Hoodies-id_00005575-01_4_full.jpg,0,113580,0,,,,,0.0,0.9666,0.0,0.0,0.0
MEN-Sweatshirts_Hoodies-id_00005603-02_4_full.jpg,0,66580,0,,,,,0.0,0.98427,0.0,0.0,0.0
MEN-Sweatshirts_Hoodies-id_00006963-09_4_full.jpg,0,98948,92758,,,0.0,0.0,0.9249,0.03426,0.0013,0.07346,5e-05
MEN-Sweatshirts_Hoodies-id_00007741-02_4_full.jpg,0,104279,0,,,,,0.0,0.99059,0.0,0.0,0.0
MEN-Tees_Tanks-id_00000091-02_4_full.jpg,0,79645,0,,,,,0.0,0.9824,0.0,0.0,0.0
MEN-Tees_Tanks-id_00000161-01_4_full.jpg,0,96520,0,,,,,0.0,0.98739,0.0,0.0,0.0
MEN-Tees_Tanks-id_00000223-01_4_full.jpg,0,51410,0,,,,,0.0,0.98798,0.0,0.0,0.0
MEN-Tees_Tanks-id_00000296-04_4_full.jpg,0,89419,0,,,,,0.0,0.98425,0.0,0.0,0.0
MEN-Tees_Tanks-id_00000339-07_4_full.jpg,0,77033,0,,,,,0.0,0.99481,0.0,0.0,0.0
MEN-Tees_Tanks-id_00001121-04_4_full.jpg,0,66945,0,,,,,0.0,0.98376,0.0,0.0,0.0
MEN-Tees_Tanks-id_00001222-03_4_full.jpg,0,57942,18184,,,0.0,0.0,0.09924,0.80025,0.00256,0.28678,0.0
MEN-Tees_Tanks-id_00001309-02_4_full.jpg,0,66791,0,,,,,0.0,0.83336,0.0,0.0,0.0
MEN-Tees_Tanks-id_00001345-06_4_full.jpg,0,93312,0,,,,,0.0,0.97277,0.0,0.0,0.0
MEN-Tees_Tanks-id_00001519-01_4_full.jpg,0,91494,0,,,,,0.0,0.95454,0.0,0.0,0.0
MEN-Tees_Tanks-id_00001588-01_4_full.jpg,0,86582,0,,,,,0.0,0.98405,0.0,0.0,0.0
MEN-Tees_Tanks-id_00001924-01_4_full.jpg,0,63550,0,,,,,0.0,0.99152,0.0,0.0,0.0
MEN-Tees_Tanks-id_00002167-01_4_full.jpg,0,69012,0,,,,,0.0,0.98455,0.0,0.0,0.0
MEN-Tees_Tanks-id_00002310-01_4_full.jpg,0,52860,0,,,,,0.0,0.98309,0.0,0.0,0.0
MEN-Tees_Tanks-id_00002317-01_4_full.jpg,0,68053,0,,,,,0.0,0.95746,0.0,0.0,0.0
MEN-Tees_Tanks-id_00002535-01_4_full.jpg,0,85734,0,,,,,0.0,0.9655,0.0,0.0,0.0
MEN-Tees_Tanks-id_00002848-02_4_full.jpg,0,85016,0,,,,,0.0,0.98154,0.0,0.0,0.0
MEN-Tees_Tanks-id_00002892-01_4_full.jpg,0,82179,0,,,,,0.0,0.98468,0.0,0.0,0.0
MEN-Tees_Tanks-id_00003058-01_4_full.jpg,0,87708,0,,,,,0.0,0.98729,0.0,0.0,0.0
MEN-Tees_Tanks-id_00003062-01_4_full.jpg,0,75968,0,,,,,0.0,0.97732,0.0,0.0,0.0
MEN-Tees_Tanks-id_00003148-01_4_full.jpg,74315,26244,82712,0.9967,0.00246,0.89287,0.89552,0.23312,0.70431,0.0027,0.0634,0.0
MEN-Tees_Tanks-id_00003470-12_4_full.jpg,0,80616,0,,,,,0.0,0.96176,0.0,0.0,0.0
MEN-Tees_Tanks-id_00003903-01_4_full.jpg,0,76160,0,,,,,0.0,0.9818,0.0,0.0,0.0
MEN-Tees_Tanks-id_00004259-01_4_full.jpg,0,79823,0,,,,,0.0,0.98527,0.0,0.0,0.0
MEN-Tees_Tanks-id_00004729-01_4_full.jpg,0,57158,0,,,,,0.0,0.94723,0.0,0.0,0.0
MEN-Tees_Tanks-id_00005055-01_4_full.jpg,0,60385,0,,,,,0.0,0.93634,0.0,0.0,0.0
MEN-Tees_Tanks-id_00005160-13_4_full.jpg,0,73358,5,,,0.0,0.0,0.0,0.989,0.0,8e-05,0.0
MEN-Tees_Tanks-id_00005349-02_4_full.jpg,0,82835,80144,,,0.0,0.0,0.95311,0.00771,0.0018,0.0,0.0
MEN-Tees_Tanks-id_00005605-01_4_full.jpg,0,79019,0,,,,,0.0,0.94977,0.0,0.0,0.0
MEN-Tees_Tanks-id_00006030-01_4_full.jpg,0,67937,0,,,,,0.0,0.94554,0.0,0.0,0.0
MEN-Tees_Tanks-id_00006132-01_4_full.jpg,0,82088,0,,,,,0.0,0.98946,0.0,0.0,0.0
MEN-Tees_Tanks-id_00006167-01_4_full.jpg,0,67609,0,,,,,0.0,0.94878,0.0,0.0,0.0
MEN-Tees_Tanks-id_00006357-01_4_full.jpg,0,78670,0,,,,,0.0,0.97604,0.0,0.0,0.0
MEN-Tees_Tanks-id_00007075-01_4_full.jpg,0,83806,0,,,,,0.0,0.98506,0.0,0.0,0.0
MEN-Tees_Tanks-id_00007234-02_4_full.jpg,0,68521,0,,,,,0.0,0.99669,0.0,0.0,0.0
MEN-Tees_Tanks-id_00007600-01_4_full.jpg,0,67575,0,,,,,0.0,0.98605,0.0,0.0,0.0
MEN-Tees_Tanks-id_00007748-01_4_full.jpg,0,63955,0,,,,,0.0,0.97689,0.0,0.0,0.0
WOMEN-Blouses_Shirts-id_00000129-01_4_full.jpg,0,43373,0,,,,,0.0,0.98882,0.0,0.0,0.0
WOMEN-Blouses_Shirts-id_00000355-01_4_full.jpg,0,39375,9529,,,0.0,0.0,0.24099,0.68287,0.0,0.0004,0.0
WOMEN-Blouses_Shirts-id_00000693-02_4_full.jpg,0,55692,0,,,,,0.0,0.97061,0.0,0.0,
WOMEN-Blouses_Shirts-id_00001086-02_4_full.jpg,0,0,32,,,0.0,0.0,,,0.0,0.0,
WOMEN-Blouses_Shirts-id_00001242-04_4_full.jpg,0,28437,879,,,0.0,0.0,0.03063,0.83349,0.0,8e-05,8e-05
WOMEN-Blouses_Shirts-id_00001421-03_4_full.jpg,0,22664,339,,,0.0,0.0,0.0079,0.95724,0.00011,0.0,0.0
WOMEN-Blouses_Shirts-id_00001443-01_4_full.jpg,0,47126,0,,,,,0.0,0.98786,0.0,0.0,0.0
WOMEN-Blouses_Shirts-id_00001621-03_4_full.jpg,0,46052,0,,,,,0.0,0.94163,0.0,0.0,0.0
WOMEN-Blouses_Shirts-id_00001661-03_4_full.jpg,0,26690,0,,,,,0.0,0.36471,0.0,0.0,
WOMEN-Blouses_Shirts-id_00001915-02_4_full.jpg,0,69722,0,,,,,0.0,0.44893,0.0,0.0,0.0
WOMEN-Blouses_Shirts-id_00001957-02_4_full.jpg,0,26957,0,,,,,0.0,0.98038,0.0,0.0,0.0
WOMEN-Blouses_Shirts-id_00002143-03_4_full.jpg,0,20191,0,,,,,0.0,0.28419,0.0,0.0,
WOMEN-Blouses_Shirts-id_00002703-04_4_full.jpg,0,39127,0,,,,,0.0,0.73982,0.0,0.0,0.0
WOMEN-Blouses_Shirts-id_00003431-03_4_full.jpg,0,29930,0,,,,,0.0,0.81009,0.0,0.0,0.0
WOMEN-Blouses_Shirts-id_00003619-01_4_full.jpg,0,56160,0,,,,,0.0,0.98102,0.0,0.0,0.0
WOMEN-Blouses_Shirts-id_00004972-01_4_full.jpg,58314,44999,0,0.0,0.00305,0.0,,0.0,0.99162,0.0,0.0,0.0
WOMEN-Blouses_Shirts-id_00005039-05_4_full.jpg,0,42115,0,,,,,0.0,0.90932,0.0,0.0,0.0
WOMEN-Blouses_Shirts-id_00005105-02_4_full.jpg,0,30946,0,,,,,0.0,0.96555,0.0,0.0,0.0
WOMEN-Blouses_Shirts-id_00005142-01_4_full.jpg,0,31251,0,,,,,0.0,0.0,0.0,0.0,
WOMEN-Blouses_Shirts-id_00005194-01_4_full.jpg,0,67771,0,,,,,0.0,0.48113,0.0,0.0,0.0
WOMEN-Blouses_Shirts-id_00005666-02_4_full.jpg,0,27314,0,,,,,0.0,0.95054,0.0,0.0,0.0
WOMEN-Blouses_Shirts-id_00005921-02_4_full.jpg,0,32958,0,,,,,0.0,0.98277,0.0,0.0,0.0
WOMEN-Blouses_Shirts-id_00006144-01_4_full.jpg,76051,10844,83002,0.98822,0.00458,0.89579,0.90546,0.0356,0.9644,0.00131,0.00607,
WOMEN-Blouses_Shirts-id_00006474-02_4_full.jpg,0,55310,0,,,,,0.0,0.99027,0.0,0.0,0.0
WOMEN-Blouses_Shirts-id_00006577-03_4_full.jpg,0,38435,3041,,,0.0,0.0,0.07459,0.41852,0.0,0.00091,0.00404
WOMEN-Blouses_Shirts-id_00006638-02_4_full.jpg,0,67066,0,,,,,0.0,0.9689,0.0,0.0,0.0
WOMEN-Blouses_Shirts-id_00006899-01_4_full.jpg,0,15980,0,,,,,0.0,0.0,0.0,0.0,
WOMEN-Blouses_Shirts-id_00007092-01_4_full.jpg,45160,13638,42139,0.8746,0.00782,0.82626,0.9373,0.05177,0.9387,0.00046,0.06956,0.0006
WOMEN-Blouses_Shirts-id_00007284-03_4_full.jpg,43032,23948,49977,0.98517,0.0,0.83758,0.84827,0.15212,0.74958,0.00176,0.0252,0.00179
WOMEN-Blouses_Shirts-id_00007749-02_4_full.jpg,0,49725,0,,,,,0.0,0.98118,0.0,0.0,0.0
WOMEN-Cardigans-id_00001383-03_4_full.jpg,57124,12984,60380,0.90767,0.0,0.78975,0.85873,0.28004,0.66582,0.00055,0.13693,0.0005
WOMEN-Cardigans-id_00002255-02_4_full.jpg,167807,0,0,0.0,0.0,0.0,,,,0.0,0.0,
WOMEN-Cardigans-id_00003279-01_4_full.jpg,58178,11519,30192,0.38374,0.45768,0.33803,0.73943,0.44848,0.40229,0.00023,0.08143,0.0002
WOMEN-Cardigans-id_00003669-03_4_full.jpg,63439,31698,62139,0.92041,0.0393,0.86905,0.93967,0.04653,0.91353,0.0013,0.00582,0.00429
WOMEN-Cardigans-id_00004838-07_4_full.jpg,50781,0,62497,0.94468,0.03553,0.73457,0.76759,,,0.00259,0.56349,
WOMEN-Cardigans-id_00005164-01_4_full.jpg,0,45434,1300,,,0.0,0.0,0.01642,0.96445,0.0,0.05916,0.0
WOMEN-Cardigans-id_00005302-01_4_full.jpg,45152,15414,43870,0.87943,9e-05,0.80521,0.90513,0.10257,0.88536,0.00118,0.12427,0.00083
WOMEN-Cardigans-id_00005344-03_4_full.jpg,52773,42086,26714,0.42239,0.2719,0.38973,0.83443,0.10032,0.88103,0.00011,0.0,0.0
WOMEN-Cardigans-id_00005454-03_4_full.jpg,75678,11374,57255,0.74341,0.0,0.73377,0.98262,0.0,0.0,0.00044,0.0,0.0
WOMEN-Cardigans-id_00006470-03_4_full.jpg,48249,15459,51679,0.79019,0.01459,0.61691,0.73775,0.03836,0.94599,0.00146,0.01599,0.2052
WOMEN-Dresses-id_00000610-02_4_full.jpg,0,0,0,,,,,,,0.0,0.0,
WOMEN-Dresses-id_00000819-04_4_full.jpg,0,0,0,,,,,,,0.0,0.0,
WOMEN-Dresses-id_00001392-03_4_full.jpg,139345,0,0,0.0,0.0,0.0,,,,0.0,0.0,0.0
WOMEN-Dresses-id_00001450-01_4_full.jpg,0,0,0,,,,,,,0.0,0.0,
WOMEN-Dresses-id_00002141-01_4_full.jpg,61128,0,68444,0.91806,0.00175,0.76401,0.81993,,,0.00166,0.00816,
WOMEN-Dresses-id_00002350-01_4_full.jpg,0,0,0,,,,,,,0.0,0.0,
WOMEN-Dresses-id_00002391-04_4_full.jpg,0,0,43709,,,0.0,0.0,,,0.00115,0.07764,
WOMEN-Dresses-id_00002780-01_4_full.jpg,0,0,0,,,,,,,0.0,0.0,
WOMEN-Dresses-id_00002785-02_4_full.jpg,0,0,0,,,,,,,0.0,0.0,
WOMEN-Dresses-id_00003251-02_4_full.jpg,0,0,0,,,,,,,0.0,0.0,
WOMEN-Dresses-id_00003611-01_4_full.jpg,0,0,0,,,,,,,0.0,0.0,
WOMEN-Dresses-id_00003627-01_4_full.jpg,0,0,0,,,,,,,0.0,0.0,
WOMEN-Dresses-id_00003830-03_4_full.jpg,0,0,0,,,,,,,0.0,0.0,
WOMEN-Dresses-id_00004353-05_4_full.jpg,0,0,2360,,,0.0,0.0,,,2e-05,0.03793,
WOMEN-Dresses-id_00004496-04_4_full.jpg,0,0,0,,,,,,,0.0,0.0,
WOMEN-Dresses-id_00004634-01_4_full.jpg,0,0,1341,,,0.0,0.0,,,0.0,0.0,
WOMEN-Dresses-id_00004821-03_4_full.jpg,39774,0,0,0.0,0.0,0.0,,,,0.0,0.0,
WOMEN-Dresses-id_00004962-01_4_full.jpg,42280,0,65182,0.99756,0.0,0.64604,0.64707,,,0.00242,0.13363,
WOMEN-Dresses-id_00005044-03_4_full.jpg,0,0,0,,,,,,,0.0,0.0,
WOMEN-Dresses-id_00005287-02_4_full.jpg,0,0,0,,,,,,,0.0,0.0,
WOMEN-Dresses-id_00005408-05_4_full.jpg,0,0,0,,,,,,,0.0,0.0,
WOMEN-Dresses-id_00005410-01_4_full.jpg,0,0,0,,,,,,,0.0,0.0,
WOMEN-Dresses-id_00005846-04_4_full.jpg,0,0,0,,,,,,,0.0,0.0,
WOMEN-Dresses-id_00005936-03_4_full.jpg,0,0,0,,,,,,,0.0,0.0,
WOMEN-Dresses-id_00006378-04_4_full.jpg,0,0,0,,,,,,,0.0,0.0,
WOMEN-Dresses-id_00006622-01_4_full.jpg,0,0,0,,,,,,,0.0,0.0,
WOMEN-Dresses-id_00006720-01_4_full.jpg,0,0,0,,,,,,,0.0,0.0,
WOMEN-Dresses-id_00006752-02_4_full.jpg,0,0,0,,,,,,,0.0,0.0,
WOMEN-Dresses-id_00007148-03_4_full.jpg,0,0,0,,,,,,,0.0,0.0,
WOMEN-Dresses-id_00007825-02_4_full.jpg,0,0,0,,,,,,,0.0,0.0,
WOMEN-Dresses-id_00007839-01_4_full.jpg,0,0,1,,,0.0,0.0,,,0.0,3e-05,
WOMEN-Dresses-id_00007951-01_4_full.jpg,0,0,0,,,,,,,0.0,0.0,
WOMEN-Graphic_Tees-id_00001179-01_4_full.jpg,0,40075,0,,,,,0.0,0.96292,0.0,0.0,
WOMEN-Graphic_Tees-id_00002973-01_4_full.jpg,0,59851,97,,,0.0,0.0,0.00084,0.98999,0.0,0.0,
WOMEN-Graphic_Tees-id_00003248-02_4_full.jpg,0,37073,0,,,,,0.0,0.96612,0.0,0.0,0.0
WOMEN-Graphic_Tees-id_00003266-01_4_full.jpg,35309,42503,36920,0.92829,0.00869,0.83081,0.88778,0.00647,0.96047,0.0018,0.07336,0.0
WOMEN-Graphic_Tees-id_00004710-02_4_full.jpg,73180,36272,64520,0.80012,0.10336,0.7398,0.90752,6e-05,0.98655,0.00153,0.17323,0.01093
WOMEN-Graphic_Tees-id_00005729-01_4_full.jpg,0,55797,0,,,,,0.0,0.99557,0.0,0.0,0.0
WOMEN-Graphic_Tees-id_00006793-01_4_full.jpg,0,44113,0,,,,,0.0,0.9752,0.0,0.0,0.0
WOMEN-Jackets_Coats-id_00000310-01_4_full.jpg,100496,0,99052,0.9061,0.0,0.83934,0.91931,,,0.00125,0.1039,
WOMEN-Jackets_Coats-id_00000706-02_4_full.jpg,59758,179,64068,0.98944,0.0,0.91388,0.92288,1.0,0.0,0.00182,0.02536,
WOMEN-Jackets_Coats-id_00001582-03_4_full.jpg,75272,13052,70170,0.89368,9e-05,0.86051,0.95866,0.03647,0.95809,0.00168,0.04216,0.0016
WOMEN-Jackets_Coats-id_00004198-02_4_full.jpg,31358,0,6936,0.08046,0.03489,0.07053,0.36375,,,0.00026,0.09205,
WOMEN-Jackets_Coats-id_00004979-01_4_full.jpg,109965,0,112479,0.95286,0.00029,0.89052,0.93156,,,0.00231,0.08916,6e-05
WOMEN-Jackets_Coats-id_00005297-03_4_full.jpg,106914,2693,78252,0.71966,0.00219,0.71095,0.98326,0.14928,0.0,0.00082,0.00614,
WOMEN-Jackets_Coats-id_00007431-04_4_full.jpg,47726,11193,55561,0.98439,0.0001,0.83439,0.84558,0.08872,0.8793,0.00229,0.02468,
WOMEN-Jackets_Coats-id_00007921-01_4_full.jpg,75320,0,76449,0.93291,0.0,0.86215,0.91914,,,0.00172,0.00606,
WOMEN-Rompers_Jumpsuits-id_00000668-04_4_full.jpg,0,0,0,,,,,,,0.0,0.0,
WOMEN-Rompers_Jumpsuits-id_00001110-01_4_full.jpg,0,0,282,,,0.0,0.0,,,0.0,0.00401,
WOMEN-Rompers_Jumpsuits-id_00006921-02_4_full.jpg,0,0,250,,,0.0,0.0,,,1e-05,0.0042,
WOMEN-Rompers_Jumpsuits-id_00007057-01_4_full.jpg,0,0,0,,,,,,,0.0,0.0,
WOMEN-Shorts-id_00004441-02_4_full.jpg,0,20261,20550,,,0.0,0.0,0.0497,0.91639,0.00097,0.15658,0.0384
WOMEN-Shorts-id_00004969-02_4_full.jpg,0,21993,9582,,,0.0,0.0,0.02974,0.96867,0.00025,0.10003,0.00019
WOMEN-Shorts-id_00006010-01_4_full.jpg,0,65303,68896,,,0.0,0.0,0.98273,0.0,0.00075,0.01053,0.03639
WOMEN-Skirts-id_00000629-04_4_full.jpg,0,26007,0,,,,,0.0,0.93706,0.0,0.0,
WOMEN-Skirts-id_00001112-01_4_full.jpg,30923,10339,24006,0.67836,0.001,0.61784,0.87382,0.08096,0.76758,0.00122,0.00312,
WOMEN-Skirts-id_00001376-01_4_full.jpg,0,22513,0,,,,,0.0,0.92746,0.0,0.0,
WOMEN-Skirts-id_00004505-04_4_full.jpg,33697,18016,0,0.0,0.0,0.0,,0.0,0.92634,0.0,0.0,
WOMEN-Skirts-id_00007236-01_4_full.jpg,0,44717,0,,,,,0.0,0.99689,0.0,0.0,
WOMEN-Sweaters-id_00000098-02_4_full.jpg,72481,9666,62755,0.80421,0.00563,0.75754,0.92885,0.07511,0.90534,0.00116,0.08554,0.01285
WOMEN-Sweaters-id_00000509-04_4_full.jpg,0,75982,0,,,,,0.0,0.81627,0.0,0.0,0.0
WOMEN-Sweaters-id_00000739-01_4_full.jpg,70153,16247,69566,0.94181,0.00396,0.89712,0.94976,0.06087,0.72007,0.00111,0.01211,0.00981
WOMEN-Sweaters-id_00000745-02_4_full.jpg,0,72836,0,,,,,0.0,0.98163,0.0,0.0,
WOMEN-Sweaters-id_00001210-03_4_full.jpg,0,60088,5869,,,0.0,0.0,0.09248,0.8773,0.0001,0.01074,0.00051
WOMEN-Sweaters-id_00001618-14_4_full.jpg,0,48532,10293,,,0.0,0.0,0.20166,0.73778,0.00028,0.0,
WOMEN-Sweaters-id_00002522-02_4_full.jpg,52719,0,63333,0.8412,0.0,0.61846,0.70022,,,0.00084,0.08082,
WOMEN-Sweaters-id_00003951-04_4_full.jpg,0,57709,0,,,,,0.0,0.82729,0.0,0.0,0.0
WOMEN-Sweaters-id_00004780-02_4_full.jpg,0,78063,83480,,,0.0,0.0,0.95053,0.00666,0.0013,0.09074,
WOMEN-Sweaters-id_00005851-02_4_full.jpg,65795,0,83166,0.74545,0.17764,0.49089,0.58975,,,0.00166,0.17709,
WOMEN-Sweaters-id_00007015-03_4_full.jpg,0,83702,0,,,,,0.0,0.92339,0.0,0.0,0.0
WOMEN-Sweatshirts_Hoodies-id_00001464-01_4_full.jpg,35489,59733,44773,0.98016,0.00273,0.76489,0.77692,0.13773,0.84516,0.00197,0.03285,0.0
WOMEN-Sweatshirts_Hoodies-id_00003134-01_4_full.jpg,0,65719,41175,,,0.0,0.0,0.50148,0.46615,0.00176,0.00665,0.00087
WOMEN-Sweatshirts_Hoodies-id_00004600-01_4_full.jpg,0,56510,56476,,,0.0,0.0,0.68611,0.28745,0.00059,0.01591,0.00426
WOMEN-Sweatshirts_Hoodies-id_00005530-01_4_full.jpg,0,73174,86,,,0.0,0.0,0.00071,0.98187,4e-05,0.00098,0.0
WOMEN-Sweatshirts_Hoodies-id_00006976-02_4_full.jpg,0,61517,332,,,0.0,0.0,0.00462,0.97332,0.0,0.00328,0.00028
WOMEN-Tees_Tanks-id_00000060-05_4_full.jpg,0,37393,0,,,,,0.0,0.97807,0.0,0.0,0.0
WOMEN-Tees_Tanks-id_00000130-01_4_full.jpg,50356,46231,56731,0.90851,0.00985,0.74585,0.80642,0.02115,0.94893,0.00186,0.49765,0.00029
WOMEN-Tees_Tanks-id_00000389-01_4_full.jpg,0,38163,0,,,,,0.0,0.97956,0.0,0.0,0.0
WOMEN-Tees_Tanks-id_00000412-01_4_full.jpg,0,53811,47631,,,0.0,0.0,0.69757,0.28396,0.00054,0.00043,0.40347
WOMEN-Tees_Tanks-id_00000848-01_4_full.jpg,0,60119,0,,,,,0.0,0.96998,0.0,0.0,0.0
WOMEN-Tees_Tanks-id_00000916-02_4_full.jpg,0,43009,0,,,,,0.0,0.98684,0.0,0.0,0.0
WOMEN-Tees_Tanks-id_00001130-01_4_full.jpg,0,56941,69,,,0.0,0.0,0.0,0.97743,0.0,0.00013,0.00035
WOMEN-Tees_Tanks-id_00001212-06_4_full.jpg,0,9937,0,,,,,0.0,0.97152,0.0,0.0,0.0
WOMEN-Tees_Tanks-id_00001220-01_4_full.jpg,0,51821,3042,,,0.0,0.0,0.0,0.94041,0.0,0.0,0.0
WOMEN-Tees_Tanks-id_00001252-09_4_full.jpg,0,23597,0,,,,,0.0,0.84091,0.0,0.0,0.0
WOMEN-Tees_Tanks-id_00001384-17_4_full.jpg,0,55472,0,,,,,0.0,0.96577,0.0,0.0,0.0
WOMEN-Tees_Tanks-id_00001518-04_4_full.jpg,0,55631,3,,,0.0,0.0,0.0,0.94891,0.0,0.00015,0.0
WOMEN-Tees_Tanks-id_00001801-01_4_full.jpg,0,29735,491,,,0.0,0.0,0.0,0.99334,1e-05,0.01023,0.00015
WOMEN-Tees_Tanks-id_00001863-05_4_full.jpg,0,29696,0,,,,,0.0,0.96525,0.0,0.0,0.0
WOMEN-Tees_Tanks-id_00002227-01_4_full.jpg,0,56444,0,,,,,0.0,0.94175,0.0,0.0,0.0
WOMEN-Tees_Tanks-id_00002340-02_4_full.jpg,59255,16609,57995,0.8177,0.00034,0.70429,0.83547,0.18418,0.76615,0.00125,0.08671,0.03927
WOMEN-Tees_Tanks-id_00002460-01_4_full.jpg,0,0,0,,,,,,,0.0,0.0,
WOMEN-Tees_Tanks-id_00002478-07_4_full.jpg,0,63877,0,,,,,0.0,0.97193,0.0,0.0,0.0
WOMEN-Tees_Tanks-id_00002503-03_4_full.jpg,0,45283,0,,,,,0.0,0.84414,0.0,0.0,
WOMEN-Tees_Tanks-id_00002821-03_4_full.jpg,0,52478,0,,,,,0.0,0.95291,0.0,0.0,0.0
WOMEN-Tees_Tanks-id_00002884-01_4_full.jpg,0,43107,5076,,,0.0,0.0,0.0,0.97812,5e-05,0.02977,0.0
WOMEN-Tees_Tanks-id_00003137-04_4_full.jpg,0,68296,11,,,0.0,0.0,0.00016,0.9829,0.0,0.0,0.0
WOMEN-Tees_Tanks-id_00003268-15_4_full.jpg,0,47348,0,,,,,0.0,0.98902,0.0,0.0,
WOMEN-Tees_Tanks-id_00003580-08_4_full.jpg,0,24413,0,,,,,0.0,0.9751,0.0,0.0,0.0
WOMEN-Tees_Tanks-id_00004509-01_4_full.jpg,43496,35596,35646,0.73586,0.13468,0.67905,0.89791,0.07315,0.83116,0.00042,0.00911,0.0
WOMEN-Tees_Tanks-id_00004715-02_4_full.jpg,0,0,777,,,0.0,0.0,,,0.0,0.01958,0.0
WOMEN-Tees_Tanks-id_00004768-01_4_full.jpg,0,28403,0,,,,,0.0,0.04193,0.0,0.0,0.0
WOMEN-Tees_Tanks-id_00004985-02_4_full.jpg,0,61568,0,,,,,0.0,0.87999,0.0,0.0,0.0
WOMEN-Tees_Tanks-id_00005018-01_4_full.jpg,0,63802,0,,,,,0.0,0.96972,0.0,0.0,0.0
WOMEN-Tees_Tanks-id_00005318-02_4_full.jpg,0,17147,3753,,,0.0,0.0,0.0,0.18534,3e-05,0.0,0.0
WOMEN-Tees_Tanks-id_00005337-02_4_full.jpg,0,64231,0,,,,,0.0,0.96687,0.0,0.0,
WOMEN-Tees_Tanks-id_00005479-04_4_full.jpg,0,58687,4,,,0.0,0.0,0.0,0.97233,1e-05,0.0,0.0
WOMEN-Tees_Tanks-id_00005757-01_4_full.jpg,0,35220,0,,,,,0.0,0.95312,0.0,0.0,0.0
WOMEN-Tees_Tanks-id_00005918-05_4_full.jpg,0,49848,0,,,,,0.0,0.94959,0.0,0.0,0.0
WOMEN-Tees_Tanks-id_00006033-01_4_full.jpg,0,90176,0,,,,,0.0,0.98235,0.0,0.0,0.0
WOMEN-Tees_Tanks-id_00006199-01_4_full.jpg,0,19076,1042,,,0.0,0.0,0.0,0.28801,3e-05,0.00969,
WOMEN-Tees_Tanks-id_00006317-01_4_full.jpg,0,49536,0,,,,,0.0,0.90116,0.0,0.0,0.0
WOMEN-Tees_Tanks-id_00006421-06_4_full.jpg,0,8656,0,,,,,0.0,0.35444,0.0,0.0,0.0
WOMEN-Tees_Tanks-id_00006863-24_4_full.jpg,0,28157,0,,,,,0.0,0.98171,0.0,0.0,0.0
WOMEN-Tees_Tanks-id_00006924-01_4_full.jpg,0,83988,0,,,,,0.0,0.9898,0.0,0.0,0.0
WOMEN-Tees_Tanks-id_00007093-01_4_full.jpg,0,46593,0,,,,,0.0,0.94501,0.0,0.0,0.0
WOMEN-Tees_Tanks-id_00007406-06_4_full.jpg,0,38123,0,,,,,0.0,0.96981,0.0,0.0,0.0
WOMEN-Tees_Tanks-id_00007660-02_4_full.jpg,0,52425,0,,,,,0.0,0.97118,0.0,0.0,0.0
WOMEN-Tees_Tanks-id_00007675-01_4_full.jpg,0,0,0,,,,,,,0.0,0.0,0.0
WOMEN-Tees_Tanks-id_00007923-04_4_full.jpg,0,28855,0,,,,,0.0,0.98395,0.0,0.0,0.0
