image,has_outer_1000px,variant,image_pixels,raw_pixels,result_pixels,added_pixels,added_background,added_pants_leggings,added_skin,added_hair,removed_raw_pixels
MEN-Denim-id_00002559-01_4_full_segm.png,False,raw,825750,71625,71625,0,0,0,0,0,0
MEN-Denim-id_00002559-01_4_full_segm.png,False,close_5,825750,71625,71804,179,3,0,176,0,0
MEN-Denim-id_00002559-01_4_full_segm.png,False,close_5_dilate_3,825750,71625,85690,14065,7444,2038,4583,0,0
MEN-Denim-id_00002559-01_4_full_segm.png,False,close_1_dilate_1,825750,71625,75338,3713,2164,559,990,0,0
MEN-Denim-id_00005663-01_4_full_segm.png,False,raw,825750,106569,106569,0,0,0,0,0,0
MEN-Denim-id_00005663-01_4_full_segm.png,False,close_5,825750,106569,115241,8672,1627,0,117,0,0
MEN-Denim-id_00005663-01_4_full_segm.png,False,close_5_dilate_3,825750,106569,135075,28506,11533,2497,2217,0,0
MEN-Denim-id_00005663-01_4_full_segm.png,False,close_1_dilate_1,825750,106569,115081,8512,3253,677,600,0,0
MEN-Jackets_Vests-id_00002268-01_4_full_segm.png,True,raw,825750,85531,85531,0,0,0,0,0,0
MEN-Jackets_Vests-id_00002268-01_4_full_segm.png,True,close_5,825750,85531,86447,916,670,115,131,0,0
MEN-Jackets_Vests-id_00002268-01_4_full_segm.png,True,close_5_dilate_3,825750,85531,101498,15967,11084,2552,1949,0,0
MEN-Jackets_Vests-id_00002268-01_4_full_segm.png,True,close_1_dilate_1,825750,85531,90020,4489,3296,598,576,0,0
MEN-Jackets_Vests-id_00002439-02_4_full_segm.png,True,raw,825750,87074,87074,0,0,0,0,0,0
MEN-Jackets_Vests-id_00002439-02_4_full_segm.png,True,close_5,825750,87074,89526,2452,102,297,100,0,0
MEN-Jackets_Vests-id_00002439-02_4_full_segm.png,True,close_5_dilate_3,825750,87074,104556,17482,10337,3632,1556,0,0
MEN-Jackets_Vests-id_00002439-02_4_full_segm.png,True,close_1_dilate_1,825750,87074,91822,4748,2777,855,432,0,0
MEN-Jackets_Vests-id_00003336-09_4_full_segm.png,True,raw,825750,82393,82393,0,0,0,0,0,0
MEN-Jackets_Vests-id_00003336-09_4_full_segm.png,True,close_5,825750,82393,84015,1622,1157,0,465,0,0
MEN-Jackets_Vests-id_00003336-09_4_full_segm.png,True,close_5_dilate_3,825750,82393,97709,15316,11203,2167,1557,0,0
MEN-Jackets_Vests-id_00003336-09_4_full_segm.png,True,close_1_dilate_1,825750,82393,87239,4846,3532,575,705,0,0
MEN-Jackets_Vests-id_00004014-03_4_full_segm.png,True,raw,825750,102331,102331,0,0,0,0,0,0
MEN-Jackets_Vests-id_00004014-03_4_full_segm.png,True,close_5,825750,102331,102625,294,31,198,50,0,0
MEN-Jackets_Vests-id_00004014-03_4_full_segm.png,True,close_5_dilate_3,825750,102331,119985,17654,10985,2422,3265,0,0
MEN-Jackets_Vests-id_00004014-03_4_full_segm.png,True,close_1_dilate_1,825750,102331,107015,4684,2891,667,897,0,0
MEN-Jackets_Vests-id_00005047-01_4_full_segm.png,True,raw,825750,110269,110269,0,0,0,0,0,0
MEN-Jackets_Vests-id_00005047-01_4_full_segm.png,True,close_5,825750,110269,112188,1919,1083,0,836,0,0
MEN-Jackets_Vests-id_00005047-01_4_full_segm.png,True,close_5_dilate_3,825750,110269,128662,18393,11730,2345,4224,0,0
MEN-Jackets_Vests-id_00005047-01_4_full_segm.png,True,close_1_dilate_1,825750,110269,115908,5639,3760,628,1251,0,0
MEN-Jackets_Vests-id_00007272-01_4_full_segm.png,True,raw,825750,103843,103843,0,0,0,0,0,0
MEN-Jackets_Vests-id_00007272-01_4_full_segm.png,True,close_5,825750,103843,104994,1151,973,120,58,0,0
MEN-Jackets_Vests-id_00007272-01_4_full_segm.png,True,close_5_dilate_3,825750,103843,120749,16906,11984,2643,2153,0,0
MEN-Jackets_Vests-id_00007272-01_4_full_segm.png,True,close_1_dilate_1,825750,103843,108742,4899,3686,635,578,0,0
MEN-Pants-id_00004225-01_4_full_segm.png,False,raw,825750,76311,76311,0,0,0,0,0,0
MEN-Pants-id_00004225-01_4_full_segm.png,False,close_5,825750,76311,76594,283,52,0,231,0,0
MEN-Pants-id_00004225-01_4_full_segm.png,False,close_5_dilate_3,825750,76311,90753,14442,9375,2034,2785,0,0
MEN-Pants-id_00004225-01_4_full_segm.png,False,close_1_dilate_1,825750,76311,80129,3818,2410,555,844,0,0
MEN-Pants-id_00006688-03_4_full_segm.png,True,raw,825750,95382,95382,0,0,0,0,0,0
MEN-Pants-id_00006688-03_4_full_segm.png,True,close_5,825750,95382,95609,227,87,7,133,0,0
MEN-Pants-id_00006688-03_4_full_segm.png,True,close_5_dilate_3,825750,95382,110261,14879,10104,1875,2900,0,0
MEN-Pants-id_00006688-03_4_full_segm.png,True,close_1_dilate_1,825750,95382,99347,3965,2684,501,780,0,0
MEN-Pants-id_00006957-01_4_full_segm.png,False,raw,825750,68600,68600,0,0,0,0,0,0
MEN-Pants-id_00006957-01_4_full_segm.png,False,close_5,825750,68600,68902,302,22,0,280,0,0
MEN-Pants-id_00006957-01_4_full_segm.png,False,close_5_dilate_3,825750,68600,82344,13744,6929,1472,5343,0,0
MEN-Pants-id_00006957-01_4_full_segm.png,False,close_1_dilate_1,825750,68600,72218,3618,2003,409,1206,0,0
MEN-Pants-id_00007228-01_4_full_segm.png,False,raw,825750,82412,82412,0,0,0,0,0,0
MEN-Pants-id_00007228-01_4_full_segm.png,False,close_5,825750,82412,82574,162,7,0,155,0,0
MEN-Pants-id_00007228-01_4_full_segm.png,False,close_5_dilate_3,825750,82412,97184,14772,6032,2173,6567,0,0
MEN-Pants-id_00007228-01_4_full_segm.png,False,close_1_dilate_1,825750,82412,86314,3902,1947,603,1352,0,0
MEN-Shirts_Polos-id_00000193-07_4_full_segm.png,False,raw,825750,113752,113752,0,0,0,0,0,0
MEN-Shirts_Polos-id_00000193-07_4_full_segm.png,False,close_5,825750,113752,114583,831,311,376,144,0,0
MEN-Shirts_Polos-id_00000193-07_4_full_segm.png,False,close_5_dilate_3,825750,113752,130394,16642,11792,2704,2061,0,0
MEN-Shirts_Polos-id_00000193-07_4_full_segm.png,False,close_1_dilate_1,825750,113752,118391,4639,3319,766,554,0,0
MEN-Shirts_Polos-id_00000632-01_4_full_segm.png,False,raw,825750,82865,82865,0,0,0,0,0,0
MEN-Shirts_Polos-id_00000632-01_4_full_segm.png,False,close_5,825750,82865,86912,4047,3185,59,753,0,0
MEN-Shirts_Polos-id_00000632-01_4_full_segm.png,False,close_5_dilate_3,825750,82865,101124,18259,12922,1268,3490,0,0
MEN-Shirts_Polos-id_00000632-01_4_full_segm.png,False,close_1_dilate_1,825750,82865,87890,5025,3530,349,1062,0,0
MEN-Shirts_Polos-id_00000925-01_4_full_segm.png,False,raw,825750,90526,90526,0,0,0,0,0,0
MEN-Shirts_Polos-id_00000925-01_4_full_segm.png,False,close_5,825750,90526,90820,294,28,1,265,0,0
MEN-Shirts_Polos-id_00000925-01_4_full_segm.png,False,close_5_dilate_3,825750,90526,106442,15916,9909,2360,3479,0,0
MEN-Shirts_Polos-id_00000925-01_4_full_segm.png,False,close_1_dilate_1,825750,90526,94751,4225,2766,642,798,0,0
MEN-Shirts_Polos-id_00001005-01_4_full_segm.png,False,raw,825750,88489,88489,0,0,0,0,0,0
MEN-Shirts_Polos-id_00001005-01_4_full_segm.png,False,close_5,825750,88489,88699,210,79,1,130,0,0
MEN-Shirts_Polos-id_00001005-01_4_full_segm.png,False,close_5_dilate_3,825750,88489,103978,15489,9271,2293,3833,0,0
MEN-Shirts_Polos-id_00001005-01_4_full_segm.png,False,close_1_dilate_1,825750,88489,92564,4075,2541,600,934,0,0
MEN-Shirts_Polos-id_00001055-02_4_full_segm.png,False,raw,825750,89063,89063,0,0,0,0,0,0
MEN-Shirts_Polos-id_00001055-02_4_full_segm.png,False,close_5,825750,89063,89295,232,46,1,185,0,0
MEN-Shirts_Polos-id_00001055-02_4_full_segm.png,False,close_5_dilate_3,825750,89063,104848,15785,7878,2055,5687,0,0
MEN-Shirts_Polos-id_00001055-02_4_full_segm.png,False,close_1_dilate_1,825750,89063,93210,4147,2460,558,1129,0,0
MEN-Shirts_Polos-id_00001184-01_4_full_segm.png,False,raw,825750,82484,82484,0,0,0,0,0,0
MEN-Shirts_Polos-id_00001184-01_4_full_segm.png,False,close_5,825750,82484,83571,1087,77,168,842,0,0
MEN-Shirts_Polos-id_00001184-01_4_full_segm.png,False,close_5_dilate_3,825750,82484,98723,16239,8706,2308,5108,0,0
MEN-Shirts_Polos-id_00001184-01_4_full_segm.png,False,close_1_dilate_1,825750,82484,86878,4394,2449,665,1280,0,0
MEN-Shirts_Polos-id_00001540-03_4_full_segm.png,False,raw,825750,88208,88208,0,0,0,0,0,0
MEN-Shirts_Polos-id_00001540-03_4_full_segm.png,False,close_5,825750,88208,88874,666,83,0,583,0,0
MEN-Shirts_Polos-id_00001540-03_4_full_segm.png,False,close_5_dilate_3,825750,88208,104019,15811,8963,2585,3969,0,0
MEN-Shirts_Polos-id_00001540-03_4_full_segm.png,False,close_1_dilate_1,825750,88208,92371,4163,2536,684,923,0,0
MEN-Shirts_Polos-id_00002461-02_4_full_segm.png,False,raw,825750,78883,78883,0,0,0,0,0,0
MEN-Shirts_Polos-id_00002461-02_4_full_segm.png,False,close_5,825750,78883,79487,604,25,314,206,0,0
MEN-Shirts_Polos-id_00002461-02_4_full_segm.png,False,close_5_dilate_3,825750,78883,94081,15198,8588,2240,3728,0,0
MEN-Shirts_Polos-id_00002461-02_4_full_segm.png,False,close_1_dilate_1,825750,78883,82933,4050,2362,665,871,0,0
MEN-Shirts_Polos-id_00003329-01_4_full_segm.png,False,raw,825750,110177,110177,0,0,0,0,0,0
MEN-Shirts_Polos-id_00003329-01_4_full_segm.png,False,close_5,825750,110177,115631,5454,5237,106,111,0,0
MEN-Shirts_Polos-id_00003329-01_4_full_segm.png,False,close_5_dilate_3,825750,110177,130967,20790,15780,2629,2235,0,0
MEN-Shirts_Polos-id_00003329-01_4_full_segm.png,False,close_1_dilate_1,825750,110177,116231,6054,4702,751,600,0,0
MEN-Shirts_Polos-id_00003489-07_4_full_segm.png,False,raw,825750,79360,79360,0,0,0,0,0,0
MEN-Shirts_Polos-id_00003489-07_4_full_segm.png,False,close_5,825750,79360,80715,1355,170,116,1069,0,0
MEN-Shirts_Polos-id_00003489-07_4_full_segm.png,False,close_5_dilate_3,825750,79360,98036,18676,10532,2435,5709,0,0
MEN-Shirts_Polos-id_00003489-07_4_full_segm.png,False,close_1_dilate_1,825750,79360,84424,5064,2742,696,1626,0,0
MEN-Shirts_Polos-id_00005383-02_4_full_segm.png,False,raw,825750,74560,74560,0,0,0,0,0,0
MEN-Shirts_Polos-id_00005383-02_4_full_segm.png,False,close_5,825750,74560,74986,426,29,179,218,0,0
MEN-Shirts_Polos-id_00005383-02_4_full_segm.png,False,close_5_dilate_3,825750,74560,89469,14909,7244,2705,4864,0,0
MEN-Shirts_Polos-id_00005383-02_4_full_segm.png,False,close_1_dilate_1,825750,74560,78599,4039,2125,826,1088,0,0
MEN-Shirts_Polos-id_00005811-01_4_full_segm.png,False,raw,825750,114921,114921,0,0,0,0,0,0
MEN-Shirts_Polos-id_00005811-01_4_full_segm.png,False,close_5,825750,114921,116755,1834,51,144,1639,0,0
MEN-Shirts_Polos-id_00005811-01_4_full_segm.png,False,close_5_dilate_3,825750,114921,132530,17609,10634,2224,4722,0,0
MEN-Shirts_Polos-id_00005811-01_4_full_segm.png,False,close_1_dilate_1,825750,114921,119787,4866,2849,650,1367,0,0
MEN-Shorts-id_00000337-09_4_full_segm.png,False,raw,825750,82231,82231,0,0,0,0,0,0
MEN-Shorts-id_00000337-09_4_full_segm.png,False,close_5,825750,82231,82396,165,23,4,138,0,0
MEN-Shorts-id_00000337-09_4_full_segm.png,False,close_5_dilate_3,825750,82231,96951,14720,5959,2241,6514,0,0
MEN-Shorts-id_00000337-09_4_full_segm.png,False,close_1_dilate_1,825750,82231,86059,3828,1780,598,1450,0,0
MEN-Shorts-id_00001350-01_4_full_segm.png,False,raw,825750,70566,70566,0,0,0,0,0,0
MEN-Shorts-id_00001350-01_4_full_segm.png,False,close_5,825750,70566,71211,645,32,421,180,0,0
MEN-Shorts-id_00001350-01_4_full_segm.png,False,close_5_dilate_3,825750,70566,84811,14245,7282,1640,4940,0,0
MEN-Shorts-id_00001350-01_4_full_segm.png,False,close_1_dilate_1,825750,70566,74372,3806,1829,521,1394,0,0
MEN-Shorts-id_00002795-01_4_full_segm.png,False,raw,825750,59389,59389,0,0,0,0,0,0
MEN-Shorts-id_00002795-01_4_full_segm.png,False,close_5,825750,59389,59545,156,5,1,150,0,0
MEN-Shorts-id_00002795-01_4_full_segm.png,False,close_5_dilate_3,825750,59389,72779,13390,7205,1459,4583,0,0
MEN-Shorts-id_00002795-01_4_full_segm.png,False,close_1_dilate_1,825750,59389,62819,3430,1863,358,1184,0,0
MEN-Shorts-id_00004292-05_4_full_segm.png,False,raw,825750,82951,82951,0,0,0,0,0,0
MEN-Shorts-id_00004292-05_4_full_segm.png,False,close_5,825750,82951,83119,168,46,0,122,0,0
MEN-Shorts-id_00004292-05_4_full_segm.png,False,close_5_dilate_3,825750,82951,97163,14212,8416,2284,3512,0,0
MEN-Shorts-id_00004292-05_4_full_segm.png,False,close_1_dilate_1,825750,82951,86705,3754,2218,624,912,0,0
MEN-Shorts-id_00004292-06_4_full_segm.png,False,raw,825750,89936,89936,0,0,0,0,0,0
MEN-Shorts-id_00004292-06_4_full_segm.png,False,close_5,825750,89936,90176,240,113,14,113,0,0
MEN-Shorts-id_00004292-06_4_full_segm.png,False,close_5_dilate_3,825750,89936,104915,14979,9455,2294,3230,0,0
MEN-Shorts-id_00004292-06_4_full_segm.png,False,close_1_dilate_1,825750,89936,93924,3988,2707,627,654,0,0
MEN-Shorts-id_00004620-01_4_full_segm.png,False,raw,825750,81523,81523,0,0,0,0,0,0
MEN-Shorts-id_00004620-01_4_full_segm.png,False,close_5,825750,81523,81912,389,98,1,290,0,0
MEN-Shorts-id_00004620-01_4_full_segm.png,False,close_5_dilate_3,825750,81523,96100,14577,8313,1621,4380,0,0
MEN-Shorts-id_00004620-01_4_full_segm.png,False,close_1_dilate_1,825750,81523,85399,3876,2220,449,1170,0,0
MEN-Shorts-id_00004852-01_4_full_segm.png,False,raw,825750,77202,77202,0,0,0,0,0,0
MEN-Shorts-id_00004852-01_4_full_segm.png,False,close_5,825750,77202,77839,637,110,290,237,0,0
MEN-Shorts-id_00004852-01_4_full_segm.png,False,close_5_dilate_3,825750,77202,92259,15057,8849,2173,3949,0,0
MEN-Shorts-id_00004852-01_4_full_segm.png,False,close_1_dilate_1,825750,77202,81202,4000,2489,611,889,0,0
MEN-Shorts-id_00005745-02_4_full_segm.png,False,raw,825750,58933,58933,0,0,0,0,0,0
MEN-Shorts-id_00005745-02_4_full_segm.png,False,close_5,825750,58933,59192,259,0,9,250,0,0
MEN-Shorts-id_00005745-02_4_full_segm.png,False,close_5_dilate_3,825750,58933,71841,12908,5949,1802,5157,0,0
MEN-Shorts-id_00005745-02_4_full_segm.png,False,close_1_dilate_1,825750,58933,62291,3358,1524,479,1355,0,0
MEN-Shorts-id_00007088-01_4_full_segm.png,False,raw,825750,84094,84094,0,0,0,0,0,0
MEN-Shorts-id_00007088-01_4_full_segm.png,False,close_5,825750,84094,84336,242,69,4,169,0,0
MEN-Shorts-id_00007088-01_4_full_segm.png,False,close_5_dilate_3,825750,84094,99583,15489,7761,2274,5250,0,0
MEN-Shorts-id_00007088-01_4_full_segm.png,False,close_1_dilate_1,825750,84094,88183,4089,2304,588,1174,0,0
MEN-Shorts-id_00007539-01_4_full_segm.png,False,raw,825750,53217,53217,0,0,0,0,0,0
MEN-Shorts-id_00007539-01_4_full_segm.png,False,close_5,825750,53217,53255,38,0,5,33,0,0
MEN-Shorts-id_00007539-01_4_full_segm.png,False,close_5_dilate_3,825750,53217,65160,11943,2938,2374,6631,0,0
MEN-Shorts-id_00007539-01_4_full_segm.png,False,close_1_dilate_1,825750,53217,56390,3173,694,618,1861,0,0
MEN-Suiting-id_00006233-01_4_full_segm.png,True,raw,825750,136447,136447,0,0,0,0,0,0
MEN-Suiting-id_00006233-01_4_full_segm.png,True,close_5,825750,136447,140523,4076,540,94,1691,0,0
MEN-Suiting-id_00006233-01_4_full_segm.png,True,close_5_dilate_3,825750,136447,161686,25239,14032,2743,6335,0,0
MEN-Suiting-id_00006233-01_4_full_segm.png,True,close_1_dilate_1,825750,136447,143641,7194,3930,739,1801,0,0
MEN-Suiting-id_00007917-01_4_full_segm.png,True,raw,825750,77785,77785,0,0,0,0,0,0
MEN-Suiting-id_00007917-01_4_full_segm.png,True,close_5,825750,77785,84518,6733,524,77,401,0,0
MEN-Suiting-id_00007917-01_4_full_segm.png,True,close_5_dilate_3,825750,77785,102260,24475,9574,2080,4849,0,0
MEN-Suiting-id_00007917-01_4_full_segm.png,True,close_1_dilate_1,825750,77785,84811,7026,2706,555,1322,0,0
MEN-Sweaters-id_00000661-01_4_full_segm.png,False,raw,825750,77597,77597,0,0,0,0,0,0
MEN-Sweaters-id_00000661-01_4_full_segm.png,False,close_5,825750,77597,79102,1505,901,98,506,0,0
MEN-Sweaters-id_00000661-01_4_full_segm.png,False,close_5_dilate_3,825750,77597,92412,14815,8816,1623,4124,0,0
MEN-Sweaters-id_00000661-01_4_full_segm.png,False,close_1_dilate_1,825750,77597,82024,4427,2883,422,1074,0,0
MEN-Sweaters-id_00001509-02_4_full_segm.png,False,raw,825750,85811,85811,0,0,0,0,0,0
MEN-Sweaters-id_00001509-02_4_full_segm.png,False,close_5,825750,85811,87991,2180,500,50,1629,0,0
MEN-Sweaters-id_00001509-02_4_full_segm.png,False,close_5_dilate_3,825750,85811,106425,20614,11371,2494,6462,0,0
MEN-Sweaters-id_00001509-02_4_full_segm.png,False,close_1_dilate_1,825750,85811,91386,5575,3024,686,1806,0,0
MEN-Sweaters-id_00001563-01_4_full_segm.png,False,raw,825750,91428,91428,0,0,0,0,0,0
MEN-Sweaters-id_00001563-01_4_full_segm.png,False,close_5,825750,91428,91657,229,59,14,156,0,0
MEN-Sweaters-id_00001563-01_4_full_segm.png,False,close_5_dilate_3,825750,91428,107044,15616,9123,2337,4055,0,0
MEN-Sweaters-id_00001563-01_4_full_segm.png,False,close_1_dilate_1,825750,91428,95525,4097,2540,626,931,0,0
MEN-Sweaters-id_00002179-01_4_full_segm.png,False,raw,825750,86907,86907,0,0,0,0,0,0
MEN-Sweaters-id_00002179-01_4_full_segm.png,False,close_5,825750,86907,87063,156,31,13,112,0,0
MEN-Sweaters-id_00002179-01_4_full_segm.png,False,close_5_dilate_3,825750,86907,102023,15116,9423,2376,3242,0,0
MEN-Sweaters-id_00002179-01_4_full_segm.png,False,close_1_dilate_1,825750,86907,90889,3982,2536,638,808,0,0
MEN-Sweaters-id_00002241-01_4_full_segm.png,False,raw,825750,84898,84898,0,0,0,0,0,0
MEN-Sweaters-id_00002241-01_4_full_segm.png,False,close_5,825750,84898,85102,204,72,14,118,0,0
MEN-Sweaters-id_00002241-01_4_full_segm.png,False,close_5_dilate_3,825750,84898,99981,15083,10061,2471,2437,0,0
MEN-Sweaters-id_00002241-01_4_full_segm.png,False,close_1_dilate_1,825750,84898,88849,3951,2658,669,624,0,0
MEN-Sweaters-id_00003216-03_4_full_segm.png,False,raw,825750,84379,84379,0,0,0,0,0,0
MEN-Sweaters-id_00003216-03_4_full_segm.png,False,close_5,825750,84379,84588,209,11,0,198,0,0
MEN-Sweaters-id_00003216-03_4_full_segm.png,False,close_5_dilate_3,825750,84379,99512,15133,7683,2131,5302,0,0
MEN-Sweaters-id_00003216-03_4_full_segm.png,False,close_1_dilate_1,825750,84379,88362,3983,2213,542,1228,0,0
MEN-Sweaters-id_00006703-01_4_full_segm.png,False,raw,825750,88613,88613,0,0,0,0,0,0
MEN-Sweaters-id_00006703-01_4_full_segm.png,False,close_5,825750,88613,88849,236,44,3,189,0,0
MEN-Sweaters-id_00006703-01_4_full_segm.png,False,close_5_dilate_3,825750,88613,104032,15419,6692,2032,6581,0,0
MEN-Sweaters-id_00006703-01_4_full_segm.png,False,close_1_dilate_1,825750,88613,92669,4056,2179,548,1329,0,0
MEN-Sweatshirts_Hoodies-id_00000689-01_4_full_segm.png,False,raw,825750,101241,101241,0,0,0,0,0,0
MEN-Sweatshirts_Hoodies-id_00000689-01_4_full_segm.png,False,close_5,825750,101241,103345,2104,1864,37,203,0,0
MEN-Sweatshirts_Hoodies-id_00000689-01_4_full_segm.png,False,close_5_dilate_3,825750,101241,117992,16751,12155,2076,2520,0,0
MEN-Sweatshirts_Hoodies-id_00000689-01_4_full_segm.png,False,close_1_dilate_1,825750,101241,106617,5376,4154,578,644,0,0
MEN-Sweatshirts_Hoodies-id_00000978-01_4_full_segm.png,False,raw,825750,116190,116190,0,0,0,0,0,0
MEN-Sweatshirts_Hoodies-id_00000978-01_4_full_segm.png,False,close_5,825750,116190,116486,296,98,0,198,0,0
MEN-Sweatshirts_Hoodies-id_00000978-01_4_full_segm.png,False,close_5_dilate_3,825750,116190,131874,15684,10853,2122,2709,0,0
MEN-Sweatshirts_Hoodies-id_00000978-01_4_full_segm.png,False,close_1_dilate_1,825750,116190,120392,4202,2894,582,726,0,0
MEN-Sweatshirts_Hoodies-id_00003060-06_4_full_segm.png,True,raw,825750,110981,110981,0,0,0,0,0,0
MEN-Sweatshirts_Hoodies-id_00003060-06_4_full_segm.png,True,close_5,825750,110981,112646,1665,1534,29,102,0,0
MEN-Sweatshirts_Hoodies-id_00003060-06_4_full_segm.png,True,close_5_dilate_3,825750,110981,128448,17467,12831,2024,2599,0,0
MEN-Sweatshirts_Hoodies-id_00003060-06_4_full_segm.png,True,close_1_dilate_1,825750,110981,116224,5243,3995,539,709,0,0
MEN-Sweatshirts_Hoodies-id_00003302-01_4_full_segm.png,True,raw,825750,98785,98785,0,0,0,0,0,0
MEN-Sweatshirts_Hoodies-id_00003302-01_4_full_segm.png,True,close_5,825750,98785,99843,1058,32,399,627,0,0
MEN-Sweatshirts_Hoodies-id_00003302-01_4_full_segm.png,True,close_5_dilate_3,825750,98785,122968,24183,12450,2441,9217,0,0
MEN-Sweatshirts_Hoodies-id_00003302-01_4_full_segm.png,True,close_1_dilate_1,825750,98785,105020,6235,3188,767,2280,0,0
MEN-Sweatshirts_Hoodies-id_00004031-01_4_full_segm.png,False,raw,825750,82741,82741,0,0,0,0,0,0
MEN-Sweatshirts_Hoodies-id_00004031-01_4_full_segm.png,False,close_5,825750,82741,84774,2033,213,10,1810,0,0
MEN-Sweatshirts_Hoodies-id_00004031-01_4_full_segm.png,False,close_5_dilate_3,825750,82741,99940,17199,10725,2307,4167,0,0
MEN-Sweatshirts_Hoodies-id_00004031-01_4_full_segm.png,False,close_1_dilate_1,825750,82741,87430,4689,2792,615,1282,0,0
MEN-Sweatshirts_Hoodies-id_00004332-01_4_full_segm.png,False,raw,825750,91880,91880,0,0,0,0,0,0
MEN-Sweatshirts_Hoodies-id_00004332-01_4_full_segm.png,False,close_5,825750,91880,96487,4607,4537,0,67,0,0
MEN-Sweatshirts_Hoodies-id_00004332-01_4_full_segm.png,False,close_5_dilate_3,825750,91880,110515,18635,14695,1641,2185,0,0
MEN-Sweatshirts_Hoodies-id_00004332-01_4_full_segm.png,False,close_1_dilate_1,825750,91880,97345,5465,4395,467,572,0,0
MEN-Sweatshirts_Hoodies-id_00004649-05_4_full_segm.png,True,raw,825750,103275,103275,0,0,0,0,0,0
MEN-Sweatshirts_Hoodies-id_00004649-05_4_full_segm.png,True,close_5,825750,103275,103929,654,543,3,108,0,0
MEN-Sweatshirts_Hoodies-id_00004649-05_4_full_segm.png,True,close_5_dilate_3,825750,103275,119037,15762,10869,2041,2852,0,0
MEN-Sweatshirts_Hoodies-id_00004649-05_4_full_segm.png,True,close_1_dilate_1,825750,103275,107751,4476,3179,528,769,0,0
MEN-Sweatshirts_Hoodies-id_00005575-01_4_full_segm.png,False,raw,825750,113580,113580,0,0,0,0,0,0
MEN-Sweatshirts_Hoodies-id_00005575-01_4_full_segm.png,False,close_5,825750,113580,114451,871,610,0,261,0,0
MEN-Sweatshirts_Hoodies-id_00005575-01_4_full_segm.png,False,close_5_dilate_3,825750,113580,129991,16411,11741,2138,2532,0,0
MEN-Sweatshirts_Hoodies-id_00005575-01_4_full_segm.png,False,close_1_dilate_1,825750,113580,118220,4640,3422,582,636,0,0
MEN-Sweatshirts_Hoodies-id_00005603-02_4_full_segm.png,False,raw,825750,66580,66580,0,0,0,0,0,0
MEN-Sweatshirts_Hoodies-id_00005603-02_4_full_segm.png,False,close_5,825750,66580,67118,538,57,0,481,0,0
MEN-Sweatshirts_Hoodies-id_00005603-02_4_full_segm.png,False,close_5_dilate_3,825750,66580,82015,15435,8717,1938,4780,0,0
MEN-Sweatshirts_Hoodies-id_00005603-02_4_full_segm.png,False,close_1_dilate_1,825750,66580,70579,3999,2229,528,1242,0,0
MEN-Sweatshirts_Hoodies-id_00006963-09_4_full_segm.png,False,raw,825750,98948,98948,0,0,0,0,0,0
MEN-Sweatshirts_Hoodies-id_00006963-09_4_full_segm.png,False,close_5,825750,98948,101450,2502,2169,19,314,0,0
MEN-Sweatshirts_Hoodies-id_00006963-09_4_full_segm.png,False,close_5_dilate_3,825750,98948,117804,18856,13955,2158,2158,0,0
MEN-Sweatshirts_Hoodies-id_00006963-09_4_full_segm.png,False,close_1_dilate_1,825750,98948,104750,5802,4388,561,760,0,0
MEN-Sweatshirts_Hoodies-id_00007741-02_4_full_segm.png,False,raw,825750,104279,104279,0,0,0,0,0,0
MEN-Sweatshirts_Hoodies-id_00007741-02_4_full_segm.png,False,close_5,825750,104279,106099,1820,1742,0,78,0,0
MEN-Sweatshirts_Hoodies-id_00007741-02_4_full_segm.png,False,close_5_dilate_3,825750,104279,120911,16632,12274,2375,1891,0,0
MEN-Sweatshirts_Hoodies-id_00007741-02_4_full_segm.png,False,close_1_dilate_1,825750,104279,109615,5336,4189,642,505,0,0
MEN-Tees_Tanks-id_00000091-02_4_full_segm.png,False,raw,825750,79645,79645,0,0,0,0,0,0
MEN-Tees_Tanks-id_00000091-02_4_full_segm.png,False,close_5,825750,79645,79955,310,15,0,295,0,0
MEN-Tees_Tanks-id_00000091-02_4_full_segm.png,False,close_5_dilate_3,825750,79645,94539,14894,7806,2126,4962,0,0
MEN-Tees_Tanks-id_00000091-02_4_full_segm.png,False,close_1_dilate_1,825750,79645,83530,3885,2268,580,1037,0,0
MEN-Tees_Tanks-id_00000161-01_4_full_segm.png,False,raw,825750,96520,96520,0,0,0,0,0,0
MEN-Tees_Tanks-id_00000161-01_4_full_segm.png,False,close_5,825750,96520,98983,2463,2372,0,91,0,0
MEN-Tees_Tanks-id_00000161-01_4_full_segm.png,False,close_5_dilate_3,825750,96520,115843,19323,13425,2416,3252,0,0
MEN-Tees_Tanks-id_00000161-01_4_full_segm.png,False,close_1_dilate_1,825750,96520,101791,5271,3782,630,820,0,0
MEN-Tees_Tanks-id_00000223-01_4_full_segm.png,False,raw,825750,51410,51410,0,0,0,0,0,0
MEN-Tees_Tanks-id_00000223-01_4_full_segm.png,False,close_5,825750,51410,51694,284,9,24,238,0,0
MEN-Tees_Tanks-id_00000223-01_4_full_segm.png,False,close_5_dilate_3,825750,51410,66920,15510,8034,1623,5758,0,0
MEN-Tees_Tanks-id_00000223-01_4_full_segm.png,False,close_1_dilate_1,825750,51410,55397,3987,2056,424,1472,0,0
MEN-Tees_Tanks-id_00000296-04_4_full_segm.png,False,raw,825750,89419,89419,0,0,0,0,0,0
MEN-Tees_Tanks-id_00000296-04_4_full_segm.png,False,close_5,825750,89419,89848,429,30,0,398,0,0
MEN-Tees_Tanks-id_00000296-04_4_full_segm.png,False,close_5_dilate_3,825750,89419,105478,16059,9441,2327,4180,0,0
MEN-Tees_Tanks-id_00000296-04_4_full_segm.png,False,close_1_dilate_1,825750,89419,93697,4278,2576,624,1065,0,0
MEN-Tees_Tanks-id_00000339-07_4_full_segm.png,False,raw,825750,77033,77033,0,0,0,0,0,0
MEN-Tees_Tanks-id_00000339-07_4_full_segm.png,False,close_5,825750,77033,77240,207,42,0,165,0,0
MEN-Tees_Tanks-id_00000339-07_4_full_segm.png,False,close_5_dilate_3,825750,77033,92127,15094,7901,2200,4993,0,0
MEN-Tees_Tanks-id_00000339-07_4_full_segm.png,False,close_1_dilate_1,825750,77033,81023,3990,2394,607,989,0,0
MEN-Tees_Tanks-id_00001121-04_4_full_segm.png,False,raw,825750,66945,66945,0,0,0,0,0,0
MEN-Tees_Tanks-id_00001121-04_4_full_segm.png,False,close_5,825750,66945,66975,30,7,2,21,0,0
MEN-Tees_Tanks-id_00001121-04_4_full_segm.png,False,close_5_dilate_3,825750,66945,80887,13942,4684,2551,6707,0,0
MEN-Tees_Tanks-id_00001121-04_4_full_segm.png,False,close_1_dilate_1,825750,66945,70625,3680,1663,666,1351,0,0
MEN-Tees_Tanks-id_00001222-03_4_full_segm.png,False,raw,825750,57942,57942,0,0,0,0,0,0
MEN-Tees_Tanks-id_00001222-03_4_full_segm.png,False,close_5,825750,57942,58532,590,9,5,576,0,0
MEN-Tees_Tanks-id_00001222-03_4_full_segm.png,False,close_5_dilate_3,825750,57942,72269,14327,3818,2033,8476,0,0
MEN-Tees_Tanks-id_00001222-03_4_full_segm.png,False,close_1_dilate_1,825750,57942,61746,3804,1176,516,2112,0,0
MEN-Tees_Tanks-id_00001309-02_4_full_segm.png,False,raw,825750,66791,66791,0,0,0,0,0,0
MEN-Tees_Tanks-id_00001309-02_4_full_segm.png,False,close_5,825750,66791,67040,249,16,1,232,0,0
MEN-Tees_Tanks-id_00001309-02_4_full_segm.png,False,close_5_dilate_3,825750,66791,80326,13535,4683,1795,7006,0,0
MEN-Tees_Tanks-id_00001309-02_4_full_segm.png,False,close_1_dilate_1,825750,66791,70339,3548,1143,471,1934,0,0
MEN-Tees_Tanks-id_00001345-06_4_full_segm.png,False,raw,825750,93312,93312,0,0,0,0,0,0
MEN-Tees_Tanks-id_00001345-06_4_full_segm.png,False,close_5,825750,93312,95878,2566,156,1,622,0,0
MEN-Tees_Tanks-id_00001345-06_4_full_segm.png,False,close_5_dilate_3,825750,93312,112848,19536,8299,1089,8253,0,0
MEN-Tees_Tanks-id_00001345-06_4_full_segm.png,False,close_1_dilate_1,825750,93312,98530,5218,2286,273,1995,0,0
MEN-Tees_Tanks-id_00001519-01_4_full_segm.png,False,raw,825750,91494,91494,0,0,0,0,0,0
MEN-Tees_Tanks-id_00001519-01_4_full_segm.png,False,close_5,825750,91494,91723,229,58,13,158,0,0
MEN-Tees_Tanks-id_00001519-01_4_full_segm.png,False,close_5_dilate_3,825750,91494,106713,15219,8504,2371,4344,0,0
MEN-Tees_Tanks-id_00001519-01_4_full_segm.png,False,close_1_dilate_1,825750,91494,95493,3999,2461,659,879,0,0
MEN-Tees_Tanks-id_00001588-01_4_full_segm.png,False,raw,825750,86582,86582,0,0,0,0,0,0
MEN-Tees_Tanks-id_00001588-01_4_full_segm.png,False,close_5,825750,86582,86773,191,38,29,124,0,0
MEN-Tees_Tanks-id_00001588-01_4_full_segm.png,False,close_5_dilate_3,825750,86582,101922,15340,9872,2324,3144,0,0
MEN-Tees_Tanks-id_00001588-01_4_full_segm.png,False,close_1_dilate_1,825750,86582,90630,4048,2683,650,715,0,0
MEN-Tees_Tanks-id_00001924-01_4_full_segm.png,False,raw,825750,63550,63550,0,0,0,0,0,0
MEN-Tees_Tanks-id_00001924-01_4_full_segm.png,False,close_5,825750,63550,65212,1662,10,5,184,0,0
MEN-Tees_Tanks-id_00001924-01_4_full_segm.png,False,close_5_dilate_3,825750,63550,77815,14265,8014,1555,3065,0,0
MEN-Tees_Tanks-id_00001924-01_4_full_segm.png,False,close_1_dilate_1,825750,63550,68349,4799,2187,379,741,0,0
MEN-Tees_Tanks-id_00002167-01_4_full_segm.png,False,raw,825750,69012,69012,0,0,0,0,0,0
MEN-Tees_Tanks-id_00002167-01_4_full_segm.png,False,close_5,825750,69012,69041,29,13,1,15,0,0
MEN-Tees_Tanks-id_00002167-01_4_full_segm.png,False,close_5_dilate_3,825750,69012,81981,12969,3159,2206,7604,0,0
MEN-Tees_Tanks-id_00002167-01_4_full_segm.png,False,close_1_dilate_1,825750,69012,72430,3418,1240,585,1593,0,0
MEN-Tees_Tanks-id_00002310-01_4_full_segm.png,False,raw,825750,52860,52860,0,0,0,0,0,0
MEN-Tees_Tanks-id_00002310-01_4_full_segm.png,False,close_5,825750,52860,53019,159,2,1,146,0,0
MEN-Tees_Tanks-id_00002310-01_4_full_segm.png,False,close_5_dilate_3,825750,52860,69728,16868,7662,2113,6911,0,0
MEN-Tees_Tanks-id_00002310-01_4_full_segm.png,False,close_1_dilate_1,825750,52860,57222,4362,1912,573,1822,0,0
MEN-Tees_Tanks-id_00002317-01_4_full_segm.png,False,raw,825750,68053,68053,0,0,0,0,0,0
MEN-Tees_Tanks-id_00002317-01_4_full_segm.png,False,close_5,825750,68053,68894,841,3,0,819,0,0
MEN-Tees_Tanks-id_00002317-01_4_full_segm.png,False,close_5_dilate_3,825750,68053,88408,20355,8231,1725,10160,0,0
MEN-Tees_Tanks-id_00002317-01_4_full_segm.png,False,close_1_dilate_1,825750,68053,73095,5042,2037,471,2476,0,0
MEN-Tees_Tanks-id_00002535-01_4_full_segm.png,False,raw,825750,85734,85734,0,0,0,0,0,0
MEN-Tees_Tanks-id_00002535-01_4_full_segm.png,False,close_5,825750,85734,85936,202,17,2,183,0,0
MEN-Tees_Tanks-id_00002535-01_4_full_segm.png,False,close_5_dilate_3,825750,85734,100661,14927,9054,2394,3479,0,0
MEN-Tees_Tanks-id_00002535-01_4_full_segm.png,False,close_1_dilate_1,825750,85734,89671,3937,2508,650,779,0,0
MEN-Tees_Tanks-id_00002848-02_4_full_segm.png,False,raw,825750,85016,85016,0,0,0,0,0,0
MEN-Tees_Tanks-id_00002848-02_4_full_segm.png,False,close_5,825750,85016,85772,756,46,0,710,0,0
MEN-Tees_Tanks-id_00002848-02_4_full_segm.png,False,close_5_dilate_3,825750,85016,100015,14999,6876,2370,5753,0,0
MEN-Tees_Tanks-id_00002848-02_4_full_segm.png,False,close_1_dilate_1,825750,85016,89016,4000,1933,607,1460,0,0
MEN-Tees_Tanks-id_00002892-01_4_full_segm.png,False,raw,825750,82179,82179,0,0,0,0,0,0
MEN-Tees_Tanks-id_00002892-01_4_full_segm.png,False,close_5,825750,82179,82334,155,30,0,125,0,0
MEN-Tees_Tanks-id_00002892-01_4_full_segm.png,False,close_5_dilate_3,825750,82179,96991,14812,6802,2047,5896,0,0
MEN-Tees_Tanks-id_00002892-01_4_full_segm.png,False,close_1_dilate_1,825750,82179,86099,3920,2001,566,1353,0,0
MEN-Tees_Tanks-id_00003058-01_4_full_segm.png,False,raw,825750,87708,87708,0,0,0,0,0,0
MEN-Tees_Tanks-id_00003058-01_4_full_segm.png,False,close_5,825750,87708,87847,139,3,6,130,0,0
MEN-Tees_Tanks-id_00003058-01_4_full_segm.png,False,close_5_dilate_3,825750,87708,102997,15289,8495,2432,4362,0,0
MEN-Tees_Tanks-id_00003058-01_4_full_segm.png,False,close_1_dilate_1,825750,87708,91725,4017,2361,656,1000,0,0
MEN-Tees_Tanks-id_00003062-01_4_full_segm.png,False,raw,825750,75968,75968,0,0,0,0,0,0
MEN-Tees_Tanks-id_00003062-01_4_full_segm.png,False,close_5,825750,75968,76147,179,4,1,174,0,0
MEN-Tees_Tanks-id_00003062-01_4_full_segm.png,False,close_5_dilate_3,825750,75968,89962,13994,5238,1946,6810,0,0
MEN-Tees_Tanks-id_00003062-01_4_full_segm.png,False,close_1_dilate_1,825750,75968,79665,3697,1294,535,1868,0,0
MEN-Tees_Tanks-id_00003148-01_4_full_segm.png,True,raw,825750,100559,100559,0,0,0,0,0,0
MEN-Tees_Tanks-id_00003148-01_4_full_segm.png,True,close_5,825750,100559,100961,402,293,0,109,0,0
MEN-Tees_Tanks-id_00003148-01_4_full_segm.png,True,close_5_dilate_3,825750,100559,116153,15594,9993,1976,3369,0,0
MEN-Tees_Tanks-id_00003148-01_4_full_segm.png,True,close_1_dilate_1,825750,100559,104793,4234,2770,541,896,0,0
MEN-Tees_Tanks-id_00003470-12_4_full_segm.png,False,raw,825750,80616,80616,0,0,0,0,0,0
MEN-Tees_Tanks-id_00003470-12_4_full_segm.png,False,close_5,825750,80616,80724,108,6,1,101,0,0
MEN-Tees_Tanks-id_00003470-12_4_full_segm.png,False,close_5_dilate_3,825750,80616,97333,16717,4991,2448,9278,0,0
MEN-Tees_Tanks-id_00003470-12_4_full_segm.png,False,close_1_dilate_1,825750,80616,85069,4453,1402,664,2387,0,0
MEN-Tees_Tanks-id_00003903-01_4_full_segm.png,False,raw,825750,76160,76160,0,0,0,0,0,0
MEN-Tees_Tanks-id_00003903-01_4_full_segm.png,False,close_5,825750,76160,76636,476,1,4,471,0,0
MEN-Tees_Tanks-id_00003903-01_4_full_segm.png,False,close_5_dilate_3,825750,76160,91853,15693,5905,1832,7956,0,0
MEN-Tees_Tanks-id_00003903-01_4_full_segm.png,False,close_1_dilate_1,825750,76160,80141,3981,1434,504,2043,0,0
MEN-Tees_Tanks-id_00004259-01_4_full_segm.png,False,raw,825750,79823,79823,0,0,0,0,0,0
MEN-Tees_Tanks-id_00004259-01_4_full_segm.png,False,close_5,825750,79823,80164,341,5,3,333,0,0
MEN-Tees_Tanks-id_00004259-01_4_full_segm.png,False,close_5_dilate_3,825750,79823,95119,15296,8411,2185,4700,0,0
MEN-Tees_Tanks-id_00004259-01_4_full_segm.png,False,close_1_dilate_1,825750,79823,83828,4005,2315,601,1089,0,0
MEN-Tees_Tanks-id_00004729-01_4_full_segm.png,False,raw,825750,57158,57158,0,0,0,0,0,0
MEN-Tees_Tanks-id_00004729-01_4_full_segm.png,False,close_5,825750,57158,57657,499,35,1,373,0,0
MEN-Tees_Tanks-id_00004729-01_4_full_segm.png,False,close_5_dilate_3,825750,57158,72663,15505,6452,2165,6595,0,0
MEN-Tees_Tanks-id_00004729-01_4_full_segm.png,False,close_1_dilate_1,825750,57158,61117,3959,1752,582,1546,0,0
MEN-Tees_Tanks-id_00005055-01_4_full_segm.png,False,raw,825750,60385,60385,0,0,0,0,0,0
MEN-Tees_Tanks-id_00005055-01_4_full_segm.png,False,close_5,825750,60385,60410,25,2,1,22,0,0
MEN-Tees_Tanks-id_00005055-01_4_full_segm.png,False,close_5_dilate_3,825750,60385,73777,13392,1089,1666,10637,0,0
MEN-Tees_Tanks-id_00005055-01_4_full_segm.png,False,close_1_dilate_1,825750,60385,63946,3561,280,457,2824,0,0
MEN-Tees_Tanks-id_00005160-13_4_full_segm.png,False,raw,825750,73358,73358,0,0,0,0,0,0
MEN-Tees_Tanks-id_00005160-13_4_full_segm.png,False,close_5,825750,73358,73382,24,1,1,22,0,0
MEN-Tees_Tanks-id_00005160-13_4_full_segm.png,False,close_5_dilate_3,825750,73358,88624,15266,4597,2230,8439,0,0
MEN-Tees_Tanks-id_00005160-13_4_full_segm.png,False,close_1_dilate_1,825750,73358,77435,4077,1521,608,1948,0,0
MEN-Tees_Tanks-id_00005349-02_4_full_segm.png,False,raw,825750,82835,82835,0,0,0,0,0,0
MEN-Tees_Tanks-id_00005349-02_4_full_segm.png,False,close_5,825750,82835,83475,640,192,275,173,0,0
MEN-Tees_Tanks-id_00005349-02_4_full_segm.png,False,close_5_dilate_3,825750,82835,96961,14126,9667,2433,1663,0,0
MEN-Tees_Tanks-id_00005349-02_4_full_segm.png,False,close_1_dilate_1,825750,82835,86711,3876,2643,703,473,0,0
MEN-Tees_Tanks-id_00005605-01_4_full_segm.png,False,raw,825750,79019,79019,0,0,0,0,0,0
MEN-Tees_Tanks-id_00005605-01_4_full_segm.png,False,close_5,825750,79019,79464,445,23,5,417,0,0
MEN-Tees_Tanks-id_00005605-01_4_full_segm.png,False,close_5_dilate_3,825750,79019,94142,15123,8762,2080,4281,0,0
MEN-Tees_Tanks-id_00005605-01_4_full_segm.png,False,close_1_dilate_1,825750,79019,83009,3990,2423,557,1010,0,0
MEN-Tees_Tanks-id_00006030-01_4_full_segm.png,False,raw,825750,67937,67937,0,0,0,0,0,0
MEN-Tees_Tanks-id_00006030-01_4_full_segm.png,False,close_5,825750,67937,68444,507,2,1,504,0,0
MEN-Tees_Tanks-id_00006030-01_4_full_segm.png,False,close_5_dilate_3,825750,67937,82933,14996,2291,2141,10564,0,0
MEN-Tees_Tanks-id_00006030-01_4_full_segm.png,False,close_1_dilate_1,825750,67937,71865,3928,976,566,2386,0,0
MEN-Tees_Tanks-id_00006132-01_4_full_segm.png,False,raw,825750,82088,82088,0,0,0,0,0,0
MEN-Tees_Tanks-id_00006132-01_4_full_segm.png,False,close_5,825750,82088,82264,176,4,1,171,0,0
MEN-Tees_Tanks-id_00006132-01_4_full_segm.png,False,close_5_dilate_3,825750,82088,96899,14811,8052,2216,4543,0,0
MEN-Tees_Tanks-id_00006132-01_4_full_segm.png,False,close_1_dilate_1,825750,82088,86003,3915,2250,613,1052,0,0
MEN-Tees_Tanks-id_00006167-01_4_full_segm.png,False,raw,825750,67609,67609,0,0,0,0,0,0
MEN-Tees_Tanks-id_00006167-01_4_full_segm.png,False,close_5,825750,67609,68783,1174,3,324,847,0,0
MEN-Tees_Tanks-id_00006167-01_4_full_segm.png,False,close_5_dilate_3,825750,67609,85895,18286,6934,3549,7803,0,0
MEN-Tees_Tanks-id_00006167-01_4_full_segm.png,False,close_1_dilate_1,825750,67609,72271,4662,1681,891,2090,0,0
MEN-Tees_Tanks-id_00006357-01_4_full_segm.png,False,raw,825750,78670,78670,0,0,0,0,0,0
MEN-Tees_Tanks-id_00006357-01_4_full_segm.png,False,close_5,825750,78670,78877,207,35,15,157,0,0
MEN-Tees_Tanks-id_00006357-01_4_full_segm.png,False,close_5_dilate_3,825750,78670,92889,14219,5912,2147,6160,0,0
MEN-Tees_Tanks-id_00006357-01_4_full_segm.png,False,close_1_dilate_1,825750,78670,82383,3713,1834,585,1294,0,0
MEN-Tees_Tanks-id_00007075-01_4_full_segm.png,False,raw,825750,83806,83806,0,0,0,0,0,0
MEN-Tees_Tanks-id_00007075-01_4_full_segm.png,False,close_5,825750,83806,83940,134,5,1,128,0,0
MEN-Tees_Tanks-id_00007075-01_4_full_segm.png,False,close_5_dilate_3,825750,83806,98575,14769,5628,2018,7123,0,0
MEN-Tees_Tanks-id_00007075-01_4_full_segm.png,False,close_1_dilate_1,825750,83806,87696,3890,1437,555,1898,0,0
MEN-Tees_Tanks-id_00007234-02_4_full_segm.png,False,raw,825750,68521,68521,0,0,0,0,0,0
MEN-Tees_Tanks-id_00007234-02_4_full_segm.png,False,close_5,825750,68521,68610,89,12,0,77,0,0
MEN-Tees_Tanks-id_00007234-02_4_full_segm.png,False,close_5_dilate_3,825750,68521,82309,13788,5577,1859,6352,0,0
MEN-Tees_Tanks-id_00007234-02_4_full_segm.png,False,close_1_dilate_1,825750,68521,72154,3633,1547,534,1552,0,0
MEN-Tees_Tanks-id_00007600-01_4_full_segm.png,False,raw,825750,67575,67575,0,0,0,0,0,0
MEN-Tees_Tanks-id_00007600-01_4_full_segm.png,False,close_5,825750,67575,67806,231,14,3,214,0,0
MEN-Tees_Tanks-id_00007600-01_4_full_segm.png,False,close_5_dilate_3,825750,67575,81256,13681,5134,1232,7315,0,0
MEN-Tees_Tanks-id_00007600-01_4_full_segm.png,False,close_1_dilate_1,825750,67575,71180,3605,1254,334,2017,0,0
MEN-Tees_Tanks-id_00007748-01_4_full_segm.png,False,raw,825750,63955,63955,0,0,0,0,0,0
MEN-Tees_Tanks-id_00007748-01_4_full_segm.png,False,close_5,825750,63955,63999,44,9,3,32,0,0
MEN-Tees_Tanks-id_00007748-01_4_full_segm.png,False,close_5_dilate_3,825750,63955,77590,13635,4528,2303,6756,0,0
MEN-Tees_Tanks-id_00007748-01_4_full_segm.png,False,close_1_dilate_1,825750,63955,67576,3621,1318,627,1664,0,0
WOMEN-Blouses_Shirts-id_00000129-01_4_full_segm.png,False,raw,825750,43373,43373,0,0,0,0,0,0
WOMEN-Blouses_Shirts-id_00000129-01_4_full_segm.png,False,close_5,825750,43373,43397,24,3,1,20,0,0
WOMEN-Blouses_Shirts-id_00000129-01_4_full_segm.png,False,close_5_dilate_3,825750,43373,55603,12230,1387,2093,8750,0,0
WOMEN-Blouses_Shirts-id_00000129-01_4_full_segm.png,False,close_1_dilate_1,825750,43373,46612,3239,347,561,2331,0,0
WOMEN-Blouses_Shirts-id_00000355-01_4_full_segm.png,False,raw,825750,39375,39375,0,0,0,0,0,0
WOMEN-Blouses_Shirts-id_00000355-01_4_full_segm.png,False,close_5,825750,39375,39665,290,0,30,234,8,0
WOMEN-Blouses_Shirts-id_00000355-01_4_full_segm.png,False,close_5_dilate_3,825750,39375,54023,14648,2373,1562,9585,739,0
WOMEN-Blouses_Shirts-id_00000355-01_4_full_segm.png,False,close_1_dilate_1,825750,39375,43119,3744,578,430,2508,128,0
WOMEN-Blouses_Shirts-id_00000693-02_4_full_segm.png,False,raw,825750,55692,55692,0,0,0,0,0,0
WOMEN-Blouses_Shirts-id_00000693-02_4_full_segm.png,False,close_5,825750,55692,57512,1820,1,0,62,1612,0
WOMEN-Blouses_Shirts-id_00000693-02_4_full_segm.png,False,close_5_dilate_3,825750,55692,73728,18036,8488,0,1212,3769,0
WOMEN-Blouses_Shirts-id_00000693-02_4_full_segm.png,False,close_1_dilate_1,825750,55692,60730,5038,2228,0,321,1243,0
WOMEN-Blouses_Shirts-id_00001242-04_4_full_segm.png,False,raw,825750,28437,28437,0,0,0,0,0,0
WOMEN-Blouses_Shirts-id_00001242-04_4_full_segm.png,False,close_5,825750,28437,29161,724,101,7,559,0,0
WOMEN-Blouses_Shirts-id_00001242-04_4_full_segm.png,False,close_5_dilate_3,825750,28437,39641,11204,3823,905,5387,650,0
WOMEN-Blouses_Shirts-id_00001242-04_4_full_segm.png,False,close_1_dilate_1,825750,28437,31375,2938,976,184,1443,173,0
WOMEN-Blouses_Shirts-id_00001421-03_4_full_segm.png,False,raw,825750,22664,22664,0,0,0,0,0,0
WOMEN-Blouses_Shirts-id_00001421-03_4_full_segm.png,False,close_5,825750,22664,22904,240,75,11,154,0,0
WOMEN-Blouses_Shirts-id_00001421-03_4_full_segm.png,False,close_5_dilate_3,825750,22664,32148,9484,1285,962,4214,1467,0
WOMEN-Blouses_Shirts-id_00001421-03_4_full_segm.png,False,close_1_dilate_1,825750,22664,25130,2466,530,223,1073,332,0
WOMEN-Blouses_Shirts-id_00001443-01_4_full_segm.png,False,raw,825750,47126,47126,0,0,0,0,0,0
WOMEN-Blouses_Shirts-id_00001443-01_4_full_segm.png,False,close_5,825750,47126,47233,107,16,0,24,2,0
WOMEN-Blouses_Shirts-id_00001443-01_4_full_segm.png,False,close_5_dilate_3,825750,47126,58089,10963,3113,0,5878,161,0
WOMEN-Blouses_Shirts-id_00001443-01_4_full_segm.png,False,close_1_dilate_1,825750,47126,50012,2886,755,0,1586,35,0
WOMEN-Blouses_Shirts-id_00001621-03_4_full_segm.png,False,raw,825750,46052,46052,0,0,0,0,0,0
WOMEN-Blouses_Shirts-id_00001621-03_4_full_segm.png,False,close_5,825750,46052,47618,1566,144,73,356,993,0
WOMEN-Blouses_Shirts-id_00001621-03_4_full_segm.png,False,close_5_dilate_3,825750,46052,60927,14875,4968,690,5824,3323,0
WOMEN-Blouses_Shirts-id_00001621-03_4_full_segm.png,False,close_1_dilate_1,825750,46052,49887,3835,1258,167,1282,1110,0
WOMEN-Blouses_Shirts-id_00001661-03_4_full_segm.png,False,raw,825750,26690,26690,0,0,0,0,0,0
WOMEN-Blouses_Shirts-id_00001661-03_4_full_segm.png,False,close_5,825750,26690,29442,2752,1,0,1970,621,0
WOMEN-Blouses_Shirts-id_00001661-03_4_full_segm.png,False,close_5_dilate_3,825750,26690,39077,12387,2882,0,7178,2144,0
WOMEN-Blouses_Shirts-id_00001661-03_4_full_segm.png,False,close_1_dilate_1,825750,26690,30145,3455,720,0,1879,853,0
WOMEN-Blouses_Shirts-id_00001915-02_4_full_segm.png,False,raw,825750,69722,69722,0,0,0,0,0,0
WOMEN-Blouses_Shirts-id_00001915-02_4_full_segm.png,False,close_5,825750,69722,72270,2548,21,7,2210,264,0
WOMEN-Blouses_Shirts-id_00001915-02_4_full_segm.png,False,close_5_dilate_3,825750,69722,88697,18975,6795,1910,8187,2037,0
WOMEN-Blouses_Shirts-id_00001915-02_4_full_segm.png,False,close_1_dilate_1,825750,69722,74815,5093,1733,523,2198,631,0
WOMEN-Blouses_Shirts-id_00001957-02_4_full_segm.png,False,raw,825750,26957,26957,0,0,0,0,0,0
WOMEN-Blouses_Shirts-id_00001957-02_4_full_segm.png,False,close_5,825750,26957,27192,235,0,0,65,63,0
WOMEN-Blouses_Shirts-id_00001957-02_4_full_segm.png,False,close_5_dilate_3,825750,26957,35522,8565,642,0,7426,141,0
WOMEN-Blouses_Shirts-id_00001957-02_4_full_segm.png,False,close_1_dilate_1,825750,26957,29319,2362,162,0,1951,94,0
WOMEN-Blouses_Shirts-id_00002143-03_4_full_segm.png,False,raw,825750,20191,20191,0,0,0,0,0,0
WOMEN-Blouses_Shirts-id_00002143-03_4_full_segm.png,False,close_5,825750,20191,20265,74,6,0,66,2,0
WOMEN-Blouses_Shirts-id_00002143-03_4_full_segm.png,False,close_5_dilate_3,825750,20191,26946,6755,1156,0,4663,711,0
WOMEN-Blouses_Shirts-id_00002143-03_4_full_segm.png,False,close_1_dilate_1,825750,20191,21958,1767,231,0,1418,93,0
WOMEN-Blouses_Shirts-id_00002703-04_4_full_segm.png,False,raw,825750,39127,39127,0,0,0,0,0,0
WOMEN-Blouses_Shirts-id_00002703-04_4_full_segm.png,False,close_5,825750,39127,41406,2279,15,119,1511,634,0
WOMEN-Blouses_Shirts-id_00002703-04_4_full_segm.png,False,close_5_dilate_3,825750,39127,59648,20521,3246,2948,11447,2789,0
WOMEN-Blouses_Shirts-id_00002703-04_4_full_segm.png,False,close_1_dilate_1,825750,39127,44391,5264,892,774,2642,955,0
WOMEN-Blouses_Shirts-id_00003431-03_4_full_segm.png,False,raw,825750,29930,29930,0,0,0,0,0,0
WOMEN-Blouses_Shirts-id_00003431-03_4_full_segm.png,False,close_5,825750,29930,30207,277,0,155,122,0,0
WOMEN-Blouses_Shirts-id_00003431-03_4_full_segm.png,False,close_5_dilate_3,825750,29930,40437,10507,763,2190,7548,0,0
WOMEN-Blouses_Shirts-id_00003431-03_4_full_segm.png,False,close_1_dilate_1,825750,29930,32704,2774,137,591,2046,0,0
WOMEN-Blouses_Shirts-id_00003619-01_4_full_segm.png,False,raw,825750,56160,56160,0,0,0,0,0,0
WOMEN-Blouses_Shirts-id_00003619-01_4_full_segm.png,False,close_5,825750,56160,59744,3584,1793,104,39,1648,0
WOMEN-Blouses_Shirts-id_00003619-01_4_full_segm.png,False,close_5_dilate_3,825750,56160,73196,17036,9843,2384,1498,3311,0
WOMEN-Blouses_Shirts-id_00003619-01_4_full_segm.png,False,close_1_dilate_1,825750,56160,60966,4806,2946,610,394,856,0
WOMEN-Blouses_Shirts-id_00004972-01_4_full_segm.png,True,raw,825750,103313,103313,0,0,0,0,0,0
WOMEN-Blouses_Shirts-id_00004972-01_4_full_segm.png,True,close_5,825750,103313,105438,2125,104,341,1602,78,0
WOMEN-Blouses_Shirts-id_00004972-01_4_full_segm.png,True,close_5_dilate_3,825750,103313,145010,41697,12378,15695,11629,1826,0
WOMEN-Blouses_Shirts-id_00004972-01_4_full_segm.png,True,close_1_dilate_1,825750,103313,114248,10935,3235,4168,3005,496,0
WOMEN-Blouses_Shirts-id_00005039-05_4_full_segm.png,False,raw,825750,42115,42115,0,0,0,0,0,0
WOMEN-Blouses_Shirts-id_00005039-05_4_full_segm.png,False,close_5,825750,42115,44119,2004,0,1411,44,543,0
WOMEN-Blouses_Shirts-id_00005039-05_4_full_segm.png,False,close_5_dilate_3,825750,42115,55609,13494,552,5075,4962,2530,0
WOMEN-Blouses_Shirts-id_00005039-05_4_full_segm.png,False,close_1_dilate_1,825750,42115,46044,3929,116,1535,1302,902,0
WOMEN-Blouses_Shirts-id_00005105-02_4_full_segm.png,False,raw,825750,30946,30946,0,0,0,0,0,0
WOMEN-Blouses_Shirts-id_00005105-02_4_full_segm.png,False,close_5,825750,30946,31782,836,9,67,295,0,0
WOMEN-Blouses_Shirts-id_00005105-02_4_full_segm.png,False,close_5_dilate_3,825750,30946,43748,12802,3364,2288,6111,426,0
WOMEN-Blouses_Shirts-id_00005105-02_4_full_segm.png,False,close_1_dilate_1,825750,30946,34504,3558,911,602,1442,92,0
WOMEN-Blouses_Shirts-id_00005142-01_4_full_segm.png,False,raw,825750,31251,31251,0,0,0,0,0,0
WOMEN-Blouses_Shirts-id_00005142-01_4_full_segm.png,False,close_5,825750,31251,31343,92,3,0,89,0,0
WOMEN-Blouses_Shirts-id_00005142-01_4_full_segm.png,False,close_5_dilate_3,825750,31251,39846,8595,2099,0,6121,0,0
WOMEN-Blouses_Shirts-id_00005142-01_4_full_segm.png,False,close_1_dilate_1,825750,31251,33486,2235,545,0,1626,0,0
WOMEN-Blouses_Shirts-id_00005194-01_4_full_segm.png,False,raw,825750,67771,67771,0,0,0,0,0,0
WOMEN-Blouses_Shirts-id_00005194-01_4_full_segm.png,False,close_5,825750,67771,71649,3878,9,52,3018,714,0
WOMEN-Blouses_Shirts-id_00005194-01_4_full_segm.png,False,close_5_dilate_3,825750,67771,89598,21827,10968,2951,4543,2813,0
WOMEN-Blouses_Shirts-id_00005194-01_4_full_segm.png,False,close_1_dilate_1,825750,67771,73753,5982,2871,676,1315,979,0
WOMEN-Blouses_Shirts-id_00005666-02_4_full_segm.png,False,raw,825750,27314,27314,0,0,0,0,0,0
WOMEN-Blouses_Shirts-id_00005666-02_4_full_segm.png,False,close_5,825750,27314,29123,1809,21,32,350,1406,0
WOMEN-Blouses_Shirts-id_00005666-02_4_full_segm.png,False,close_5_dilate_3,825750,27314,39258,11944,2858,1286,5240,2560,0
WOMEN-Blouses_Shirts-id_00005666-02_4_full_segm.png,False,close_1_dilate_1,825750,27314,31019,3705,736,296,1471,1202,0
WOMEN-Blouses_Shirts-id_00005921-02_4_full_segm.png,False,raw,825750,32958,32958,0,0,0,0,0,0
WOMEN-Blouses_Shirts-id_00005921-02_4_full_segm.png,False,close_5,825750,32958,33353,395,0,5,34,356,0
WOMEN-Blouses_Shirts-id_00005921-02_4_full_segm.png,False,close_5_dilate_3,825750,32958,43622,10664,508,2061,6246,1728,0
WOMEN-Blouses_Shirts-id_00005921-02_4_full_segm.png,False,close_1_dilate_1,825750,32958,35799,2841,0,543,1829,441,0
WOMEN-Blouses_Shirts-id_00006144-01_4_full_segm.png,True,raw,825750,86895,86895,0,0,0,0,0,0
WOMEN-Blouses_Shirts-id_00006144-01_4_full_segm.png,True,close_5,825750,86895,89379,2484,17,0,135,2000,0
WOMEN-Blouses_Shirts-id_00006144-01_4_full_segm.png,True,close_5_dilate_3,825750,86895,111668,24773,10516,0,2855,7100,0
WOMEN-Blouses_Shirts-id_00006144-01_4_full_segm.png,True,close_1_dilate_1,825750,86895,93778,6883,2742,0,746,2231,0
WOMEN-Blouses_Shirts-id_00006474-02_4_full_segm.png,False,raw,825750,55310,55310,0,0,0,0,0,0
WOMEN-Blouses_Shirts-id_00006474-02_4_full_segm.png,False,close_5,825750,55310,56457,1147,38,38,182,889,0
WOMEN-Blouses_Shirts-id_00006474-02_4_full_segm.png,False,close_5_dilate_3,825750,55310,69912,14602,4500,2101,5078,2923,0
WOMEN-Blouses_Shirts-id_00006474-02_4_full_segm.png,False,close_1_dilate_1,825750,55310,59217,3907,1080,572,1425,830,0
WOMEN-Blouses_Shirts-id_00006577-03_4_full_segm.png,False,raw,825750,38435,38435,0,0,0,0,0,0
WOMEN-Blouses_Shirts-id_00006577-03_4_full_segm.png,False,close_5,825750,38435,48337,9902,131,5535,4129,107,0
WOMEN-Blouses_Shirts-id_00006577-03_4_full_segm.png,False,close_5_dilate_3,825750,38435,63255,24820,788,8586,14046,955,0
WOMEN-Blouses_Shirts-id_00006577-03_4_full_segm.png,False,close_1_dilate_1,825750,38435,49048,10613,221,4088,5969,228,0
WOMEN-Blouses_Shirts-id_00006638-02_4_full_segm.png,False,raw,825750,67066,67066,0,0,0,0,0,0
WOMEN-Blouses_Shirts-id_00006638-02_4_full_segm.png,False,close_5,825750,67066,69247,2181,10,26,654,1491,0
WOMEN-Blouses_Shirts-id_00006638-02_4_full_segm.png,False,close_5_dilate_3,825750,67066,83663,16597,6911,2390,3782,3514,0
WOMEN-Blouses_Shirts-id_00006638-02_4_full_segm.png,False,close_1_dilate_1,825750,67066,71630,4564,1793,677,971,1123,0
WOMEN-Blouses_Shirts-id_00006899-01_4_full_segm.png,False,raw,825750,15980,15980,0,0,0,0,0,0
WOMEN-Blouses_Shirts-id_00006899-01_4_full_segm.png,False,close_5,825750,15980,16344,364,2,0,362,0,0
WOMEN-Blouses_Shirts-id_00006899-01_4_full_segm.png,False,close_5_dilate_3,825750,15980,22270,6290,1081,0,5012,0,0
WOMEN-Blouses_Shirts-id_00006899-01_4_full_segm.png,False,close_1_dilate_1,825750,15980,17609,1629,278,0,1345,0,0
WOMEN-Blouses_Shirts-id_00007092-01_4_full_segm.png,True,raw,825750,58798,58798,0,0,0,0,0,0
WOMEN-Blouses_Shirts-id_00007092-01_4_full_segm.png,True,close_5,825750,58798,60712,1914,112,196,1390,216,0
WOMEN-Blouses_Shirts-id_00007092-01_4_full_segm.png,True,close_5_dilate_3,825750,58798,75274,16476,7558,3493,3748,1677,0
WOMEN-Blouses_Shirts-id_00007092-01_4_full_segm.png,True,close_1_dilate_1,825750,58798,63300,4502,1933,955,1109,505,0
WOMEN-Blouses_Shirts-id_00007284-03_4_full_segm.png,True,raw,825750,66980,66980,0,0,0,0,0,0
WOMEN-Blouses_Shirts-id_00007284-03_4_full_segm.png,True,close_5,825750,66980,69959,2979,761,98,198,1319,0
WOMEN-Blouses_Shirts-id_00007284-03_4_full_segm.png,True,close_5_dilate_3,825750,66980,89728,22748,12256,2891,1883,4868,0
WOMEN-Blouses_Shirts-id_00007284-03_4_full_segm.png,True,close_1_dilate_1,825750,66980,73560,6580,3208,770,429,1582,0
WOMEN-Blouses_Shirts-id_00007749-02_4_full_segm.png,False,raw,825750,49725,49725,0,0,0,0,0,0
WOMEN-Blouses_Shirts-id_00007749-02_4_full_segm.png,False,close_5,825750,49725,50550,825,22,17,76,710,0
WOMEN-Blouses_Shirts-id_00007749-02_4_full_segm.png,False,close_5_dilate_3,825750,49725,62601,12876,2679,2129,6263,1805,0
WOMEN-Blouses_Shirts-id_00007749-02_4_full_segm.png,False,close_1_dilate_1,825750,49725,53415,3690,646,575,1737,732,0
WOMEN-Cardigans-id_00001383-03_4_full_segm.png,True,raw,825750,70108,70108,0,0,0,0,0,0
WOMEN-Cardigans-id_00001383-03_4_full_segm.png,True,close_5,825750,70108,76584,6476,71,124,4501,1780,0
WOMEN-Cardigans-id_00001383-03_4_full_segm.png,True,close_5_dilate_3,825750,70108,98772,28664,10734,5514,7926,4346,0
WOMEN-Cardigans-id_00001383-03_4_full_segm.png,True,close_1_dilate_1,825750,70108,77910,7802,2854,1449,2054,1423,0
WOMEN-Cardigans-id_00002255-02_4_full_segm.png,True,raw,825750,167807,167807,0,0,0,0,0,0
WOMEN-Cardigans-id_00002255-02_4_full_segm.png,True,close_5,825750,167807,171046,3239,82,0,3139,8,0
WOMEN-Cardigans-id_00002255-02_4_full_segm.png,True,close_5_dilate_3,825750,167807,192645,24838,16078,0,7695,839,0
WOMEN-Cardigans-id_00002255-02_4_full_segm.png,True,close_1_dilate_1,825750,167807,174324,6517,4142,0,2173,188,0
WOMEN-Cardigans-id_00003279-01_4_full_segm.png,True,raw,825750,69697,69697,0,0,0,0,0,0
WOMEN-Cardigans-id_00003279-01_4_full_segm.png,True,close_5,825750,69697,76717,7020,371,202,1516,1363,0
WOMEN-Cardigans-id_00003279-01_4_full_segm.png,True,close_5_dilate_3,825750,69697,95491,25794,9669,2296,4678,5007,0
WOMEN-Cardigans-id_00003279-01_4_full_segm.png,True,close_1_dilate_1,825750,69697,78027,8330,2578,631,1515,1526,0
WOMEN-Cardigans-id_00003669-03_4_full_segm.png,True,raw,825750,95137,95137,0,0,0,0,0,0
WOMEN-Cardigans-id_00003669-03_4_full_segm.png,True,close_5,825750,95137,100050,4913,303,96,411,2023,0
WOMEN-Cardigans-id_00003669-03_4_full_segm.png,True,close_5_dilate_3,825750,95137,120796,25659,12488,4097,1647,4568,0
WOMEN-Cardigans-id_00003669-03_4_full_segm.png,True,close_1_dilate_1,825750,95137,103592,8455,3269,1096,474,1910,0
WOMEN-Cardigans-id_00004838-07_4_full_segm.png,True,raw,825750,50781,50781,0,0,0,0,0,0
WOMEN-Cardigans-id_00004838-07_4_full_segm.png,True,close_5,825750,50781,51194,413,20,0,48,280,0
WOMEN-Cardigans-id_00004838-07_4_full_segm.png,True,close_5_dilate_3,825750,50781,77168,26387,11160,0,2906,1853,0
WOMEN-Cardigans-id_00004838-07_4_full_segm.png,True,close_1_dilate_1,825750,50781,57905,7124,2982,0,785,595,0
WOMEN-Cardigans-id_00005164-01_4_full_segm.png,False,raw,825750,45434,45434,0,0,0,0,0,0
WOMEN-Cardigans-id_00005164-01_4_full_segm.png,False,close_5,825750,45434,46734,1300,273,0,9,697,0
WOMEN-Cardigans-id_00005164-01_4_full_segm.png,False,close_5_dilate_3,825750,45434,58486,13052,6413,83,1084,2391,0
WOMEN-Cardigans-id_00005164-01_4_full_segm.png,False,close_1_dilate_1,825750,45434,49390,3956,1856,7,274,967,0
WOMEN-Cardigans-id_00005302-01_4_full_segm.png,True,raw,825750,60566,60566,0,0,0,0,0,0
WOMEN-Cardigans-id_00005302-01_4_full_segm.png,True,close_5,825750,60566,64885,4319,306,181,1964,1866,0
WOMEN-Cardigans-id_00005302-01_4_full_segm.png,True,close_5_dilate_3,825750,60566,80105,19539,9176,3769,2959,3582,0
WOMEN-Cardigans-id_00005302-01_4_full_segm.png,True,close_1_dilate_1,825750,60566,66681,6115,2514,1045,1025,1518,0
WOMEN-Cardigans-id_00005344-03_4_full_segm.png,True,raw,825750,94859,94859,0,0,0,0,0,0
WOMEN-Cardigans-id_00005344-03_4_full_segm.png,True,close_5,825750,94859,98683,3824,426,243,263,2267,0
WOMEN-Cardigans-id_00005344-03_4_full_segm.png,True,close_5_dilate_3,825750,94859,120223,25364,14090,4313,1501,4775,0
WOMEN-Cardigans-id_00005344-03_4_full_segm.png,True,close_1_dilate_1,825750,94859,103049,8190,3696,1156,441,2349,0
WOMEN-Cardigans-id_00005454-03_4_full_segm.png,True,raw,825750,87052,87052,0,0,0,0,0,0
WOMEN-Cardigans-id_00005454-03_4_full_segm.png,True,close_5,825750,87052,90534,3482,384,1764,184,720,0
WOMEN-Cardigans-id_00005454-03_4_full_segm.png,True,close_5_dilate_3,825750,87052,109010,21958,10197,5362,3708,2153,0
WOMEN-Cardigans-id_00005454-03_4_full_segm.png,True,close_1_dilate_1,825750,87052,93127,6075,2699,1258,977,673,0
WOMEN-Cardigans-id_00006470-03_4_full_segm.png,True,raw,825750,63708,63708,0,0,0,0,0,0
WOMEN-Cardigans-id_00006470-03_4_full_segm.png,True,close_5,825750,63708,74989,11281,17,48,1678,2798,0
WOMEN-Cardigans-id_00006470-03_4_full_segm.png,True,close_5_dilate_3,825750,63708,104088,40380,11135,1575,6280,6504,0
WOMEN-Cardigans-id_00006470-03_4_full_segm.png,True,close_1_dilate_1,825750,63708,76073,12365,2862,486,1759,2239,0
WOMEN-Dresses-id_00001392-03_4_full_segm.png,True,raw,825750,139345,139345,0,0,0,0,0,0
WOMEN-Dresses-id_00001392-03_4_full_segm.png,True,close_5,825750,139345,149439,10094,185,1290,7371,664,0
WOMEN-Dresses-id_00001392-03_4_full_segm.png,True,close_5_dilate_3,825750,139345,177989,38644,16199,1290,16935,2528,0
WOMEN-Dresses-id_00001392-03_4_full_segm.png,True,close_1_dilate_1,825750,139345,150519,11174,4249,756,4623,909,0
WOMEN-Dresses-id_00002141-01_4_full_segm.png,True,raw,825750,61128,61128,0,0,0,0,0,0
WOMEN-Dresses-id_00002141-01_4_full_segm.png,True,close_5,825750,61128,62499,1371,99,0,1256,0,0
WOMEN-Dresses-id_00002141-01_4_full_segm.png,True,close_5_dilate_3,825750,61128,77278,16150,7267,0,2600,76,0
WOMEN-Dresses-id_00002141-01_4_full_segm.png,True,close_1_dilate_1,825750,61128,65331,4203,1936,0,615,9,0
WOMEN-Dresses-id_00004821-03_4_full_segm.png,True,raw,825750,39774,39774,0,0,0,0,0,0
WOMEN-Dresses-id_00004821-03_4_full_segm.png,True,close_5,825750,39774,40514,740,512,0,217,0,0
WOMEN-Dresses-id_00004821-03_4_full_segm.png,True,close_5_dilate_3,825750,39774,54496,14722,10628,0,2258,0,0
WOMEN-Dresses-id_00004821-03_4_full_segm.png,True,close_1_dilate_1,825750,39774,43904,4130,2930,0,700,0,0
WOMEN-Dresses-id_00004962-01_4_full_segm.png,True,raw,825750,42280,42280,0,0,0,0,0,0
WOMEN-Dresses-id_00004962-01_4_full_segm.png,True,close_5,825750,42280,43140,860,223,0,157,473,0
WOMEN-Dresses-id_00004962-01_4_full_segm.png,True,close_5_dilate_3,825750,42280,63367,21087,10973,0,1987,1541,0
WOMEN-Dresses-id_00004962-01_4_full_segm.png,True,close_1_dilate_1,825750,42280,48086,5806,3013,0,500,555,0
WOMEN-Graphic_Tees-id_00001179-01_4_full_segm.png,False,raw,825750,40075,40075,0,0,0,0,0,0
WOMEN-Graphic_Tees-id_00001179-01_4_full_segm.png,False,close_5,825750,40075,43181,3106,2,0,708,198,0
WOMEN-Graphic_Tees-id_00001179-01_4_full_segm.png,False,close_5_dilate_3,825750,40075,55502,15427,4043,0,5714,1178,0
WOMEN-Graphic_Tees-id_00001179-01_4_full_segm.png,False,close_1_dilate_1,825750,40075,44393,4318,971,0,1499,455,0
WOMEN-Graphic_Tees-id_00002973-01_4_full_segm.png,False,raw,825750,59851,59851,0,0,0,0,0,0
WOMEN-Graphic_Tees-id_00002973-01_4_full_segm.png,False,close_5,825750,59851,64513,4662,893,0,758,2877,0
WOMEN-Graphic_Tees-id_00002973-01_4_full_segm.png,False,close_5_dilate_3,825750,59851,81959,22108,11700,0,2781,4364,0
WOMEN-Graphic_Tees-id_00002973-01_4_full_segm.png,False,close_1_dilate_1,825750,59851,66024,6173,3049,0,891,1374,0
WOMEN-Graphic_Tees-id_00003248-02_4_full_segm.png,False,raw,825750,37073,37073,0,0,0,0,0,0
WOMEN-Graphic_Tees-id_00003248-02_4_full_segm.png,False,close_5,825750,37073,39618,2545,2,0,58,2472,0
WOMEN-Graphic_Tees-id_00003248-02_4_full_segm.png,False,close_5_dilate_3,825750,37073,52195,15122,670,488,8318,3608,0
WOMEN-Graphic_Tees-id_00003248-02_4_full_segm.png,False,close_1_dilate_1,825750,37073,41847,4774,201,99,2140,1775,0
WOMEN-Graphic_Tees-id_00003266-01_4_full_segm.png,True,raw,825750,77812,77812,0,0,0,0,0,0
WOMEN-Graphic_Tees-id_00003266-01_4_full_segm.png,True,close_5,825750,77812,86893,9081,2848,8,636,5589,0
WOMEN-Graphic_Tees-id_00003266-01_4_full_segm.png,True,close_5_dilate_3,825750,77812,106765,28953,15731,2215,1754,9253,0
WOMEN-Graphic_Tees-id_00003266-01_4_full_segm.png,True,close_1_dilate_1,825750,77812,87767,9955,4151,587,631,4586,0
WOMEN-Graphic_Tees-id_00004710-02_4_full_segm.png,True,raw,825750,109452,109452,0,0,0,0,0,0
WOMEN-Graphic_Tees-id_00004710-02_4_full_segm.png,True,close_5,825750,109452,118840,9388,107,209,8770,48,0
WOMEN-Graphic_Tees-id_00004710-02_4_full_segm.png,True,close_5_dilate_3,825750,109452,148887,39435,15870,12060,10840,411,0
WOMEN-Graphic_Tees-id_00004710-02_4_full_segm.png,True,close_1_dilate_1,825750,109452,120132,10680,4147,3177,3162,104,0
WOMEN-Graphic_Tees-id_00005729-01_4_full_segm.png,False,raw,825750,55797,55797,0,0,0,0,0,0
WOMEN-Graphic_Tees-id_00005729-01_4_full_segm.png,False,close_5,825750,55797,57502,1705,9,1,123,1537,0
WOMEN-Graphic_Tees-id_00005729-01_4_full_segm.png,False,close_5_dilate_3,825750,55797,69680,13883,724,2299,4606,2491,0
WOMEN-Graphic_Tees-id_00005729-01_4_full_segm.png,False,close_1_dilate_1,825750,55797,59979,4182,190,621,1301,1116,0
WOMEN-Graphic_Tees-id_00006793-01_4_full_segm.png,False,raw,825750,44113,44113,0,0,0,0,0,0
WOMEN-Graphic_Tees-id_00006793-01_4_full_segm.png,False,close_5,825750,44113,48931,4818,706,0,473,427,0
WOMEN-Graphic_Tees-id_00006793-01_4_full_segm.png,False,close_5_dilate_3,825750,44113,59890,15777,6164,458,2629,1234,0
WOMEN-Graphic_Tees-id_00006793-01_4_full_segm.png,False,close_1_dilate_1,825750,44113,49136,5023,1890,246,687,429,0
WOMEN-Jackets_Coats-id_00000310-01_4_full_segm.png,True,raw,825750,100496,100496,0,0,0,0,0,0
WOMEN-Jackets_Coats-id_00000310-01_4_full_segm.png,True,close_5,825750,100496,110760,10264,24,0,1627,2493,0
WOMEN-Jackets_Coats-id_00000310-01_4_full_segm.png,True,close_5_dilate_3,825750,100496,134307,33811,12234,0,6526,4677,0
WOMEN-Jackets_Coats-id_00000310-01_4_full_segm.png,True,close_1_dilate_1,825750,100496,110691,10195,3162,0,1913,2104,0
WOMEN-Jackets_Coats-id_00000706-02_4_full_segm.png,True,raw,825750,59937,59937,0,0,0,0,0,0
WOMEN-Jackets_Coats-id_00000706-02_4_full_segm.png,True,close_5,825750,59937,62735,2798,408,0,521,707,0
WOMEN-Jackets_Coats-id_00000706-02_4_full_segm.png,True,close_5_dilate_3,825750,59937,77023,17086,8634,0,3006,3143,0
WOMEN-Jackets_Coats-id_00000706-02_4_full_segm.png,True,close_1_dilate_1,825750,59937,64976,5039,2423,0,873,970,0
WOMEN-Jackets_Coats-id_00001582-03_4_full_segm.png,True,raw,825750,88324,88324,0,0,0,0,0,0
WOMEN-Jackets_Coats-id_00001582-03_4_full_segm.png,True,close_5,825750,88324,92604,4280,177,801,2283,492,0
WOMEN-Jackets_Coats-id_00001582-03_4_full_segm.png,True,close_5_dilate_3,825750,88324,117621,29297,17959,5767,3292,1660,0
WOMEN-Jackets_Coats-id_00001582-03_4_full_segm.png,True,close_1_dilate_1,825750,88324,96623,8299,4717,1410,1027,625,0
WOMEN-Jackets_Coats-id_00004198-02_4_full_segm.png,True,raw,825750,31358,31358,0,0,0,0,0,0
WOMEN-Jackets_Coats-id_00004198-02_4_full_segm.png,True,close_5,825750,31358,34153,2795,456,0,3,836,0
WOMEN-Jackets_Coats-id_00004198-02_4_full_segm.png,True,close_5_dilate_3,825750,31358,52884,21526,4481,0,3257,1986,0
WOMEN-Jackets_Coats-id_00004198-02_4_full_segm.png,True,close_1_dilate_1,825750,31358,38239,6881,1481,0,858,525,0
WOMEN-Jackets_Coats-id_00004979-01_4_full_segm.png,True,raw,825750,109965,109965,0,0,0,0,0,0
WOMEN-Jackets_Coats-id_00004979-01_4_full_segm.png,True,close_5,825750,109965,116703,6738,280,540,1554,4308,0
WOMEN-Jackets_Coats-id_00004979-01_4_full_segm.png,True,close_5_dilate_3,825750,109965,140027,30062,12316,6291,3889,7504,0
WOMEN-Jackets_Coats-id_00004979-01_4_full_segm.png,True,close_1_dilate_1,825750,109965,118666,8701,3395,1619,1122,2561,0
WOMEN-Jackets_Coats-id_00005297-03_4_full_segm.png,True,raw,825750,109607,109607,0,0,0,0,0,0
WOMEN-Jackets_Coats-id_00005297-03_4_full_segm.png,True,close_5,825750,109607,111539,1932,891,0,831,168,0
WOMEN-Jackets_Coats-id_00005297-03_4_full_segm.png,True,close_5_dilate_3,825750,109607,130332,20725,14420,0,5233,1030,0
WOMEN-Jackets_Coats-id_00005297-03_4_full_segm.png,True,close_1_dilate_1,825750,109607,115644,6037,4127,0,1602,278,0
WOMEN-Jackets_Coats-id_00007431-04_4_full_segm.png,True,raw,825750,58919,58919,0,0,0,0,0,0
WOMEN-Jackets_Coats-id_00007431-04_4_full_segm.png,True,close_5,825750,58919,63328,4409,273,0,439,3327,0
WOMEN-Jackets_Coats-id_00007431-04_4_full_segm.png,True,close_5_dilate_3,825750,58919,84382,25463,9365,0,4933,5931,0
WOMEN-Jackets_Coats-id_00007431-04_4_full_segm.png,True,close_1_dilate_1,825750,58919,66894,7975,2639,0,1331,2621,0
WOMEN-Jackets_Coats-id_00007921-01_4_full_segm.png,True,raw,825750,75320,75320,0,0,0,0,0,0
WOMEN-Jackets_Coats-id_00007921-01_4_full_segm.png,True,close_5,825750,75320,78754,3434,927,0,483,1036,0
WOMEN-Jackets_Coats-id_00007921-01_4_full_segm.png,True,close_5_dilate_3,825750,75320,107649,32329,16282,0,4096,4722,0
WOMEN-Jackets_Coats-id_00007921-01_4_full_segm.png,True,close_1_dilate_1,825750,75320,84377,9057,4658,0,1078,1550,0
WOMEN-Shorts-id_00004441-02_4_full_segm.png,False,raw,825750,20261,20261,0,0,0,0,0,0
WOMEN-Shorts-id_00004441-02_4_full_segm.png,False,close_5,825750,20261,21230,969,8,0,48,913,0
WOMEN-Shorts-id_00004441-02_4_full_segm.png,False,close_5_dilate_3,825750,20261,30188,9927,613,66,3931,5317,0
WOMEN-Shorts-id_00004441-02_4_full_segm.png,False,close_1_dilate_1,825750,20261,23219,2958,158,0,1022,1778,0
WOMEN-Shorts-id_00004969-02_4_full_segm.png,False,raw,825750,21993,21993,0,0,0,0,0,0
WOMEN-Shorts-id_00004969-02_4_full_segm.png,False,close_5,825750,21993,23231,1238,9,0,184,11,0
WOMEN-Shorts-id_00004969-02_4_full_segm.png,False,close_5_dilate_3,825750,21993,33023,11030,811,0,7358,1632,0
WOMEN-Shorts-id_00004969-02_4_full_segm.png,False,close_1_dilate_1,825750,21993,25377,3384,329,0,1790,360,0
WOMEN-Shorts-id_00006010-01_4_full_segm.png,False,raw,825750,65303,65303,0,0,0,0,0,0
WOMEN-Shorts-id_00006010-01_4_full_segm.png,False,close_5,825750,65303,68630,3327,15,45,775,1983,0
WOMEN-Shorts-id_00006010-01_4_full_segm.png,False,close_5_dilate_3,825750,65303,85041,19738,7034,4108,2524,3941,0
WOMEN-Shorts-id_00006010-01_4_full_segm.png,False,close_1_dilate_1,825750,65303,71564,6261,1760,1096,713,2063,0
WOMEN-Skirts-id_00000629-04_4_full_segm.png,False,raw,825750,26007,26007,0,0,0,0,0,0
WOMEN-Skirts-id_00000629-04_4_full_segm.png,False,close_5,825750,26007,26493,486,0,0,18,426,0
WOMEN-Skirts-id_00000629-04_4_full_segm.png,False,close_5_dilate_3,825750,26007,36522,10515,196,0,6865,1162,0
WOMEN-Skirts-id_00000629-04_4_full_segm.png,False,close_1_dilate_1,825750,26007,28823,2816,31,0,1850,332,0
WOMEN-Skirts-id_00001112-01_4_full_segm.png,True,raw,825750,41262,41262,0,0,0,0,0,0
WOMEN-Skirts-id_00001112-01_4_full_segm.png,True,close_5,825750,41262,44491,3229,489,0,1439,811,0
WOMEN-Skirts-id_00001112-01_4_full_segm.png,True,close_5_dilate_3,825750,41262,65463,24201,11477,0,6096,1661,0
WOMEN-Skirts-id_00001112-01_4_full_segm.png,True,close_1_dilate_1,825750,41262,48045,6783,3296,0,1686,547,0
WOMEN-Skirts-id_00001376-01_4_full_segm.png,False,raw,825750,22513,22513,0,0,0,0,0,0
WOMEN-Skirts-id_00001376-01_4_full_segm.png,False,close_5,825750,22513,22614,101,7,0,87,1,0
WOMEN-Skirts-id_00001376-01_4_full_segm.png,False,close_5_dilate_3,825750,22513,30489,7976,384,0,4969,1465,0
WOMEN-Skirts-id_00001376-01_4_full_segm.png,False,close_1_dilate_1,825750,22513,24613,2100,118,0,1487,356,0
WOMEN-Skirts-id_00004505-04_4_full_segm.png,True,raw,825750,51713,51713,0,0,0,0,0,0
WOMEN-Skirts-id_00004505-04_4_full_segm.png,True,close_5,825750,51713,52092,379,165,0,104,58,0
WOMEN-Skirts-id_00004505-04_4_full_segm.png,True,close_5_dilate_3,825750,51713,77192,25479,10370,0,10837,1364,0
WOMEN-Skirts-id_00004505-04_4_full_segm.png,True,close_1_dilate_1,825750,51713,58357,6644,2815,0,2921,270,0
WOMEN-Skirts-id_00007236-01_4_full_segm.png,False,raw,825750,44717,44717,0,0,0,0,0,0
WOMEN-Skirts-id_00007236-01_4_full_segm.png,False,close_5,825750,44717,46503,1786,342,0,45,930,0
WOMEN-Skirts-id_00007236-01_4_full_segm.png,False,close_5_dilate_3,825750,44717,57310,12593,6386,0,1476,2421,0
WOMEN-Skirts-id_00007236-01_4_full_segm.png,False,close_1_dilate_1,825750,44717,48653,3936,1677,0,450,869,0
WOMEN-Sweaters-id_00000098-02_4_full_segm.png,True,raw,825750,82147,82147,0,0,0,0,0,0
WOMEN-Sweaters-id_00000098-02_4_full_segm.png,True,close_5,825750,82147,86816,4669,371,1944,607,1435,0
WOMEN-Sweaters-id_00000098-02_4_full_segm.png,True,close_5_dilate_3,825750,82147,110168,28021,11734,8633,3909,3377,0
WOMEN-Sweaters-id_00000098-02_4_full_segm.png,True,close_1_dilate_1,825750,82147,90533,8386,3252,2526,1121,1259,0
WOMEN-Sweaters-id_00000509-04_4_full_segm.png,False,raw,825750,75982,75982,0,0,0,0,0,0
WOMEN-Sweaters-id_00000509-04_4_full_segm.png,False,close_5,825750,75982,79829,3847,1544,8,543,1740,0
WOMEN-Sweaters-id_00000509-04_4_full_segm.png,False,close_5_dilate_3,825750,75982,98749,22767,11055,2258,4674,4566,0
WOMEN-Sweaters-id_00000509-04_4_full_segm.png,False,close_1_dilate_1,825750,75982,83059,7077,3242,615,1359,1798,0
WOMEN-Sweaters-id_00000739-01_4_full_segm.png,True,raw,825750,86400,86400,0,0,0,0,0,0
WOMEN-Sweaters-id_00000739-01_4_full_segm.png,True,close_5,825750,86400,88688,2288,81,1604,143,460,0
WOMEN-Sweaters-id_00000739-01_4_full_segm.png,True,close_5_dilate_3,825750,86400,114586,28186,9545,12495,1900,3931,0
WOMEN-Sweaters-id_00000739-01_4_full_segm.png,True,close_1_dilate_1,825750,86400,94397,7997,2483,3731,515,1221,0
WOMEN-Sweaters-id_00000745-02_4_full_segm.png,False,raw,825750,72836,72836,0,0,0,0,0,0
WOMEN-Sweaters-id_00000745-02_4_full_segm.png,False,close_5,825750,72836,74902,2066,1524,0,105,384,0
WOMEN-Sweaters-id_00000745-02_4_full_segm.png,False,close_5_dilate_3,825750,72836,89550,16714,10113,0,1499,3069,0
WOMEN-Sweaters-id_00000745-02_4_full_segm.png,False,close_1_dilate_1,825750,72836,77680,4844,3082,0,302,906,0
WOMEN-Sweaters-id_00001210-03_4_full_segm.png,False,raw,825750,60088,60088,0,0,0,0,0,0
WOMEN-Sweaters-id_00001210-03_4_full_segm.png,False,close_5,825750,60088,67639,7551,1,71,47,6029,0
WOMEN-Sweaters-id_00001210-03_4_full_segm.png,False,close_5_dilate_3,825750,60088,81721,21633,7245,3152,1168,8302,0
WOMEN-Sweaters-id_00001210-03_4_full_segm.png,False,close_1_dilate_1,825750,60088,66406,6318,1976,825,328,2715,0
WOMEN-Sweaters-id_00001618-14_4_full_segm.png,False,raw,825750,48532,48532,0,0,0,0,0,0
WOMEN-Sweaters-id_00001618-14_4_full_segm.png,False,close_5,825750,48532,52189,3657,654,0,373,2610,0
WOMEN-Sweaters-id_00001618-14_4_full_segm.png,False,close_5_dilate_3,825750,48532,65162,16630,7569,0,2837,5288,0
WOMEN-Sweaters-id_00001618-14_4_full_segm.png,False,close_1_dilate_1,825750,48532,53586,5054,2168,0,852,1807,0
WOMEN-Sweaters-id_00002522-02_4_full_segm.png,True,raw,825750,52719,52719,0,0,0,0,0,0
WOMEN-Sweaters-id_00002522-02_4_full_segm.png,True,close_5,825750,52719,56197,3478,53,0,1464,869,0
WOMEN-Sweaters-id_00002522-02_4_full_segm.png,True,close_5_dilate_3,825750,52719,87372,34653,9171,0,7638,4655,0
WOMEN-Sweaters-id_00002522-02_4_full_segm.png,True,close_1_dilate_1,825750,52719,62189,9470,2181,0,2159,1415,0
WOMEN-Sweaters-id_00003951-04_4_full_segm.png,False,raw,825750,57709,57709,0,0,0,0,0,0
WOMEN-Sweaters-id_00003951-04_4_full_segm.png,False,close_5,825750,57709,58293,584,251,0,333,0,0
WOMEN-Sweaters-id_00003951-04_4_full_segm.png,False,close_5_dilate_3,825750,57709,72259,14550,10684,1259,2494,113,0
WOMEN-Sweaters-id_00003951-04_4_full_segm.png,False,close_1_dilate_1,825750,57709,61521,3812,2780,259,764,9,0
WOMEN-Sweaters-id_00004780-02_4_full_segm.png,False,raw,825750,78063,78063,0,0,0,0,0,0
WOMEN-Sweaters-id_00004780-02_4_full_segm.png,False,close_5,825750,78063,83779,5716,156,0,603,2390,0
WOMEN-Sweaters-id_00004780-02_4_full_segm.png,False,close_5_dilate_3,825750,78063,99347,21284,10375,0,783,4437,0
WOMEN-Sweaters-id_00004780-02_4_full_segm.png,False,close_1_dilate_1,825750,78063,85683,7620,2775,0,326,1944,0
WOMEN-Sweaters-id_00005851-02_4_full_segm.png,True,raw,825750,65795,65795,0,0,0,0,0,0
WOMEN-Sweaters-id_00005851-02_4_full_segm.png,True,close_5,825750,65795,72622,6827,39,0,354,3763,0
WOMEN-Sweaters-id_00005851-02_4_full_segm.png,True,close_5_dilate_3,825750,65795,98180,32385,7704,0,2230,8136,0
WOMEN-Sweaters-id_00005851-02_4_full_segm.png,True,close_1_dilate_1,825750,65795,75006,9211,1962,0,524,2389,0
WOMEN-Sweaters-id_00007015-03_4_full_segm.png,False,raw,825750,83702,83702,0,0,0,0,0,0
WOMEN-Sweaters-id_00007015-03_4_full_segm.png,False,close_5,825750,83702,84874,1172,1039,31,102,0,0
WOMEN-Sweaters-id_00007015-03_4_full_segm.png,False,close_5_dilate_3,825750,83702,98958,15256,10619,2355,2280,2,0
WOMEN-Sweaters-id_00007015-03_4_full_segm.png,False,close_1_dilate_1,825750,83702,88147,4445,3203,630,612,0,0
WOMEN-Sweatshirts_Hoodies-id_00001464-01_4_full_segm.png,True,raw,825750,95222,95222,0,0,0,0,0,0
WOMEN-Sweatshirts_Hoodies-id_00001464-01_4_full_segm.png,True,close_5,825750,95222,95968,746,315,172,177,82,0
WOMEN-Sweatshirts_Hoodies-id_00001464-01_4_full_segm.png,True,close_5_dilate_3,825750,95222,112494,17272,11317,2671,2580,704,0
WOMEN-Sweatshirts_Hoodies-id_00001464-01_4_full_segm.png,True,close_1_dilate_1,825750,95222,99894,4672,3085,730,684,173,0
WOMEN-Sweatshirts_Hoodies-id_00003134-01_4_full_segm.png,False,raw,825750,65719,65719,0,0,0,0,0,0
WOMEN-Sweatshirts_Hoodies-id_00003134-01_4_full_segm.png,False,close_5,825750,65719,71572,5853,641,1552,112,2390,0
WOMEN-Sweatshirts_Hoodies-id_00003134-01_4_full_segm.png,False,close_5_dilate_3,825750,65719,91087,25368,8656,5432,1738,6640,0
WOMEN-Sweatshirts_Hoodies-id_00003134-01_4_full_segm.png,False,close_1_dilate_1,825750,65719,73336,7617,2152,1693,456,1981,0
WOMEN-Sweatshirts_Hoodies-id_00004600-01_4_full_segm.png,False,raw,825750,56510,56510,0,0,0,0,0,0
WOMEN-Sweatshirts_Hoodies-id_00004600-01_4_full_segm.png,False,close_5,825750,56510,62613,6103,12,39,740,14,0
WOMEN-Sweatshirts_Hoodies-id_00004600-01_4_full_segm.png,False,close_5_dilate_3,825750,56510,77253,20743,6617,2461,3860,456,0
WOMEN-Sweatshirts_Hoodies-id_00004600-01_4_full_segm.png,False,close_1_dilate_1,825750,56510,62029,5519,1808,582,1002,94,0
WOMEN-Sweatshirts_Hoodies-id_00005530-01_4_full_segm.png,False,raw,825750,73174,73174,0,0,0,0,0,0
WOMEN-Sweatshirts_Hoodies-id_00005530-01_4_full_segm.png,False,close_5,825750,73174,76777,3603,977,156,197,2273,0
WOMEN-Sweatshirts_Hoodies-id_00005530-01_4_full_segm.png,False,close_5_dilate_3,825750,73174,95448,22274,10235,2316,1523,8200,0
WOMEN-Sweatshirts_Hoodies-id_00005530-01_4_full_segm.png,False,close_1_dilate_1,825750,73174,80225,7051,2882,589,386,3194,0
WOMEN-Sweatshirts_Hoodies-id_00006976-02_4_full_segm.png,False,raw,825750,61517,61517,0,0,0,0,0,0
WOMEN-Sweatshirts_Hoodies-id_00006976-02_4_full_segm.png,False,close_5,825750,61517,64344,2827,13,47,11,2756,0
WOMEN-Sweatshirts_Hoodies-id_00006976-02_4_full_segm.png,False,close_5_dilate_3,825750,61517,79530,18013,8206,3497,1235,5075,0
WOMEN-Sweatshirts_Hoodies-id_00006976-02_4_full_segm.png,False,close_1_dilate_1,825750,61517,67210,5693,2137,954,334,2268,0
WOMEN-Tees_Tanks-id_00000060-05_4_full_segm.png,False,raw,825750,37393,37393,0,0,0,0,0,0
WOMEN-Tees_Tanks-id_00000060-05_4_full_segm.png,False,close_5,825750,37393,37917,524,5,22,10,487,0
WOMEN-Tees_Tanks-id_00000060-05_4_full_segm.png,False,close_5_dilate_3,825750,37393,49600,12207,807,2550,6584,2242,0
WOMEN-Tees_Tanks-id_00000060-05_4_full_segm.png,False,close_1_dilate_1,825750,37393,40591,3198,244,642,1680,632,0
WOMEN-Tees_Tanks-id_00000130-01_4_full_segm.png,True,raw,825750,96587,96587,0,0,0,0,0,0
WOMEN-Tees_Tanks-id_00000130-01_4_full_segm.png,True,close_5,825750,96587,100879,4292,266,0,1838,2188,0
WOMEN-Tees_Tanks-id_00000130-01_4_full_segm.png,True,close_5_dilate_3,825750,96587,118169,21582,10620,2182,4826,3954,0
WOMEN-Tees_Tanks-id_00000130-01_4_full_segm.png,True,close_1_dilate_1,825750,96587,103400,6813,2853,591,1548,1821,0
WOMEN-Tees_Tanks-id_00000389-01_4_full_segm.png,False,raw,825750,38163,38163,0,0,0,0,0,0
WOMEN-Tees_Tanks-id_00000389-01_4_full_segm.png,False,close_5,825750,38163,40780,2617,0,0,98,2519,0
WOMEN-Tees_Tanks-id_00000389-01_4_full_segm.png,False,close_5_dilate_3,825750,38163,51187,13024,3681,991,4635,3717,0
WOMEN-Tees_Tanks-id_00000389-01_4_full_segm.png,False,close_1_dilate_1,825750,38163,41741,3578,906,167,1372,1133,0
WOMEN-Tees_Tanks-id_00000412-01_4_full_segm.png,False,raw,825750,53811,53811,0,0,0,0,0,0
WOMEN-Tees_Tanks-id_00000412-01_4_full_segm.png,False,close_5,825750,53811,61323,7512,1422,95,19,2154,0
WOMEN-Tees_Tanks-id_00000412-01_4_full_segm.png,False,close_5_dilate_3,825750,53811,77796,23985,11190,1987,743,5481,0
WOMEN-Tees_Tanks-id_00000412-01_4_full_segm.png,False,close_1_dilate_1,825750,53811,61747,7936,2980,528,182,1906,0
WOMEN-Tees_Tanks-id_00000848-01_4_full_segm.png,False,raw,825750,60119,60119,0,0,0,0,0,0
WOMEN-Tees_Tanks-id_00000848-01_4_full_segm.png,False,close_5,825750,60119,63763,3644,1577,385,259,1423,0
WOMEN-Tees_Tanks-id_00000848-01_4_full_segm.png,False,close_5_dilate_3,825750,60119,79133,19014,9836,3269,1636,4264,0
WOMEN-Tees_Tanks-id_00000848-01_4_full_segm.png,False,close_1_dilate_1,825750,60119,65831,5712,2797,864,395,1654,0
WOMEN-Tees_Tanks-id_00000916-02_4_full_segm.png,False,raw,825750,43009,43009,0,0,0,0,0,0
WOMEN-Tees_Tanks-id_00000916-02_4_full_segm.png,False,close_5,825750,43009,43146,137,4,3,130,0,0
WOMEN-Tees_Tanks-id_00000916-02_4_full_segm.png,False,close_5_dilate_3,825750,43009,53370,10361,4427,1818,3984,132,0
WOMEN-Tees_Tanks-id_00000916-02_4_full_segm.png,False,close_1_dilate_1,825750,43009,45713,2704,1162,492,1024,26,0
WOMEN-Tees_Tanks-id_00001130-01_4_full_segm.png,False,raw,825750,56941,56941,0,0,0,0,0,0
WOMEN-Tees_Tanks-id_00001130-01_4_full_segm.png,False,close_5,825750,56941,57752,811,0,2,18,5,0
WOMEN-Tees_Tanks-id_00001130-01_4_full_segm.png,False,close_5_dilate_3,825750,56941,70499,13558,247,2593,5822,1284,0
WOMEN-Tees_Tanks-id_00001130-01_4_full_segm.png,False,close_1_dilate_1,825750,56941,61014,4073,49,660,1578,307,0
WOMEN-Tees_Tanks-id_00001212-06_4_full_segm.png,False,raw,825750,9937,9937,0,0,0,0,0,0
WOMEN-Tees_Tanks-id_00001212-06_4_full_segm.png,False,close_5,825750,9937,9950,13,0,0,12,1,0
WOMEN-Tees_Tanks-id_00001212-06_4_full_segm.png,False,close_5_dilate_3,825750,9937,15325,5388,100,0,4815,473,0
WOMEN-Tees_Tanks-id_00001212-06_4_full_segm.png,False,close_1_dilate_1,825750,9937,11292,1355,38,0,1207,110,0
WOMEN-Tees_Tanks-id_00001220-01_4_full_segm.png,False,raw,825750,51821,51821,0,0,0,0,0,0
WOMEN-Tees_Tanks-id_00001220-01_4_full_segm.png,False,close_5,825750,51821,55968,4147,461,0,1371,1716,0
WOMEN-Tees_Tanks-id_00001220-01_4_full_segm.png,False,close_5_dilate_3,825750,51821,71141,19320,6057,469,5303,3208,0
WOMEN-Tees_Tanks-id_00001220-01_4_full_segm.png,False,close_1_dilate_1,825750,51821,56610,4789,1584,115,1263,939,0
WOMEN-Tees_Tanks-id_00001252-09_4_full_segm.png,False,raw,825750,23597,23597,0,0,0,0,0,0
WOMEN-Tees_Tanks-id_00001252-09_4_full_segm.png,False,close_5,825750,23597,24189,592,0,0,406,186,0
WOMEN-Tees_Tanks-id_00001252-09_4_full_segm.png,False,close_5_dilate_3,825750,23597,31452,7855,406,0,5299,2118,0
WOMEN-Tees_Tanks-id_00001252-09_4_full_segm.png,False,close_1_dilate_1,825750,23597,25991,2394,159,0,1615,613,0
WOMEN-Tees_Tanks-id_00001384-17_4_full_segm.png,False,raw,825750,55472,55472,0,0,0,0,0,0
WOMEN-Tees_Tanks-id_00001384-17_4_full_segm.png,False,close_5,825750,55472,55497,25,1,0,24,0,0
WOMEN-Tees_Tanks-id_00001384-17_4_full_segm.png,False,close_5_dilate_3,825750,55472,69030,13558,1580,1549,10218,211,0
WOMEN-Tees_Tanks-id_00001384-17_4_full_segm.png,False,close_1_dilate_1,825750,55472,59101,3629,726,428,2447,28,0
WOMEN-Tees_Tanks-id_00001518-04_4_full_segm.png,False,raw,825750,55631,55631,0,0,0,0,0,0
WOMEN-Tees_Tanks-id_00001518-04_4_full_segm.png,False,close_5,825750,55631,59512,3881,0,1,1252,1800,0
WOMEN-Tees_Tanks-id_00001518-04_4_full_segm.png,False,close_5_dilate_3,825750,55631,75197,19566,5547,1751,6927,4120,0
WOMEN-Tees_Tanks-id_00001518-04_4_full_segm.png,False,close_1_dilate_1,825750,55631,61559,5928,1186,462,1948,1588,0
WOMEN-Tees_Tanks-id_00001801-01_4_full_segm.png,False,raw,825750,29735,29735,0,0,0,0,0,0
WOMEN-Tees_Tanks-id_00001801-01_4_full_segm.png,False,close_5,825750,29735,29790,55,3,0,34,18,0
WOMEN-Tees_Tanks-id_00001801-01_4_full_segm.png,False,close_5_dilate_3,825750,29735,39871,10136,1927,1182,5663,759,0
WOMEN-Tees_Tanks-id_00001801-01_4_full_segm.png,False,close_1_dilate_1,825750,29735,32408,2673,484,473,1533,183,0
WOMEN-Tees_Tanks-id_00001863-05_4_full_segm.png,False,raw,825750,29696,29696,0,0,0,0,0,0
WOMEN-Tees_Tanks-id_00001863-05_4_full_segm.png,False,close_5,825750,29696,29779,83,1,34,29,19,0
WOMEN-Tees_Tanks-id_00001863-05_4_full_segm.png,False,close_5_dilate_3,825750,29696,39785,10089,1261,1073,6832,923,0
WOMEN-Tees_Tanks-id_00001863-05_4_full_segm.png,False,close_1_dilate_1,825750,29696,32325,2629,268,303,1870,188,0
WOMEN-Tees_Tanks-id_00002227-01_4_full_segm.png,False,raw,825750,56444,56444,0,0,0,0,0,0
WOMEN-Tees_Tanks-id_00002227-01_4_full_segm.png,False,close_5,825750,56444,58022,1578,1,0,1466,7,0
WOMEN-Tees_Tanks-id_00002227-01_4_full_segm.png,False,close_5_dilate_3,825750,56444,70613,14169,3539,2164,7387,937,0
WOMEN-Tees_Tanks-id_00002227-01_4_full_segm.png,False,close_1_dilate_1,825750,56444,60311,3867,1008,590,2036,224,0
WOMEN-Tees_Tanks-id_00002340-02_4_full_segm.png,True,raw,825750,75864,75864,0,0,0,0,0,0
WOMEN-Tees_Tanks-id_00002340-02_4_full_segm.png,True,close_5,825750,75864,79872,4008,172,86,2361,1389,0
WOMEN-Tees_Tanks-id_00002340-02_4_full_segm.png,True,close_5_dilate_3,825750,75864,107353,31489,13484,6573,6398,5016,0
WOMEN-Tees_Tanks-id_00002340-02_4_full_segm.png,True,close_1_dilate_1,825750,75864,83876,8012,3566,1716,1583,1134,0
WOMEN-Tees_Tanks-id_00002478-07_4_full_segm.png,False,raw,825750,63877,63877,0,0,0,0,0,0
WOMEN-Tees_Tanks-id_00002478-07_4_full_segm.png,False,close_5,825750,63877,67735,3858,1374,21,552,1911,0
WOMEN-Tees_Tanks-id_00002478-07_4_full_segm.png,False,close_5_dilate_3,825750,63877,82230,18353,9465,2180,3327,3381,0
WOMEN-Tees_Tanks-id_00002478-07_4_full_segm.png,False,close_1_dilate_1,825750,63877,69121,5244,2831,588,810,1015,0
WOMEN-Tees_Tanks-id_00002503-03_4_full_segm.png,False,raw,825750,45283,45283,0,0,0,0,0,0
WOMEN-Tees_Tanks-id_00002503-03_4_full_segm.png,False,close_5,825750,45283,47640,2357,1517,0,9,824,0
WOMEN-Tees_Tanks-id_00002503-03_4_full_segm.png,False,close_5_dilate_3,825750,45283,64393,19110,12947,0,1179,3738,0
WOMEN-Tees_Tanks-id_00002503-03_4_full_segm.png,False,close_1_dilate_1,825750,45283,50431,5148,3494,0,294,1028,0
WOMEN-Tees_Tanks-id_00002821-03_4_full_segm.png,False,raw,825750,52478,52478,0,0,0,0,0,0
WOMEN-Tees_Tanks-id_00002821-03_4_full_segm.png,False,close_5,825750,52478,55401,2923,8,8,136,2771,0
WOMEN-Tees_Tanks-id_00002821-03_4_full_segm.png,False,close_5_dilate_3,825750,52478,67870,15392,4663,1336,4325,4492,0
WOMEN-Tees_Tanks-id_00002821-03_4_full_segm.png,False,close_1_dilate_1,825750,52478,56585,4107,1163,364,1166,1261,0
WOMEN-Tees_Tanks-id_00002884-01_4_full_segm.png,False,raw,825750,43107,43107,0,0,0,0,0,0
WOMEN-Tees_Tanks-id_00002884-01_4_full_segm.png,False,close_5,825750,43107,44162,1055,0,0,27,243,0
WOMEN-Tees_Tanks-id_00002884-01_4_full_segm.png,False,close_5_dilate_3,825750,43107,60322,17215,412,593,6359,2024,0
WOMEN-Tees_Tanks-id_00002884-01_4_full_segm.png,False,close_1_dilate_1,825750,43107,47257,4150,85,147,1629,614,0
WOMEN-Tees_Tanks-id_00003137-04_4_full_segm.png,False,raw,825750,68296,68296,0,0,0,0,0,0
WOMEN-Tees_Tanks-id_00003137-04_4_full_segm.png,False,close_5,825750,68296,70358,2062,4,6,372,1063,0
WOMEN-Tees_Tanks-id_00003137-04_4_full_segm.png,False,close_5_dilate_3,825750,68296,84176,15880,7225,1502,3466,1979,0
WOMEN-Tees_Tanks-id_00003137-04_4_full_segm.png,False,close_1_dilate_1,825750,68296,72825,4529,1895,386,938,558,0
WOMEN-Tees_Tanks-id_00003268-15_4_full_segm.png,False,raw,825750,47348,47348,0,0,0,0,0,0
WOMEN-Tees_Tanks-id_00003268-15_4_full_segm.png,False,close_5,825750,47348,48760,1412,625,0,62,719,0
WOMEN-Tees_Tanks-id_00003268-15_4_full_segm.png,False,close_5_dilate_3,825750,47348,67035,19687,10318,0,3260,2976,0
WOMEN-Tees_Tanks-id_00003268-15_4_full_segm.png,False,close_1_dilate_1,825750,47348,52949,5601,3187,0,856,1020,0
WOMEN-Tees_Tanks-id_00003580-08_4_full_segm.png,False,raw,825750,24413,24413,0,0,0,0,0,0
WOMEN-Tees_Tanks-id_00003580-08_4_full_segm.png,False,close_5,825750,24413,24464,51,0,0,51,0,0
WOMEN-Tees_Tanks-id_00003580-08_4_full_segm.png,False,close_5_dilate_3,825750,24413,32408,7995,403,2,7029,561,0
WOMEN-Tees_Tanks-id_00003580-08_4_full_segm.png,False,close_1_dilate_1,825750,24413,26499,2086,176,0,1866,44,0
WOMEN-Tees_Tanks-id_00004509-01_4_full_segm.png,True,raw,825750,79092,79092,0,0,0,0,0,0
WOMEN-Tees_Tanks-id_00004509-01_4_full_segm.png,True,close_5,825750,79092,81312,2220,101,357,1536,109,0
WOMEN-Tees_Tanks-id_00004509-01_4_full_segm.png,True,close_5_dilate_3,825750,79092,97283,18191,7746,2689,5406,2233,0
WOMEN-Tees_Tanks-id_00004509-01_4_full_segm.png,True,close_1_dilate_1,825750,79092,84043,4951,2024,677,1735,493,0
WOMEN-Tees_Tanks-id_00004768-01_4_full_segm.png,False,raw,825750,28403,28403,0,0,0,0,0,0
WOMEN-Tees_Tanks-id_00004768-01_4_full_segm.png,False,close_5,825750,28403,29682,1279,8,0,29,1242,0
WOMEN-Tees_Tanks-id_00004768-01_4_full_segm.png,False,close_5_dilate_3,825750,28403,40118,11715,631,1358,6477,3249,0
WOMEN-Tees_Tanks-id_00004768-01_4_full_segm.png,False,close_1_dilate_1,825750,28403,31477,3074,215,378,1591,890,0
WOMEN-Tees_Tanks-id_00004985-02_4_full_segm.png,False,raw,825750,61568,61568,0,0,0,0,0,0
WOMEN-Tees_Tanks-id_00004985-02_4_full_segm.png,False,close_5,825750,61568,67584,6016,24,101,615,2949,0
WOMEN-Tees_Tanks-id_00004985-02_4_full_segm.png,False,close_5_dilate_3,825750,61568,84773,23205,7845,2994,2952,4291,0
WOMEN-Tees_Tanks-id_00004985-02_4_full_segm.png,False,close_1_dilate_1,825750,61568,68250,6682,1985,813,758,1362,0
WOMEN-Tees_Tanks-id_00005018-01_4_full_segm.png,False,raw,825750,63802,63802,0,0,0,0,0,0
WOMEN-Tees_Tanks-id_00005018-01_4_full_segm.png,False,close_5,825750,63802,66098,2296,28,18,2049,188,0
WOMEN-Tees_Tanks-id_00005018-01_4_full_segm.png,False,close_5_dilate_3,825750,63802,82874,19072,6334,4289,6949,1369,0
WOMEN-Tees_Tanks-id_00005018-01_4_full_segm.png,False,close_1_dilate_1,825750,63802,68665,4863,1463,1115,1891,359,0
WOMEN-Tees_Tanks-id_00005318-02_4_full_segm.png,False,raw,825750,17147,17147,0,0,0,0,0,0
WOMEN-Tees_Tanks-id_00005318-02_4_full_segm.png,False,close_5,825750,17147,17381,234,2,0,28,201,0
WOMEN-Tees_Tanks-id_00005318-02_4_full_segm.png,False,close_5_dilate_3,825750,17147,23924,6777,581,0,4077,1782,0
WOMEN-Tees_Tanks-id_00005318-02_4_full_segm.png,False,close_1_dilate_1,825750,17147,18991,1844,181,0,1128,481,0
WOMEN-Tees_Tanks-id_00005337-02_4_full_segm.png,False,raw,825750,64231,64231,0,0,0,0,0,0
WOMEN-Tees_Tanks-id_00005337-02_4_full_segm.png,False,close_5,825750,64231,65211,980,7,0,878,34,0
WOMEN-Tees_Tanks-id_00005337-02_4_full_segm.png,False,close_5_dilate_3,825750,64231,80856,16625,3590,0,9192,1029,0
WOMEN-Tees_Tanks-id_00005337-02_4_full_segm.png,False,close_1_dilate_1,825750,64231,68711,4480,816,0,2678,237,0
WOMEN-Tees_Tanks-id_00005479-04_4_full_segm.png,False,raw,825750,58687,58687,0,0,0,0,0,0
WOMEN-Tees_Tanks-id_00005479-04_4_full_segm.png,False,close_5,825750,58687,61503,2816,1274,226,14,1302,0
WOMEN-Tees_Tanks-id_00005479-04_4_full_segm.png,False,close_5_dilate_3,825750,58687,77740,19053,10417,3625,2791,2220,0
WOMEN-Tees_Tanks-id_00005479-04_4_full_segm.png,False,close_1_dilate_1,825750,58687,64409,5722,3275,979,728,740,0
WOMEN-Tees_Tanks-id_00005757-01_4_full_segm.png,False,raw,825750,35220,35220,0,0,0,0,0,0
WOMEN-Tees_Tanks-id_00005757-01_4_full_segm.png,False,close_5,825750,35220,39717,4497,7,46,89,290,0
WOMEN-Tees_Tanks-id_00005757-01_4_full_segm.png,False,close_5_dilate_3,825750,35220,50331,15111,2673,1575,3483,2051,0
WOMEN-Tees_Tanks-id_00005757-01_4_full_segm.png,False,close_1_dilate_1,825750,35220,40281,5061,612,448,896,547,0
WOMEN-Tees_Tanks-id_00005918-05_4_full_segm.png,False,raw,825750,49848,49848,0,0,0,0,0,0
WOMEN-Tees_Tanks-id_00005918-05_4_full_segm.png,False,close_5,825750,49848,49972,124,1,0,89,0,0
WOMEN-Tees_Tanks-id_00005918-05_4_full_segm.png,False,close_5_dilate_3,825750,49848,62869,13021,994,2020,8795,982,0
WOMEN-Tees_Tanks-id_00005918-05_4_full_segm.png,False,close_1_dilate_1,825750,49848,53307,3459,88,551,2526,222,0
WOMEN-Tees_Tanks-id_00006033-01_4_full_segm.png,False,raw,825750,90176,90176,0,0,0,0,0,0
WOMEN-Tees_Tanks-id_00006033-01_4_full_segm.png,False,close_5,825750,90176,92896,2720,853,274,1343,250,0
WOMEN-Tees_Tanks-id_00006033-01_4_full_segm.png,False,close_5_dilate_3,825750,90176,108687,18511,10659,2761,3315,1776,0
WOMEN-Tees_Tanks-id_00006033-01_4_full_segm.png,False,close_1_dilate_1,825750,90176,95711,5535,3167,754,1127,487,0
WOMEN-Tees_Tanks-id_00006199-01_4_full_segm.png,False,raw,825750,19076,19076,0,0,0,0,0,0
WOMEN-Tees_Tanks-id_00006199-01_4_full_segm.png,False,close_5,825750,19076,19242,166,0,0,65,101,0
WOMEN-Tees_Tanks-id_00006199-01_4_full_segm.png,False,close_5_dilate_3,825750,19076,27155,8079,33,0,6206,1840,0
WOMEN-Tees_Tanks-id_00006199-01_4_full_segm.png,False,close_1_dilate_1,825750,19076,21154,2078,9,0,1625,444,0
WOMEN-Tees_Tanks-id_00006317-01_4_full_segm.png,False,raw,825750,49536,49536,0,0,0,0,0,0
WOMEN-Tees_Tanks-id_00006317-01_4_full_segm.png,False,close_5,825750,49536,49553,17,3,0,14,0,0
WOMEN-Tees_Tanks-id_00006317-01_4_full_segm.png,False,close_5_dilate_3,825750,49536,62617,13081,2047,2089,8657,288,0
WOMEN-Tees_Tanks-id_00006317-01_4_full_segm.png,False,close_1_dilate_1,825750,49536,52994,3458,988,568,1855,47,0
WOMEN-Tees_Tanks-id_00006421-06_4_full_segm.png,False,raw,825750,8656,8656,0,0,0,0,0,0
WOMEN-Tees_Tanks-id_00006421-06_4_full_segm.png,False,close_5,825750,8656,8985,329,0,0,61,268,0
WOMEN-Tees_Tanks-id_00006421-06_4_full_segm.png,False,close_5_dilate_3,825750,8656,16369,7713,97,0,6338,1278,0
WOMEN-Tees_Tanks-id_00006421-06_4_full_segm.png,False,close_1_dilate_1,825750,8656,10717,2061,35,0,1665,361,0
WOMEN-Tees_Tanks-id_00006863-24_4_full_segm.png,False,raw,825750,28157,28157,0,0,0,0,0,0
WOMEN-Tees_Tanks-id_00006863-24_4_full_segm.png,False,close_5,825750,28157,28241,84,7,2,15,60,0
WOMEN-Tees_Tanks-id_00006863-24_4_full_segm.png,False,close_5_dilate_3,825750,28157,37588,9431,1671,1644,5013,1103,0
WOMEN-Tees_Tanks-id_00006863-24_4_full_segm.png,False,close_1_dilate_1,825750,28157,30617,2460,450,444,1313,253,0
WOMEN-Tees_Tanks-id_00006924-01_4_full_segm.png,False,raw,825750,83988,83988,0,0,0,0,0,0
WOMEN-Tees_Tanks-id_00006924-01_4_full_segm.png,False,close_5,825750,83988,84302,314,7,0,307,0,0
WOMEN-Tees_Tanks-id_00006924-01_4_full_segm.png,False,close_5_dilate_3,825750,83988,97901,13913,9318,1822,2773,0,0
WOMEN-Tees_Tanks-id_00006924-01_4_full_segm.png,False,close_1_dilate_1,825750,83988,87640,3652,2416,477,759,0,0
WOMEN-Tees_Tanks-id_00007093-01_4_full_segm.png,False,raw,825750,46593,46593,0,0,0,0,0,0
WOMEN-Tees_Tanks-id_00007093-01_4_full_segm.png,False,close_5,825750,46593,48675,2082,0,96,128,1840,0
WOMEN-Tees_Tanks-id_00007093-01_4_full_segm.png,False,close_5_dilate_3,825750,46593,61477,14884,350,1982,8396,3597,0
WOMEN-Tees_Tanks-id_00007093-01_4_full_segm.png,False,close_1_dilate_1,825750,46593,51221,4628,42,538,2321,1655,0
WOMEN-Tees_Tanks-id_00007406-06_4_full_segm.png,False,raw,825750,38123,38123,0,0,0,0,0,0
WOMEN-Tees_Tanks-id_00007406-06_4_full_segm.png,False,close_5,825750,38123,39433,1310,2,55,1232,21,0
WOMEN-Tees_Tanks-id_00007406-06_4_full_segm.png,False,close_5_dilate_3,825750,38123,52171,14048,2522,2279,7686,1557,0
WOMEN-Tees_Tanks-id_00007406-06_4_full_segm.png,False,close_1_dilate_1,825750,38123,41570,3447,493,600,1990,364,0
WOMEN-Tees_Tanks-id_00007660-02_4_full_segm.png,False,raw,825750,52425,52425,0,0,0,0,0,0
WOMEN-Tees_Tanks-id_00007660-02_4_full_segm.png,False,close_5,825750,52425,53478,1053,33,378,207,435,0
WOMEN-Tees_Tanks-id_00007660-02_4_full_segm.png,False,close_5_dilate_3,825750,52425,66600,14175,4384,2743,4858,2190,0
WOMEN-Tees_Tanks-id_00007660-02_4_full_segm.png,False,close_1_dilate_1,825750,52425,56253,3828,1317,755,1127,629,0
WOMEN-Tees_Tanks-id_00007923-04_4_full_segm.png,False,raw,825750,28855,28855,0,0,0,0,0,0
WOMEN-Tees_Tanks-id_00007923-04_4_full_segm.png,False,close_5,825750,28855,30005,1150,7,0,15,101,0
WOMEN-Tees_Tanks-id_00007923-04_4_full_segm.png,False,close_5_dilate_3,825750,28855,38798,9943,618,172,6116,1761,0
WOMEN-Tees_Tanks-id_00007923-04_4_full_segm.png,False,close_1_dilate_1,825750,28855,32250,3395,234,2,1577,469,0
