product_id,category,coverage,fill,contrast,garment_pixels,name,note
MS6145321,bottom,0.0,0.0,0.0,0,에센셜 패턴 쇼츠-5colors,의류 영역 부족
MS6829636,bottom,0.0,0.0,0.0,0,체크 미니 티어드 원피스_SPOWG38G30,의류 영역 부족
MS6504560,bottom,0.0,0.0,0.0,0,레이스 밴드 레이어드 미디스커트 (6color),의류 영역 부족
MS5193862,bottom,0.0,0.0,0.0,0,Acid Farm Mini Dress Dirty White,의류 영역 부족
MS6150910,bottom,0.0,0.0,0.0,0,퍼프 슬리브 리본 미니 드레스 화이트,의류 영역 부족
MS6753697,bottom,0.0,0.0,0.0,0,FLORAL LINEN SCARF DRESS_WHITE,의류 영역 부족
MS6958000,bottom,0.0,0.0,0.0,0,레이븐 블레이드 레더 패치 원피스,의류 영역 부족
MS6957160,bottom,0.0252,0.7609,218.3,19826,패스트 앤 프리 하프 타이츠 8inch *업데이트 디자인  TRNV TRNV,
MS7066682,bottom,0.0277,0.7639,188.4,21821,레이스 트림 스커트 팬츠 (블랙),
MS6322137,bottom,0.0305,0.7513,19.0,23980,여성 벌룬 스커트_003(10570-152-401-69),
MS6989658,bottom,0.0445,0.7514,205.1,35020,벨트 포인트 A라인 미니 스커트 EMQ7WSK010,
MS7066683,bottom,0.0447,0.6796,36.4,35169,레이스 트림 스커트 팬츠 (핑크),
MS7068106,bottom,0.0468,0.7503,206.3,36769,벨티드 레더 랩 스커트 EMQ8WSK050,
MS5537853,bottom,0.0471,0.8396,229.4,37011,위티 원턱 화이트 스티치 와이드 데님 팬츠,
MS5322326,bottom,0.0491,0.6188,68.8,38613,코튼 플레어 미니 원피스 (WHITE) F26QD062,
MS6388530,top,0.0535,0.543,211.5,42084,Contour Rib Halter Top_Grape,
MS6843814,top,0.0567,0.6068,229.5,44561,네크 변형 저지탑  블랙,
MS6182664,bottom,0.0621,0.5839,162.7,48871,핏티드 셔링 롱 원피스 [CHARCOAL] / GF1LOP506,
MS6843879,top,0.0664,0.6483,89.2,52236,오픈칼라 슬림핏 반팔 셔츠  스카이 블루,
MS6744809,top,0.0698,0.6799,96.8,54924,스포츠웨어 타이트 크롭 탱크 탑 W - 일루전 그린:블랙:메탈릭 실버 / IQ3163-336,
MS4076871,bottom,0.0715,0.5444,213.5,56263,WOMEN 여름 플레어 마몽 주름 미디 롱치마 [BLACK] 롱스커트 ver.,
MS7051102,bottom,0.0772,0.8869,72.8,60677,시퀸장식 미디 스커트  베이지,
MS5895407,bottom,0.0774,0.5625,212.4,60892,[레이 PICK] Sheer layered midi skirt  BLACK,
MS6896803,bottom,0.0775,0.6111,111.2,60923,져지 슬리브리스 원피스  그레이,
MS5436451,bottom,0.0777,0.701,135.4,61091,캡소매 니트 셔츠 원피스,
MS6810202,bottom,0.0777,0.8182,63.0,61095,아일렛 롱 스커트  화이트,
MS7068125,bottom,0.0793,0.743,32.0,62331,에어리 시어 볼륨 스커트 EMQ7WSK040,
MS5372427,bottom,0.0834,0.8234,165.7,65595,여성 와이드 레그핏 미드 블루 데님 47D848G 2J6,
MS6371839,bottom,0.0845,0.4623,81.0,66479,90’s Satin Midi Skirt_Silver Gray,
MS5504965,bottom,0.0848,0.7567,120.7,66718,[한소희 PICK] 우먼즈 마이크로 데님 쇼츠 [라이트 인디고],
MS6837218,bottom,0.085,0.8543,198.2,66855,CHAMBRAY EASY PANTS [BLUE],
MS7020187,bottom,0.0885,0.8305,208.9,69636,루즈 와이드 웨일 데님 팬츠_BLACK,
MS7068568,bottom,0.0902,0.8036,212.6,70914,PM_Ruffle hem midi skirt,
MS7081927,bottom,0.0905,0.7678,45.7,71177,썸머 스웻 와이드 팬츠,
MS7068278,bottom,0.0913,0.7464,225.2,71802,페이크 레더 뷔스티에 원피스 EMQ8WOP030,
MS6686218,bottom,0.0914,0.7241,230.6,71852,클럽 쇼츠 M - 블랙:팬텀 / IQ9661-010,
MS7020366,bottom,0.0915,0.7842,195.8,71988,루즈 스트레이트 인브러쉬 데님 팬츠_MUD GREY,
MS7035348,bottom,0.0975,0.6195,222.8,76638,SUE WRAPPED SHIRT ASYMMETRIC SKIRT (BLACK),
MS6781115,bottom,0.098,0.821,212.3,77052,클럽 쇼츠 M - 퍼:팬텀 / IQ9661-323,
MS7035347,bottom,0.0997,0.6698,191.9,78398,DENIM COMBINATION SHIRT PATCHWORK SKIRT (MULTI),
MS7068564,bottom,0.1024,0.8153,132.1,80511,PM_Flowy midi skirt,
MS858911,bottom,0.104,0.7407,141.0,81750,와이드 데님 팬츠 (LIGHT BLUE),
MS7051098,bottom,0.1046,0.627,222.1,82273,저지 배색 카고 스커트  블랙,
MS6501089,bottom,0.1053,0.7031,207.9,82837,Coating Leather Pants,
MS6844107,bottom,0.1061,0.814,46.9,83447,프릴 시어 풀스커트  화이트,
MS5678965,bottom,0.1066,0.5952,232.4,83870,[150/160.ver] LONG SKIRT.006 -1color/2size,
MS7068115,bottom,0.11,0.7414,92.4,86541,언밸런스 랩 디테일 스커트 EMQ6WSK080,
MS7051094,bottom,0.1103,0.7258,78.5,86757,저지 배색 카고 스커트  라이트 그레이,
MS4258827,bottom,0.1113,0.8923,181.4,87554,[여름용] 베이직 라인 나일론 스트링 팬츠 (그레이),
MS3144417,bottom,0.1116,0.7545,195.4,87730,튤립 팬츠 스커트(블랙),
MS7051088,bottom,0.1119,0.8515,185.6,87982,스터드 저지 스커트  애쉬,
MS5969258,bottom,0.1131,0.5037,214.4,88907,Lovely frill long skirt NAVY,
MS6844040,bottom,0.1137,0.5579,216.7,89441,데님 슬리브리스 원피스  네이비,
MS7074665,bottom,0.1156,0.6731,183.9,90915,로즈 벌룬 미니 드레스_블랙,
MS6300859,bottom,0.1171,0.775,204.5,92060,걸리쉬 체크 레이어드 원피스 [네이비],
MS6686255,bottom,0.1176,0.8059,217.8,92521,클럽 니트 쇼츠 M - 옵시디언:화이트 / FQ4361-451,
MS7073397,bottom,0.1186,0.7224,233.5,93257,플리츠 올인원 스커트 (2colors),
MS4687212,bottom,0.1192,0.8649,222.2,93720,우먼즈 레이어드 미니 스코츠 [차콜 그레이],
MS4720624,bottom,0.1206,0.5783,230.5,94861,세피 마이크로 쇼츠 (4컬러),
MS7068118,bottom,0.1232,0.7944,31.1,96893,밴딩 스트랩 롱 스커트 EMQ7WSK200,
MS3757208,bottom,0.1233,0.813,34.0,96984,우먼즈 나일론 밴딩 쇼츠 [화이트],
MS6890040,bottom,0.125,0.8823,124.8,98277,스튜디오 플리스 라이트웨이트 미드라이즈 쇼츠 W - 다크 그레이 헤더:세일 / IM8541-063,
MS4154987,bottom,0.1278,0.6744,228.3,100471,블룸 오브 조이 아노락 원피스_42ON1801,
MS7068280,bottom,0.1278,0.679,32.5,100479,V넥 스트링 슬리브리스 롱 원피스 EMQ7WOP200,
MS7051084,bottom,0.1299,0.5715,223.7,102152,[올데이 크리즈] 머메이드 맥시 스커트  네이비,
MS7051081,bottom,0.1303,0.7626,210.9,102495,데님 롱스커트  블루,
MS6890039,bottom,0.1326,0.831,227.2,104283,스튜디오 플리스 라이트웨이트 미드라이즈 쇼츠 W - 토탈 블랙:세일 / IM8541-001,
MS7080991,bottom,0.1348,0.5093,203.7,106008,26FW 레이스 트랙 팬츠,
MS7056310,bottom,0.1375,0.8061,188.9,108125,무브 투인원 쇼츠/브라운,
MS7056291,bottom,0.1378,0.8102,143.0,108344,무브 투인원 쇼츠/카키,
MS7081613,bottom,0.1385,0.6857,211.9,108954,데이드리프트 하이라이즈 트라우저 *레귤러  MAMU,
MS5051842,bottom,0.1389,0.6127,240.2,109272,Dart Back Ribbon Dress [Black],
MS6843694,top,0.1391,0.6481,247.0,109422,보트넥 립 슬리브리스  블랙,
MS7056318,bottom,0.1424,0.832,221.7,111968,무브 투인원 쇼츠/블랙,
MS6716212,top,0.144,0.6259,51.4,113238,Stud Bodysuit Sleeveless (white),
MS6941805,bottom,0.1452,0.6504,103.1,114215,Vintage Check Ribbon Cami Mini Dress (LIGHT GRAY),
MS6797005,top,0.1456,0.5873,56.0,114539,Days Comfort Fit Shirt_White,
MS1466442,bottom,0.147,0.7318,13.5,115616,베이직 스웨트 쇼츠 오프화이트,
MS6652169,top,0.1474,0.6297,26.1,115914,레이스 새틴 뷔스티에_MIWBNG717G,
MS7076701,bottom,0.1474,0.6314,57.4,115896,jacquard mini dress pink,
MS5698186,bottom,0.1511,0.6868,31.2,118803,[언바운드 걸] 우먼즈 플리츠 미니 드레스 [화이트],
MS6355547,bottom,0.1547,0.5449,91.8,121682,[22차]에즈온 시어 레이어드 스커트_Ezon Skirt_4colors,
MS4118673,top,0.1553,0.6732,131.0,122149,시어서커 썸머 체크 셔츠 [LE05 그레이],
MS5059231,bottom,0.1556,0.7328,221.7,122388,반소매 데님 롱원피스  네이비,
MS5991125,bottom,0.1588,0.7776,236.3,124861,프릴 레이어드 원피스_MIWOWG309C,
MS6844030,bottom,0.1611,0.6046,56.6,126726,캡슬리브 미니 원피스  화이트,
MS7076757,bottom,0.1623,0.6886,30.5,127648,jacquard mini dress white,
MS7081515,bottom,0.1643,0.7228,89.7,129231,(여성) Boots Cut Pants G5PAW26002BEX,
MS6716203,top,0.1653,0.5981,122.5,129964,Stud Bodysuit Sleeveless (beige),
MS6918916,bottom,0.1686,0.69,44.6,132590,스튜디오 플리스 라이트웨이트 프렌치 테리 오버사이즈 하이라이즈 쇼츠 W - 세일:블랙 / IV4767-133,
MS7081145,bottom,0.17,0.7293,220.4,133699,(남성) Warm-Up Cargo Pants G4PAW26004BKX,
MS7068556,bottom,0.1728,0.6871,74.7,135879,PM_Square neck lace dress,
MS6980156,top,0.181,0.4133,228.1,142319,Signature V-neck Knit (brown),
MS6885251,bottom,0.1815,0.735,237.5,142773,Vintage distressed raw jean,
MS6843889,top,0.1852,0.6467,118.7,145660,슬림핏 스트라이프 셔츠  라이트 그레이,
MS6403675,bottom,0.1862,0.6092,139.4,146441,도트 포켓 롱원피스_화이트,
MS7068553,bottom,0.1946,0.5388,163.6,153034,PM_Vintage print peplum dress,
MS6182661,bottom,0.1955,0.6137,231.0,153744,핏티드 셔링 롱 원피스 [BLACK] / GF1LOP506,
MS6435953,bottom,0.1966,0.5872,44.8,154630,사이드스트링 나일론 원피스 AS2WO460,
MS7081498,bottom,0.1981,0.8214,48.1,155812,(여성) Jersey Easy Pants (SET UP) G5PAW26004BEX,
MS5698179,bottom,0.2035,0.4321,220.3,160027,우먼즈 로 웨이스트 니 렝스 스커트 [블랙],
MS7074550,bottom,0.2043,0.5962,47.4,160649,로즈 벌룬 미니 드레스_아이보리,
MS6999915,bottom,0.2105,0.6299,134.8,165569,로젠 폴딩 레이스 훌 미디 스커트_그레이,
MS7008856,bottom,0.2108,0.6777,71.9,165750,[Disney] 밤비 잔패턴 와이드 데님  화이트,
MS6979825,top,0.216,0.5836,159.1,169896,Lace Shirring Top (gray),
MS6365348,bottom,0.2191,0.584,74.2,172270,LAYERED DRESS DUO - WHITE,
MS6979745,top,0.2198,0.5126,101.8,172889,Extended Strap Top (white),
MS7072827,bottom,0.2229,0.6416,236.8,175304,DVP081_M111 컴포트 스트레치 나일론 밴딩 카고 조거,
MS7051028,bottom,0.2233,0.7676,230.7,175647,소프트 텍스처 캉캉이 긴팔 미니 원피스  블랙,
MS6979730,top,0.2268,0.5341,156.8,178357,Extended Strap Top (khaki),
MS6374709,bottom,0.2281,0.7596,184.2,179378,빈티지워싱 카고 버뮤다팬츠_KHAKI,
MS3442344,bottom,0.2313,0.6599,65.1,181935,로맨티크 롱원피스,
MS7044337,bottom,0.2316,0.794,178.2,182127,Denim Mini Skirt_Blue,
MS6986885,bottom,0.2316,0.8005,134.8,182123,PAISLEY SUEDE MINI SKIRT LIGHT BLUE,
MS7068559,bottom,0.2326,0.6563,97.8,182898,PM_Floral ruffle midi dress,
MS7051086,bottom,0.2374,0.6905,76.5,186723,샤 미디 스커트  화이트,
MS6986887,bottom,0.2382,0.8316,154.8,187292,DOT SUEDE MINI SKIRT PURPLE,
MS6980145,top,0.2383,0.5774,238.1,187389,Signature V-neck Knit (black),
MS7079131,bottom,0.2394,0.6625,58.2,188239,WD_Patchwork chiffon skirt,
MS6479372,bottom,0.247,0.7044,76.8,194219,사틴 미니 스커트 RE WHG52NS_MIWWHG546G,
MS6633896,bottom,0.2471,0.4606,36.4,194333,플로럴 캡 슬리브 미니 원피스 [WHITE] / GF2LOP522,
MS6859762,bottom,0.2475,0.6271,204.4,194625,리조트 S 드레스 KX0725,
MS6140472,bottom,0.2509,0.6792,220.8,197319,레이스 슬리브리스 롱 원피스 [BLACK] / GF2LOP505,
MS6875797,bottom,0.254,0.7762,158.4,199788,유어 메시지 히어 인디고 진 M - 블루 데님:블랙:세이프티 오렌지 / IO1657-485,
MS5977745,bottom,0.2549,0.615,70.0,200468,Floral Lace Slim Long Dress [Ivory],
MS6333977,bottom,0.2552,0.5505,112.2,200706,체크 미니 원피스 GREY,
MS5622133,bottom,0.2555,0.5996,91.8,200942,포포 리버시블 미니 원피스,
MS6970678,bottom,0.2567,0.5255,87.7,201894,RL LAYERED MINI SKIRT(GRAY),
MS6135743,bottom,0.2587,0.751,92.3,203452,레이스 라운드넥 반팔 원피스(MAGBOP10MWH),
MS6896595,top,0.2677,0.6702,93.7,210528,체크 라운드칼라 블라우스  와인,
MS4624162,bottom,0.2688,0.6786,217.1,211355,우먼즈 코튼 티어드 미니 드레스 [블랙],
MS6809274,bottom,0.2703,0.5279,44.5,212590,플로우 언발란스 미니원피스,
MS7080970,bottom,0.2735,0.4896,153.2,215100,26FW 롱 체크 랩스커트,
MS7080554,bottom,0.2735,0.6822,113.5,215076,Iris Lace Layer Skirt - Grey,
MS5698181,bottom,0.2742,0.6447,225.5,215622,우먼즈 포멀 미니 드레스 [블랙],
MS7068562,bottom,0.2748,0.5318,198.2,216133,PM_Lace trim tiered dress,
MS7039817,bottom,0.2766,0.8178,135.0,217510,플루이드 펜슬 미니스커트,
MS6970679,bottom,0.2794,0.5846,224.4,219718,RL LAYERED MINI SKIRT(BLACK),
MS6979779,top,0.2816,0.5221,236.6,221450,Lace Shirring Top (black),
MS6979721,top,0.2817,0.478,233.2,221545,Extended Strap Top (black),
MS6459880,bottom,0.283,0.6435,31.9,222522,Lace Shirring Button Flare Dress [Ivory],
MS6918915,bottom,0.2831,0.6274,100.7,222614,스튜디오 플리스 라이트웨이트 오버사이즈 하이라이즈 커프스 팬츠 W - 다크 그레이 헤더:세일 / IM8512-063,
MS6262142,bottom,0.2837,0.3814,210.5,223120,스트라이프 퍼프 슬리브 원피스 [차콜 ST],
MS6370721,top,0.2857,0.6634,115.2,224660,소셜 휴먼 티셔츠 : 2컬러,
MS6979927,bottom,0.2866,0.6269,70.0,225367,스튜디오 플리스 라이트웨이트 프렌치 테리 미드라이즈 트랙 팬츠 W - 세일:크림 II / IV4778-133,
MS6980168,top,0.2867,0.5067,127.2,225455,Signature V-neck Knit (melange),
MS7076544,bottom,0.2888,0.8133,85.9,227119,cotton veil skirt pale green,
MS6918918,bottom,0.2958,0.6954,129.9,232649,스튜디오 플리스 라이트웨이트 프렌치 테리 미드라이즈 와이드 레그 팬츠 W - 다크 그레이 헤더:세일 / IV4774-063,
MS4092647,bottom,0.2961,0.6044,220.8,232839,쥬니 리본 자수 스퀘어 원피스,
MS6744815,top,0.2993,0.6803,217.2,235408,스포츠웨어 오버사이즈 저지 W - 블랙:화이트 / IQ6138-010,
MS6918909,bottom,0.3007,0.604,111.0,236470,스튜디오 플리스 미디엄 웨이트 하이라이즈 오버사이즈 커프스 팬츠 W - 다크 그레이 헤더:세일 / IM8075-063,
MS6461305,bottom,0.3023,0.6462,180.1,237705,SLEEVELESS WRAP DRESS IN KHAKI,
MS5245396,bottom,0.3041,0.6775,143.5,239189,복서 트렁크 버뮤다 팬츠[그레이],
MS6529592,top,0.3043,0.6539,228.1,239342,87-STAN335 Y2K 트리니티 글리치 피그먼트 반팔 티셔츠 (3color),
MS6769967,bottom,0.3072,0.7437,50.4,241554,셔링밴딩 롱 스커트_MIWWHG918B,
MS6979860,top,0.3078,0.4933,102.8,242075,Lace Shirring Top (ivory),
MS7081834,bottom,0.3099,0.8628,132.4,243729,여성) LW2 빈티지 커브드 팬츠,
MS5215342,bottom,0.3126,0.7786,23.9,245863,옥스포드 쇼츠 팬츠 (화이트),
MS6800912,top,0.3167,0.5488,30.8,249092,러플 포인트 오프숄더 블라우스 [화이트],
MS6928578,top,0.3234,0.7445,60.2,254363,PLEATED GRAPHIC T-SHIRT IN WHITE,
MS7051091,bottom,0.3248,0.8904,224.8,255443,스터드 저지 스커트  블랙,
MS6365296,bottom,0.3286,0.8046,161.1,258446,에센셜 와이드 치노 팬츠 - 워시드 베이지,
MS6980114,top,0.3328,0.484,131.5,261722,Plaid Tie Shirt (light gray),
MS5487571,bottom,0.3332,0.693,213.0,262019,포미 다크블루 스판 부츠컷 데님팬츠,
MS6370971,top,0.3369,0.6063,187.1,264918,크랙 식스 포인트 로고 반팔 티셔츠 (와인),
MS2796118,bottom,0.3377,0.5156,196.8,265585,7160 캣 브러쉬 슬림 진청 부츠컷 데님팬츠,
MS5661619,bottom,0.3388,0.6645,91.9,266424,우먼즈 나일론 루치드 롱 스커트 [애쉬 그레이],
MS6837150,top,0.3394,0.4452,107.1,266944,레터링 원숄더 티셔츠_MIWLWG913A,
MS6918910,bottom,0.34,0.6778,235.9,267421,스튜디오 플리스 미디엄 웨이트 미드라이즈 와이드 레그 팬츠 W - 토탈 블랙:세일 / IM8103-001,
MS6938901,bottom,0.3404,0.7471,148.0,267682,핏업데님 릴렉스 부츠컷_Long_MIWTJG946J,
MS5442400,bottom,0.3426,0.6662,229.5,269446,Latch Micro Belt Shorts (BLACK),
MS5180199,bottom,0.3446,0.4997,62.1,270969,레이스 레이어드 롱 원피스 (아이보리),
MS4636893,bottom,0.3449,0.6385,69.2,271265,Mermaid of the City Dress (Cream),
MS3774997,bottom,0.3459,0.65,110.8,271996,우먼즈 레귤러 핏 데님 팬츠 [라이트 인디고],
MS3225860,bottom,0.3497,0.7984,46.0,275005,린넨 쇼츠 팬츠 (화이트),
MS6702426,bottom,0.351,0.8024,153.2,276013,테크 헬리오스 드라이 핏 팬츠 M - 라이트 아미:블랙 / IF1283-320,
MS6837145,bottom,0.3511,0.8282,234.6,276147,폴디드 밴딩 셔링 스커트_MIWWMG916C,
MS6666754,top,0.3533,0.7493,43.5,277830,스타도트 홀터넥 레이어드 나시_SPRNG26G99,
MS6914789,top,0.3571,0.5485,124.6,280870,홀터 레이어드 긴팔 티셔츠_MIWLWG911A,
MS6210163,bottom,0.3589,0.8425,192.9,282239,포멀 슬릿 H라인 맥시 스커트 그레이베이지 COWSK002GBEIGE,
MS6890037,top,0.3615,0.8346,228.8,284265,스튜디오 플리스 라이트웨이트 크루 W - 토탈 블랙:세일 / IM8113-001,
MS5795942,bottom,0.3617,0.6574,234.6,284468,우먼즈 탱크 탑 콤비 드레스 [블랙],
MS7076570,bottom,0.3623,0.625,57.4,284916,cotton veil skirt pale blue,
MS6979710,bottom,0.3674,0.7756,216.5,288896,Distressed Bootcut Jeans (black),
MS6111131,bottom,0.3677,0.8056,167.4,289198,DEN765 Raw Routine Wide Chino (Olive Charcoal),
MS6266331,bottom,0.3687,0.7991,222.9,289955,이지 밴딩 맥시 스커트 [BLACK] / GF2LSK514,
MS4664068,bottom,0.3721,0.8605,28.3,292611,우먼즈 린넨 라이크 밴딩 롱 스커트 [화이트],
MS6980096,top,0.3741,0.5282,217.6,294190,Plaid Tie Shirt (black),
MS6830180,top,0.3752,0.7791,221.1,295079,유어 메시지 히어 블랙 진 M - 블랙:세이프티 오렌지 / IR8190-010,
MS7068110,bottom,0.3766,0.7507,132.0,296142,스트링 디테일 플레어 스커트 EMQ8WSK080,
MS6365940,bottom,0.3783,0.6896,226.7,297536,Elloy Low-rise Jean_Nonfade indigo,
MS6633891,bottom,0.3882,0.6364,226.4,305284,플로럴 캡 슬리브 미니 원피스 [BLACK] / GF2LOP522,
MS7075129,bottom,0.3893,0.6133,160.1,306180,로즈 시어 드레스_블랙,
MS4898364,bottom,0.3932,0.7938,53.3,309217,루즈핏 풀 밴딩 하프 팬츠 - 2color,
MS7073299,bottom,0.3961,0.5631,156.9,311500,카모 플레어 스커트_카키,
MS6997008,bottom,0.3973,0.8986,214.2,312449,여성 카고 미니스커트 (BLACK),
MS6997007,bottom,0.3977,0.8982,65.5,312789,여성 카고 미니스커트 (L/BEIGE),
MS7000070,bottom,0.3981,0.8117,224.3,313059,체터 아일렛 투웨이 와이드 밴딩 팬츠_블랙,
MS6970730,bottom,0.401,0.6722,234.0,315327,RL SHIRRING BOOTSCUT PANTS(BLACK),
MS6515986,bottom,0.401,0.8341,226.2,315372,레이어드 미디 스커트_SPWHG25W02,
MS6317272,top,0.4023,0.67,49.3,316403,카라버튼랩블라우스_P6BBL003C,
MS6590793,top,0.4043,0.6742,80.6,317938,3-버튼 헨리넥 오버핏 반팔 티셔츠 - 2color,
MS5607328,bottom,0.4068,0.6982,87.5,319918,키오크 원피스 빅사이즈,
MS6254021,top,0.4069,0.6169,55.0,320018,에어리 에센셜 카라 하프 니트 [IVORY] / WBE2L05513,
MS2117253,bottom,0.4097,0.615,237.4,322240,우먼즈 플리츠 미디 스커트 [블랙],
MS6979661,bottom,0.411,0.5643,212.1,323191,Overlay Mini Dress (charcoal),
MS5875523,bottom,0.4113,0.7488,217.8,323434,에이펀 원턱 와이드핏 팬츠 블랙,
MS7077832,bottom,0.4124,0.7365,65.3,324291,3-ST SKIRT KG2205,
MS6979655,bottom,0.4134,0.5022,232.0,325122,Overlay Mini Dress (black),
MS5661624,bottom,0.4153,0.7019,194.6,326605,우먼즈 시어 나일론 플리츠 롱 스커트 [그레이],
MS6979715,bottom,0.4157,0.7652,217.2,326912,Distressed Bootcut Jeans (blue),
MS6596367,top,0.4171,0.535,92.8,328008,Lace line cap sleeve t-shirt,
MS6938903,bottom,0.4174,0.8642,138.4,328273,카고 코튼팬츠_MIWTJG966J,
MS6507912,bottom,0.4188,0.7232,201.3,329339,카고 포켓 워시드 버뮤다 쇼츠 [네이비],
MS6501146,bottom,0.4194,0.7738,130.4,329859,우먼즈 솔리드 CP 커브드 치노 팬츠 [베이지],
MS6595817,top,0.4202,0.5109,140.5,330445,우먼즈 울 텐셀 슬림 스쿱 넥 긴소매 티셔츠 [블루 그레이],
MS6303991,bottom,0.4227,0.6565,103.2,332395,[설쁘 PICK] 스커트 레이어드 팬츠_MIWTCG504C,
MS6979724,top,0.4248,0.6147,184.3,334111,Extended Strap Top (gray),
MS6193735,top,0.4278,0.6256,93.2,336425,RUNNING TEE (U26BTTS604),
MS6501149,bottom,0.4298,0.8721,226.0,338009,우먼즈 솔리드 CP 커브드 치노 팬츠 [네이비],
MS7034075,bottom,0.4354,0.8294,85.6,342380,SST 코튼 트윌 카고 숏 팬츠 - 베이지 / KS9927,
MS7010682,bottom,0.4398,0.7481,173.9,345861,Elena Dress _ Brown,
MS5661620,bottom,0.4403,0.687,229.7,346235,우먼즈 나일론 루치드 롱 스커트 [블랙],
MS6970510,bottom,0.4428,0.7655,233.7,348243,RL FOLDING LONG SKIRT(BLACK),
MS6970420,bottom,0.4431,0.8432,56.6,348495,RL CROSS COLORSTONE TRAINING PANTS(PINK),
MS6970508,bottom,0.4436,0.7005,152.0,348825,RL FOLDING LONG SKIRT(BROWN),
MS7077826,bottom,0.4437,0.7513,163.2,348924,3-ST SKIRT KG0167,
MS7075081,bottom,0.4451,0.6647,168.0,350057,로즈 시어 드레스_레드,
MS6987464,bottom,0.4467,0.8569,222.4,351287,Layered Overlay Set-Up Skirt [ Black ],
MS6970725,bottom,0.4485,0.7073,86.1,352696,RL PATCH BOOTCUT PANTS(GRAY),
MS6341367,top,0.451,0.7877,70.5,354720,우먼즈 에센셜 스쿱 넥 니트 [레몬 그라스],
MS6341391,top,0.4514,0.6439,185.8,354980,[NEW 컬러 출시] 우먼즈 에센셜 브이 넥 니트 [틸 블루],
MS6980040,bottom,0.453,0.7937,186.8,356216,Napoleon Belt Skirt (beige),
MS6970726,bottom,0.4588,0.6595,230.9,360853,RL PATCH BOOTCUT PANTS(BLACK),
MS7034067,bottom,0.4589,0.8189,200.8,360905,SST 코튼 트윌 숏 팬츠 - 블랙 / KR1389,
MS6850948,bottom,0.4602,0.7759,219.3,361879,[GRAILZ X KOIN SEOUL] CARPENTER RAW PANTS [COATED BLACK],
MS5929494,bottom,0.4621,0.8091,221.5,363415,Laurel lace skirt,
MS6781134,top,0.4673,0.6713,90.3,367472,스포츠웨어 타이트 시어 탱크 탑 W - 화이트:블랙 / IU2648-100,
MS6970421,bottom,0.4687,0.8364,234.5,368564,RL CROSS COLORSTONE TRAINING PANTS(BLACK),
MS4664454,bottom,0.4695,0.7192,223.7,369214,우먼즈 패널드 데님 맥시 드레스 [딥 인디고],
MS6980022,bottom,0.47,0.8289,222.0,369658,Napoleon Belt Skirt (charcoal),
MS6430808,bottom,0.4706,0.3769,205.5,370081,2way 레이어드 원피스_MIWOMG629C,
MS6639238,bottom,0.4733,0.7412,196.3,372238,워시드 덕 코튼 페인터 팬츠 [로얄 블루],
MS5038460,bottom,0.476,0.6295,229.6,374358,STRING LONG DRESS BLACK,
MS4989733,top,0.4802,0.5751,197.1,377649,링클 시어서커 체크 반팔 셔츠 [차콜],
MS6341381,top,0.481,0.5631,228.9,378304,우먼즈 에센셜 헨리 넥 니트 [네이비],
MS6595815,top,0.4817,0.4318,233.9,378808,우먼즈 울 텐셀 슬림 스쿱 넥 긴소매 티셔츠 [블랙],
MS6970662,bottom,0.4888,0.8088,105.3,384375,RL LAYERED ANGEL TRAINING PANTS(GRAY),
MS6581397,bottom,0.4901,0.6145,212.9,385399,코이 스터드 홀터넥 미니 원피스_블랙,
MS6851209,top,0.4928,0.4727,131.1,387539,싱글 유니콘 헨리넥 롱슬리브 그레이,
MS5599802,bottom,0.4944,0.4737,60.2,388836,드리아 원피스,
MS5698188,bottom,0.4951,0.7263,48.5,389374,우먼즈 포플린 퍼프 슬리브 롱 드레스 [화이트],
MS6677115,top,0.4985,0.6548,207.5,392057,소프트 헨리넥 반팔 티셔츠 [브라운],
MS6341369,top,0.5016,0.5717,225.3,394492,우먼즈 에센셜 스쿱 넥 니트 [네이비],
MS7073439,bottom,0.504,0.6912,121.6,396387,카모 플레어 스커트_핑크,
MS6341373,top,0.5041,0.632,74.4,396406,우먼즈 에센셜 칼라드 니트 [레몬 그라스],
MS6608879,bottom,0.5045,0.9064,119.6,396719,에브리데이 쿨 린넨 라이크 밴딩 버뮤다 쇼츠[2COLORS],
MS3048936,bottom,0.5103,0.8086,29.7,401286,UA 트윌 밴딩 반바지 오프화이트,
MS6341365,top,0.5138,0.6144,108.1,404038,우먼즈 에센셜 스쿱 넥 니트 [헤더 라이트 베이지],
MS6970507,bottom,0.514,0.7101,81.6,404193,RL FOLDING LONG SKIRT(GRAY),
MS6595818,top,0.5178,0.6914,208.1,407251,우먼즈 울 텐셀 슬림 스쿱 넥 긴소매 티셔츠 [차콜 그레이],
MS6341366,top,0.5182,0.5887,45.8,407522,우먼즈 에센셜 스쿱 넥 니트 [아이보리],
MS7034063,bottom,0.5182,0.5563,75.6,407568,파이어버드 미드 라이즈 스트레이트 데님 팬츠 - 라이트데님 / KQ6490,
MS6618666,top,0.521,0.6044,197.9,409697,Sally V-cut Stripe Layered Short Sleeve_4Colors,
MS6595819,top,0.5236,0.5764,111.9,411803,우먼즈 울 텐셀 슬림 스쿱 넥 긴소매 티셔츠 [그레이쉬 베이지],
MS6341364,top,0.5246,0.4613,235.5,412551,우먼즈 에센셜 스쿱 넥 니트 [블랙],
MS5279560,bottom,0.5303,0.8339,236.6,417042,​​블랙 커브드 절개라인 와이드 코튼 팬츠,
MS6842888,bottom,0.5343,0.7635,103.3,420207,Molly wide jogger in Pink,
MS6999912,bottom,0.5355,0.517,214.8,421167,로젠 폴딩 레이스 훌 미디 스커트_블랙,
MS5755288,bottom,0.5409,0.7725,216.6,425378,[시티 레저] 벨티드 유틸리티 버뮤다 팬츠 [카키],
MS6341378,top,0.5418,0.6071,57.1,426059,우먼즈 에센셜 헨리 넥 니트 [아이보리],
MS6956822,top,0.5432,0.6129,230.4,427217,우먼즈 RN 슬림 타이 핏 반소매 블라우스 [블랙],
MS4747236,bottom,0.5434,0.8181,193.6,427384,커브드 코튼 치노 팬츠 [차콜],
MS6610865,bottom,0.5521,0.6286,48.0,434163,펀칭 허리 스트링 버튼 롱 원피스 (FTDBOP019),
MS6195540,bottom,0.5524,0.7278,220.7,434414,빈티지 롤업 코튼 쇼츠 - BLACK,
MS6499639,bottom,0.5525,0.7703,230.5,434483,NT7ZS30A 여성 프로스트 원피스 BLACK,
MS7080691,bottom,0.559,0.7234,135.6,439617,Destroyed P ash white B,
MS7069330,bottom,0.5608,0.8105,223.9,441030,여성 고프코어 글로시 루즈 벌룬 롱 스커트 NY (Black),
MS6341374,top,0.5638,0.798,163.7,443378,우먼즈 에센셜 칼라드 니트 [미디엄 그레이],
MS6341371,top,0.564,0.6534,194.9,443543,우먼즈 에센셜 칼라드 니트 [브라운],
MS7034066,bottom,0.5674,0.8026,79.2,446246,SST 코튼 트윌 숏 팬츠 - 베이지 / KR1388,
MS6979690,bottom,0.5785,0.7494,195.3,454940,Curved Panel Denim,
MS7080705,bottom,0.5791,0.7747,129.6,455455,Destroyed P mud brown B,
MS5128595,top,0.5803,0.571,185.2,456392,레이어드 컷아웃 체크 하프 셔츠 [purple],
MS6341368,top,0.5803,0.6882,177.5,456370,우먼즈 에센셜 스쿱 넥 니트 [미디엄 그레이],
MS7078749,bottom,0.5803,0.8563,230.0,456338,여성 레터링 롱 스커트 블랙,
MS6341370,top,0.5804,0.6557,233.1,456469,우먼즈 에센셜 칼라드 니트 [블랙],
MS7066692,top,0.5813,0.7649,230.2,457145,제이티케이 피케 폴로 롱 슬리브 (남성),
MS7078753,bottom,0.5816,0.8544,100.1,457389,여성 레터링 롱 스커트 멜란지 그레이,
MS6341375,top,0.5825,0.7657,217.9,458127,우먼즈 에센셜 칼라드 니트 [네이비],
MS5944323,bottom,0.5846,0.7016,146.2,459719,가먼트 다잉 커브드 카고 팬츠 [베이지],
MS6853485,top,0.5875,0.6079,137.3,462066,골지 헨리넥 머슬핏 반팔티셔츠 3color(와이드숄더),
MS6341377,top,0.5877,0.6597,109.8,462221,우먼즈 에센셜 헨리 넥 니트 [헤더 라이트 베이지],
MS6590058,bottom,0.5898,0.5985,58.2,463837,자켓형 2IN1 트위드 롱 원피스 RMOWG26ST3,
MS6956824,top,0.5966,0.5869,55.0,469197,우먼즈 RN 슬림 타이 핏 반소매 블라우스 [화이트],
MS6830458,bottom,0.5993,0.8234,80.4,471328,핀턱 와이드 스웨트 팬츠 _2color,
MS6999917,bottom,0.6014,0.5971,78.7,472978,로젠 폴딩 레이스 훌 미디 스커트_아이보리,
MS6401724,top,0.6018,0.7151,42.7,473284,웨스턴 리니어 솔리드 크롭 하프 셔츠 [화이트],
MS6341376,top,0.6027,0.7128,227.8,473984,우먼즈 에센셜 헨리 넥 니트 [블랙],
MS6450036,bottom,0.6044,0.6249,164.0,475329,[한소희 PICK] 우먼즈 에센셜 커브드 데님 팬츠 [미디엄 인디고],
MS6595055,top,0.6058,0.6198,76.4,476416,우먼즈 프론트 셔링 긴소매 티셔츠 [버터 크림],
MS6433137,bottom,0.6155,0.7357,230.3,484014,드레이프 시스루 롱원피스 RMOWG26S11,
MS6813048,bottom,0.6163,0.8392,186.7,484678,펄스웨이브 6.5인치 쇼츠_LD0414800,
MS6390295,bottom,0.6239,0.9035,203.1,490648,[여름원단]르체 다크그레이 원 턱 와이드 팬츠,
MS6822844,top,0.6243,0.5829,200.8,490941,스트랩 레이어드 골지 홀터넥 티셔츠 (말차솔트),
MS6456392,bottom,0.6258,0.7028,208.8,492132,D. BASIC RIBBED FOLD LONG SKIRT - 2 COLOR,
MS6109260,top,0.626,0.5123,233.1,492307,[스토커즈 콜라보] [ON]조직 변형 헨리 넥 반팔 니트 - 3color,
MS6595811,top,0.6283,0.6219,185.4,494126,우먼즈 CR 스트라이프 릴렉스드 긴소매 티셔츠 [올리브],
MS6341372,top,0.6283,0.4352,57.9,494105,우먼즈 에센셜 칼라드 니트 [아이보리],
MS3254294,bottom,0.6329,0.7734,120.9,497702,[여름] 커스터마이징 롱 세미와이드 슬랙스 (4컬러),
MS6595813,top,0.6331,0.467,64.1,497895,우먼즈 울 텐셀 슬림 스쿱 넥 긴소매 티셔츠 [아이보리],
MS6903639,bottom,0.6352,0.7883,199.3,499572,[2.5-LAYER] 파라슈트 기어 팬츠_SPTCG4TC30,
MS5983366,bottom,0.6359,0.4889,218.2,500123,헴 스트링 레이어드 드레스 블랙,
MS6812676,top,0.6441,0.8652,184.8,506532,펄스웨이브 메쉬 롱 슬리브_LD0415000,
MS6378408,bottom,0.647,0.7496,228.8,508814,리본 미디 플리츠 스커트 블랙,
MS6605364,top,0.6471,0.4974,193.4,508899,우먼즈 체크 타이 블라우스 [블랙/아이보리],
MS7058858,bottom,0.6476,0.9302,203.6,509289,로우 스트레이트 데님 팬츠 네이비,
MS6341380,top,0.6485,0.7128,164.2,510024,우먼즈 에센셜 헨리 넥 니트 [미디엄 그레이],
MS7059093,bottom,0.6485,0.9352,226.9,510018,워시드 스트레이트 데님 팬츠 인디고,
MS7059090,bottom,0.6496,0.936,132.5,510883,워시드 스트레이트 데님 팬츠 미드 블루,
MS2711142,bottom,0.65,0.7539,24.5,511217,바이오스톤 워싱 와이드 데님 팬츠 (CREAM),
MS7059124,bottom,0.6557,0.9228,216.3,515663,퍼커링 코듀로이 팬츠 브라운,
MS7059128,bottom,0.6582,0.9209,230.9,517638,퍼커링 코듀로이 팬츠 네이비,
MS7059127,bottom,0.66,0.9208,219.8,519049,퍼커링 코듀로이 팬츠 차콜,
MS7059211,bottom,0.6618,0.9286,233.1,520481,퍼커링 코듀로이 팬츠 블랙,
MS6899468,top,0.6648,0.7534,167.8,522792,W NAME CARD L/S TEE(PLUM),
MS6716192,bottom,0.6739,0.7828,211.1,530001,Stretch Mini Skirt Pants (black),
MS7080730,bottom,0.6751,0.7486,174.2,530915,Destroyed P dirty gray B,
MS5795897,bottom,0.6844,0.6878,224.0,538226,우먼즈 메시 레이어드 저지 드레스 [블랙],
MS6143109,top,0.6845,0.6927,216.2,538275,[아트앤티] 나잠수_백 투 더 좀비스 티셔츠 [블랙],
MS6595807,top,0.6847,0.6969,105.8,538433,우먼즈 CR 스트라이프 릴렉스드 긴소매 티셔츠 [라이트 그레이],
MS6878575,bottom,0.6861,0.5516,233.4,539561,닉켈 26 동키 오버사이즈 스웻팬츠,
MS6534481,bottom,0.6871,0.8401,72.9,540391,[알로하 PICK] (woman) 레이스 새틴 미디 스커트_3Color,
MS7066688,top,0.6893,0.7195,231.0,542125,제이티케이 피케 폴로 롱 슬리브 (여성),
MS6908820,bottom,0.7015,0.7353,226.9,551670,[시티 레저] 트레일 기어 팬츠 [블랙],
MS6852823,top,0.7016,0.7251,199.2,551800,케어베어 OS 티 - 블랙 / IA4539,
MS6908818,bottom,0.7048,0.7975,191.4,554269,[시티 레저] 트레일 기어 팬츠 [그레이],
MS6103298,top,0.7091,0.7113,226.6,557638,[ON]린넨 라이크 헨리넥 오버핏 반팔 니트 - 5color,
MS6907832,bottom,0.7139,0.7272,196.7,561452,[후러브스아트 x 성진] 코튼 데님 절개 버뮤다 팬츠 차콜 그레이,
MS6884177,bottom,0.7144,0.5765,215.7,561822,RX 메쉬 라이트런 투인원 쇼츠 XFL3PS1001,
MS6697403,top,0.7163,0.6389,66.3,563332,플라워 오프숄더 숏슬리브_베이지,
MS7058730,top,0.7169,0.7145,210.7,563815,슬럽 더블 넥 롱 슬리브 네이비,
MS7058726,top,0.719,0.7167,206.5,565449,슬럽 더블 넥 롱 슬리브 버건디,
MS6812472,bottom,0.72,0.6392,131.4,566249,히롯 리본 셔링 반팔 미니 원피스,
MS7075041,bottom,0.7203,0.5898,58.4,566497,로즈 시어 드레스_아이보리,
MS7003828,bottom,0.7222,0.8167,229.4,567987,더블 핀턱 100% 코튼 팬츠,
MS6832467,top,0.7228,0.7225,38.5,568468,ESSENTIAL CASH BLEND HENLEY NECK KNIT_MINT,
MS6787113,top,0.7229,0.6957,196.3,568547,그래픽 레터링 티셔츠 브라운,
MS7058729,top,0.7242,0.7216,125.4,569495,슬럽 더블 넥 롱 슬리브 그레이,
MS1960628,bottom,0.7253,0.7902,221.0,570436,[쿨탠다드] 우먼즈 와이드 히든 밴딩 슬랙스 [블랙],
MS6800975,bottom,0.7253,0.6342,228.4,570420,우븐 스판 미니 드레스 [블랙],
MS7066664,top,0.7306,0.7181,39.8,574569,제이티케이 피케 폴로 롱 슬리브 (여성),
MS6532779,bottom,0.7306,0.618,46.4,574533,[준혁 PICK] LVS 린넨 라이크 세미 와이드 밴딩 팬츠 3color,
MS6596164,top,0.7331,0.7416,218.4,576514,우먼즈 더블 니트 칼라드 스웨트셔츠 [다크 브라운],
MS5416068,bottom,0.7374,0.8308,209.8,579880,스트라이프 커브드 핀턱 슬랙스 [차콜],
MS6253269,bottom,0.7388,0.5741,99.3,581042,(우먼) 레이어드 슬리브리스 원피스_스카이 블루,
MS7059291,top,0.7392,0.7174,29.2,581300,로우 엣지 포켓 롱 슬리브 아이보리,
MS7059293,top,0.7402,0.7186,224.1,582084,로우 엣지 포켓 롱 슬리브 블랙,
MS7059290,top,0.7404,0.7263,197.0,582276,로우 엣지 포켓 롱 슬리브 버건디,
MS7059267,top,0.7405,0.8018,210.7,582335,립 트림 스트라이프 롱 슬리브 블랙,
MS7059289,top,0.7408,0.7134,184.5,582617,로우 엣지 포켓 롱 슬리브 브라운,
MS7082498,bottom,0.7421,0.7557,226.7,583573,폴드 웨이스트 드로우 스트링 벌룬 팬츠 (NAVY),
MS6980872,bottom,0.7422,0.7469,182.5,583654,517™ 부츠컷 진 00517-0298,
MS7059266,top,0.7436,0.7982,153.4,584768,립 트림 스트라이프 롱 슬리브 토프 차콜,
MS7059288,top,0.7442,0.7178,80.1,585235,로우 엣지 포켓 롱 슬리브 멜란지 그레이,
MS6822849,top,0.7495,0.6417,43.2,589413,스트랩 레이어드 골지 홀터넥 티셔츠 (게랑드솔트),
MS5310275,bottom,0.7515,0.5899,167.9,590997,그린 와이드 스트레이트 데님팬츠 미드 블루,
MS6566706,bottom,0.7544,0.7753,236.5,593257,26 SS 투턱 세미와이드 바이오 워시드 코튼 팬츠 (3컬러),
MS5002044,top,0.7558,0.4932,60.5,594380,POLKA DOT PUFF SLEEVE BLOUSE WHITE,
MS7059306,top,0.7594,0.7288,49.7,597202,로우 엣지 레이어드 롱 슬리브 아이보리,
MS4651400,bottom,0.7598,0.6739,222.7,597531,우먼즈 소프트 저지 플레어 롱 드레스 [블랙],
MS6896783,top,0.7599,0.6268,229.7,597634,롤업 레이어드 크롭 반팔티 [블랙],
MS6330319,top,0.7621,0.6661,177.3,599353,밀키 웨이 엠브로이더리 티 (챠콜),
MS7059305,top,0.7621,0.7188,199.1,599366,로우 엣지 레이어드 롱 슬리브 버건디,
MS6596165,top,0.7632,0.6393,223.9,600243,우먼즈 더블 니트 칼라드 스웨트셔츠 [다크 네이비],
MS7059304,top,0.7651,0.7228,182.5,601691,로우 엣지 레이어드 롱 슬리브 차콜,
MS7058521,top,0.7656,0.7098,173.0,602127,블러 체크 컴팩트 카라 셔츠 블랙,
MS6812499,bottom,0.767,0.8276,112.0,603179,포트 플라워 매쉬 밴딩 롱 스커트,
MS7059307,top,0.7681,0.7208,194.2,604057,로우 엣지 레이어드 롱 슬리브 블랙,
MS6941093,top,0.7703,0.6224,159.2,605818,허쉬 슬리브리스 골지나시 (블루),
MS6887167,top,0.7719,0.5815,155.6,607082,Equus 슬림 반팔 티셔츠,
MS7058522,top,0.7719,0.7092,152.5,607076,모스 체크 컴팩트 카라 셔츠 브라운,
MS7058520,top,0.7719,0.7158,220.1,607039,쉐도우 체크 컴팩트 카라 셔츠 네이비,
MS6832501,top,0.7734,0.7284,168.4,608204,DEEP V-NECK KNIT PULLOVER_CHARCOAL,
MS6832475,top,0.7736,0.5277,81.5,608397,CLASSIC STRIPE SHIRT_GREY STRIPE,
MS7058517,top,0.7738,0.7198,143.9,608519,그리드 체크 컴팩트 카라 셔츠 그레이,
MS6778501,top,0.7776,0.6728,203.7,611504,[SSG랜더스 컬래버] 무한인천 피그먼트 다이드 티셔츠 [차콜 그레이],
MS6595056,top,0.7782,0.6903,227.6,612003,우먼즈 프론트 셔링 긴소매 티셔츠 [블랙],
MS7059019,top,0.7812,0.7223,139.5,614361,리오셸 컴팩트 카라 셔츠 데저트,
MS6103340,top,0.7816,0.5543,198.7,614693,[COUTURE]나일론 오버핏 포켓 반팔 셔츠 - 2color,
MS7059025,top,0.7817,0.7286,214.1,614745,리오셸 컴팩트 카라 셔츠 네이비,
MS7059011,top,0.7846,0.7376,202.0,617020,리오셸 컴팩트 카라 셔츠 퍼플,
MS7080570,bottom,0.7868,0.8582,226.0,618790,D.basic Shirring Layer Maxi Skirt - 2 Color,
MS6961628,top,0.7873,0.6513,214.6,619176,Jacquard Corset Line Pocket Shirt (Black),
MS3730406,bottom,0.7886,0.7563,204.2,620147,[쿨탠다드] 우먼즈 쿨링 부츠 컷 밴딩 팬츠 [건메탈],
MS6595810,top,0.7904,0.7073,219.4,621600,우먼즈 울 텐셀 슬림 스쿱 넥 긴소매 티셔츠 [다크 브라운],
MS7079531,bottom,0.7933,0.7606,196.5,623891,Aster Check Shirring Midi Skirt - Black,
MS7059004,top,0.8122,0.7773,70.8,638745,샴브레이 워크 셔츠 워시드 블루,
MS3837942,bottom,0.8151,0.6966,177.0,640985,아디브레이크 팬츠 - 블랙 / IU2519,
MS7058999,top,0.8158,0.7714,53.7,641536,샴브레이 워크 셔츠 라이트 블루,
MS7081140,bottom,0.8177,0.8557,225.8,643083,(남성) Essential Regular-Fit Pants G4PAW26101BKX,
MS6605365,top,0.8181,0.6081,109.1,643376,우먼즈 체크 타이 블라우스 [아이보리/다크 그레이],
MS6659258,bottom,0.8221,0.8011,222.9,646517,휩코드 커브드 히든 밴딩 슬랙스 [다크 브라운],
MS7003890,bottom,0.8286,0.8972,195.9,651633,더블 핀턱 100% 코튼 팬츠,
MS7081123,bottom,0.8287,0.8638,70.7,651742,(남성) Essential Regular-Fit Pants G4PAW26101BEX,
MS7080032,bottom,0.8304,0.6813,230.0,653024,Flare Fit Wool Pants (Black) TNPA6F101BK,
MS6849281,top,0.8329,0.6643,215.3,655007,남성 프렌치 레귤러핏 베이직 폴로 셔츠 PH731E-56N HDE,
MS5661658,top,0.8375,0.6254,147.9,658645,우먼즈 체크 텍스처드 베이비 돌 블라우스 [블랙],
MS6382829,bottom,0.841,0.8134,104.5,661358,[썸머] 소프트쿨 원턱 풀밴딩 팬츠_6 COLOR,
MS3134738,bottom,0.8454,0.7483,234.9,664851,[쿨탠다드] 우먼즈 와이드 데님 팬츠 [딥 인디고],
MS6907230,bottom,0.8466,0.8732,228.1,665801,스폰서 로고 메쉬 저지 와이드 팬츠 (BLACK/RED),
MS7080020,bottom,0.8544,0.6659,176.1,671949,Wool Herringbone Flare Pants (Grey) TNPA6F107G2,
MS6832476,top,0.857,0.6696,55.8,673990,CLASSIC STRIPE SHIRT_BLUE STRIPE,
MS7058483,bottom,0.8576,0.7945,209.2,674430,테니스 우븐 스트레치 7인치 쇼츠(FS263TR11M001472),
MS4050015,bottom,0.8586,0.7218,220.7,675265,덕 캔버스 카펜터 팬츠 Black,
MS7082475,bottom,0.8589,0.8093,179.0,675445,폴드 웨이스트 드로우 스트링 벌룬 팬츠 (CHARCOAL),
MS7081087,bottom,0.8614,0.8493,227.7,677460,(남성) Essential Cargo Jogger Pants G4PAW26001BKX,
MS2518490,bottom,0.8616,0.8175,223.6,677583,[쿨탠다드] 리얼 와이드 히든 밴딩 슬랙스 [그레이],
MS7082436,bottom,0.8646,0.8134,55.4,679931,폴드 웨이스트 드로우 스트링 벌룬 팬츠 (MELANGE GRAY),
MS3346165,bottom,0.8673,0.7278,105.0,682034,86-IRO284 [워터프루프] 윈드브레이커 와이드 밴딩 팬츠 딥핑크,
MS6986870,bottom,0.87,0.8096,215.9,684227,CHECK SHIRRING LONG SKIRT DEEP GRAY,
MS5897256,top,0.8736,0.6708,165.5,687028,18S 싱글 스트라이프 반팔 티셔츠 (HRTMCTR105M),
MS6659261,bottom,0.8736,0.8438,216.2,687046,휩코드 커브드 히든 밴딩 슬랙스 [그레이],
MS6833866,bottom,0.8745,0.6986,62.8,687720,쿨 린넨 라이크 원턱 세미 와이드 밴딩 팬츠 [베이지],
MS7081106,bottom,0.8755,0.8642,58.0,688528,(남성) Essential Cargo Jogger Pants G4PAW26001GYX,
MS6112529,bottom,0.8776,0.6634,229.4,690166,[W]브이넥 블랙 슬리브리스 롱 원피스,
MS6961646,bottom,0.879,0.6608,233.8,691239,Hood Layer Shirring Mini One-Piece (Black),
MS6837242,bottom,0.8802,0.6727,169.9,692242,쿨 린넨 라이크 원턱 세미 와이드 밴딩 팬츠 [카키],
MS7000081,bottom,0.8811,0.7454,212.6,692949,체터 아일렛 투웨이 와이드 밴딩 팬츠_버건디,
MS7050909,bottom,0.8812,0.7976,202.1,693004,스티치 데님 스커트_MB49DSM201Z,
MS4149670,bottom,0.8815,0.8561,129.8,693263,SL01 섬머 데님 와이드 팬츠 (FADE LIGHT BLUE),
MS4163350,bottom,0.8829,0.7613,216.5,694345,섬머 내츄럴 와이드 밴딩 슬랙스 (5 COLOURS),
MS5661656,top,0.8872,0.5481,67.0,697702,우먼즈 체크 텍스처드 베이비 돌 블라우스 [화이트],
MS6986867,bottom,0.8955,0.7663,203.3,704247,CHECK SHIRRING LONG SKIRT BLUE,
MS6271747,bottom,0.8997,0.8256,203.0,707573,스트라이프 엑스트라 와이드 투 턱 히든 밴딩 슬랙스 [미디엄 그레이],
MS5936309,bottom,0.9024,0.839,234.1,709643,맥시 스커트_SPWMG23G01,
MS4105565,bottom,0.9041,0.5584,237.6,711039,셔링 스트링 마이크로쇼츠_블랙,
MS6659259,bottom,0.9046,0.7724,236.0,711398,휩코드 커브드 히든 밴딩 슬랙스 [블랙],
MS6908070,bottom,0.905,0.845,160.7,711750,셀비지 레귤러 핏 데님 팬츠 [라이트 인디고],
MS6805433,top,0.9053,0.7043,187.5,711939,(W) 아치 로고 링거 반팔 티셔츠 네이비,
MS6595054,top,0.9091,0.6381,218.8,714930,우먼즈 프론트 셔링 긴소매 티셔츠 [다크 브라운],
MS6897082,bottom,0.9093,0.8735,187.6,715129,미드 와이드 데님 팬츠 - 워시드 딥 인디고,
MS7081161,bottom,0.9128,0.8335,113.3,717883,(남성) Warm-Up Cargo Pants G4PAW26004GYX,
MS6859805,bottom,0.9138,0.7067,195.3,718604,리조트 S 스커트 L KX0728,
MS7081543,bottom,0.9183,0.716,107.5,722200,린넨 스트링 하프 밴딩 팬츠 (크림베이지),
MS4970624,bottom,0.9229,0.6056,233.8,725790,멀티스터드 숏팬츠 블랙,
MS7081470,bottom,0.9265,0.8058,219.3,728616,(여성) Boots Cut Pants G5PAW26002BKX,
MS6148718,bottom,0.9308,0.7692,220.0,732011,[린넨라이크]Linen Like Barrel Jeans DCWPT029CPINDIGO,
MS5139106,bottom,0.9328,0.7454,188.7,733609,핀스트라이프 새틴 숏 팬츠 - 다크블루 / KC4235,
MS6251564,top,0.9353,0.8364,47.9,735527,프로 민소매 트레이닝 탑 M - 화이트:블랙 / IM4900-100,
MS6496880,bottom,0.9366,0.5287,67.2,736554,스퀘어넥 반팔 원피스 RMOWG26RT1,
MS6077337,bottom,0.938,0.4887,70.4,737679,이조 핀턱 셔링 드레스_3Colors,
MS6833248,bottom,0.9404,0.6429,156.8,739557,Op.09 OG-CLASSIC LOWRISE DENIM PANTS L/BLUE,
MS4651496,top,0.9457,0.6461,77.8,743744,우먼즈 리브드 멀티 스트라이프 슬림 티셔츠 [옐로우],
MS7080026,bottom,0.9459,0.717,176.2,743892,Wool Herringbone Wide Pants (Grey) TNPA6F102G2,
MS6305730,bottom,0.9469,0.8476,89.8,744668,지젤 저지 롱 스커트-올리브,
MS6858118,top,0.9479,0.7217,65.4,745497,아치 프레임 로고 티셔츠(3colors) NTS6026,
MS5848882,bottom,0.9595,0.7128,197.0,754596,치노 스커트 - 블랙 / HZ0847,
MS7084119,bottom,0.9597,0.7515,228.1,754709,소프트 데일리 이지 쇼츠 (네이비),
MS6939618,top,0.9602,0.7571,81.9,755154,짱구 닭살커플 반팔 티셔츠 2팩,
MS5126930,top,0.9621,0.569,132.1,756610,Summer vacation long sleeve tee_melange gray,
MS5875418,bottom,0.9649,0.5691,224.3,758811,브러쉬드 트윌 오버사이즈 파이어버드 트랙 팬츠 KT0695,
MS6907891,bottom,0.965,0.8681,171.2,758880,[후러브스아트 x 성진] 투턱 스트라이프 와이드 슬랙스 그레이,
MS4923732,top,0.9665,0.6323,229.8,760107,(WOMAN) Alphabet Chart T-Shirt (Black),
MS5908751,bottom,0.9668,0.8953,205.0,760302,Officer Semi Wide Pants DCPT069Brown,
MS7052093,bottom,0.967,0.8702,85.1,760467,이중핀턱 와이드핏 팬츠_RB32WPCM30Z,
MS3134729,bottom,0.9721,0.8204,202.1,764455,[쿨탠다드] 우먼즈 세미 벌룬 히든 밴딩 슬랙스 [그레이],
MS6590768,bottom,0.9802,0.8162,141.7,770839,코렌 폴딩 밴딩 롱 스커트,
MS6839271,top,0.9834,0.5485,216.3,773405,Girl Stress Nutrition 레이어드 롤업 반팔티셔츠 네이비,
MS7084116,bottom,0.9918,0.7308,230.8,779995,소프트 데일리 이지 쇼츠 (블랙),
MS7079534,bottom,0.9973,0.6115,205.3,784276,Aster Check Shirring Midi Skirt - Brown,
MS5139220,bottom,1.0039,0.5358,48.0,789515,Sheerglow Dress - 3COL,
MS6849602,top,1.0057,0.6778,120.3,790952,스폰지밥 호러에디션 반팔 티셔츠,
MS7084115,bottom,1.0148,0.7491,75.6,798109,소프트 데일리 이지 쇼츠 (그레이),
MS7084120,bottom,1.0159,0.7499,199.3,798948,소프트 데일리 이지 쇼츠 (브라운),
MS6956821,top,1.0174,0.6888,85.2,800138,우먼즈 RN 슬림 타이 핏 반소매 블라우스 [라이트 웜 그레이],
MS6772275,bottom,1.0225,0.6628,73.4,804138,Crystal Line Henley Skater Mini Dress (Cloud Soda),
MS7081535,bottom,1.0251,0.8031,231.1,806180,(여성) Jersey Easy Pants (SET UP) G5PAW26004BKX,
MS7084111,bottom,1.0286,0.7318,33.6,808885,소프트 데일리 이지 쇼츠 (오트밀),
MS6959662,bottom,1.0361,0.8331,194.7,814795,에르미나 A라인 미니 스커트 BROWN,
MS7066690,top,1.0378,0.7522,43.9,816124,제이티케이 피케 폴로 롱 슬리브 (남성),
MS7080556,bottom,1.0476,0.7524,230.2,823865,Iris Lace Layer Skirt - Black,
MS6914751,bottom,1.0492,0.8059,190.1,825113,카고 카프리 팬츠_MIWTHG90SS,
MS5930121,bottom,1.0508,0.6884,225.2,826419,나일론 롱 스커트_MIWWHG410C,
MS6967662,bottom,1.0533,0.7894,175.7,828347,밸런스 스웻 스커트 BROWN,
MS6959660,bottom,1.0535,0.8244,191.6,828530,에르미나 A라인 미니 스커트 WINE,
MS4971043,top,1.0558,0.6447,49.3,830349,메이크 아트 반소매 티셔츠 - 화이트 / 1211532810,
MS5902772,bottom,1.0561,0.5871,216.0,830517,Asym Vintage Cargo Pants (Washed Black),
MS6967658,bottom,1.0593,0.7881,67.6,833079,밸런스 스웻 스커트 PINK,
MS6834026,bottom,1.0606,0.8759,126.5,834054,데님 디테일 와이드 스웨트 팬츠 [미디엄 그레이],
MS6832466,top,1.0627,0.7461,209.0,835729,ESSENTIAL CASH BLEND HENLEY NECK KNIT_NAVY,
MS6262131,bottom,1.0655,0.739,232.1,837973,14 WIDE TRACK PANTS BLACK,
MS6876277,top,1.0726,0.7556,227.4,843563,고딕 크로스 자수 버튼 탱크탑_블랙,
MS6778715,top,1.0773,0.6827,24.0,847245,PPG SHOOTING STAR TEE WHITE,
MS6777736,top,1.0803,0.6168,161.9,849602,[SSG랜더스 컬래버] 피그먼트 다이드 베이스볼 셔츠 [차콜 그레이],
MS6967661,bottom,1.0823,0.7978,46.3,851120,밸런스 스웻 스커트 MELANGE GREY,
MS6968705,top,1.0863,0.6866,53.0,854292,포니 레터링 슬림 세미 크롭티 (레몬),
MS6977542,top,1.1052,0.7928,109.2,869132,신병 X 무신사 짬타 캐릭터 쿠션,
MS6901447,bottom,1.1101,0.8633,138.6,873023,폴딩 트윌 아일렛 트레이닝 롱팬츠 그레이,
MS6694169,top,1.1155,0.6396,210.1,877254,소프트 거즈 레이어드 오버핏 긴팔 티셔츠,
MS6596166,top,1.1192,0.7061,101.0,880199,우먼즈 더블 니트 칼라드 스웨트셔츠 [미디엄 그레이],
MS7081545,bottom,1.1217,0.7757,230.2,882178,린넨 스트링 하프 밴딩 팬츠 (블랙),
MS4996374,top,1.1268,0.5604,223.0,886190,베아 브라 - 블랙 / 1803003ZY003FN401,
MS7052042,bottom,1.1286,0.9198,222.0,887544,허리배색 와이드팬츠_RB43WPAM06Z,
MS6879053,bottom,1.1321,0.761,204.8,890284,Dirty Waxed Denim Pants (Black),
MS6879483,top,1.151,0.5518,222.2,905203,Slant Cut Hooded Long Sleeve (Black),
MS6879478,top,1.1519,0.5519,48.8,905892,Slant Cut Hooded Long Sleeve (Light Gray),
MS6948430,bottom,1.152,0.8677,212.0,905968,멀티 카고 세미 와이드 코튼 팬츠_3color,
MS6879597,top,1.1541,0.5803,208.6,907616,Bleach Washed Hooded Long Sleeve (Navy),
MS3138552,bottom,1.1578,0.8662,172.6,910492,TR 세미와이드 팬츠_3 COLOR,
MS6842592,top,1.1588,0.7829,150.9,911318,민소매 티셔츠 M - 카모 그린:라이트 아미 / IM6145-303,
MS6928699,bottom,1.1636,0.7526,139.8,915067,썸머 마이크로 미니 데님 쇼츠 (샌드블루),
MS4062254,bottom,1.1708,0.9321,219.6,920735,COOL 써머 와이드 팬츠 2종,
MS6879595,top,1.1763,0.5815,191.9,925072,Bleach Washed Hooded Long Sleeve (Olive),
MS6781113,top,1.1779,0.7767,226.2,926361,민소매 티셔츠 M - 블랙:하이퍼 핑크 / IM6145-011,
MS7000076,bottom,1.1904,0.8387,196.1,936157,체터 아일렛 투웨이 와이드 밴딩 팬츠_차콜,
MS6686120,top,1.1926,0.7863,37.2,937899,스포츠웨어 탱크 탑 M - 오프 화이트 / IM3820-101,
MS6879067,bottom,1.2088,0.8211,222.5,950645,Glazed Wax Denim Pants (Indigo),
MS6834509,top,1.2098,0.6572,199.1,951399,[SET-UP] 럭비 트랙 오버핏 메시 하프 셋업_3color,
MS6675205,top,1.2253,0.6591,33.4,963603,하트 아이디 마일로 포토 티셔츠(W) WHITE,
MS6778769,top,1.2399,0.6752,43.3,975103,PPG VINTAGE CARTOON TEE WHITE,
MS7020855,bottom,1.2421,0.8597,178.6,976818,cotton maxi skirt (womens) brown,
MS6718919,top,1.2463,0.7054,208.8,980134,스포츠웨어 빈티지 워시드 티셔츠 M - 앤트러사이트 / IR4529-060,
MS4125333,top,1.2543,0.7032,45.6,986401,Regular Ringer T-Shirts [4 Colors],
MS7051933,bottom,1.2604,0.7906,48.2,991187,트위드 카라원피스_RB42WOAM09Z,
MS4341120,top,1.2645,0.649,218.9,994463,클래식 반소매 티셔츠 - 블랙 / 801474YB2FT1000,
MS7023778,top,1.2736,0.7362,221.8,1001590,[동궁 컬래버] 꺼먹살이 티셔츠 2 [블랙],
MS6842612,top,1.2738,0.6353,196.6,1001764,스위프트 에어로 핏 반소매 러닝 탑 W - 블랙:라이트 그린 스파크 / IH8115-014,
MS3046300,bottom,1.2744,0.8863,215.7,1002220,30S CINCH BACK SELVEDGE WIDE PANTS_INDIGO,
MS4820905,top,1.2818,0.6413,37.6,1008035,1961 뮤직 페스티벌 반소매 티셔츠 - 네추럴 / 817047Y37YJ9010,
MS7052059,bottom,1.2846,0.958,56.3,1010253,랩디자인 절개스커트_RB43WSAM06Z,
MS6842608,top,1.3096,0.668,68.5,1029925,스트라이드 에어로 핏 반소매 러닝 탑 M - 볼트:라이트 실버 / IH0746-702,
MS6800926,top,1.3123,0.7224,57.6,1032065,SB 스케이트보딩 티셔츠 M - 화이트 / IM4431-100,
MS6833448,top,1.3129,0.6827,30.8,1032487,TNT PEANUTS Comic Strip Tee Natural,
MS3181007,top,1.3282,0.749,33.8,1044565,Stitch Stripe Shirt S114  Elephant Ivory,
MS6879070,bottom,1.3495,0.7323,232.9,1061307,Glazed Wax Denim Pants (Black),
MS6830174,top,1.3567,0.8303,209.1,1066963,스포츠웨어 긴팔 티셔츠 M - 옵시디언 / IM3782-451,
MS7070660,bottom,1.3651,0.814,93.9,1073546,코튼 플레어 롱 스커트_MIWWHG92AS,
MS6800925,top,1.3741,0.7243,226.7,1080639,SB 스케이트보딩 티셔츠 M - 블랙 / IM4431-010,
MS6918911,bottom,1.3879,0.8356,125.0,1091515,스튜디오 플리스 미디엄 웨이트 미드라이즈 와이드 레그 팬츠 W - 다크 그레이 헤더:세일 / IM8103-063,
MS6229208,bottom,1.4024,0.8431,213.4,1102917,[류정란 × 스켈리웩] PULL UP 스트레이트 코튼 팬츠[와인],
MS7067491,bottom,1.411,0.7499,148.8,1109631,캠프 드라이 스커트 (S26FWFSK61) Dark Khaki,
MS5074988,bottom,1.4113,0.7615,210.4,1109884,깡스타일리스트 X 플랙 와이드 배기 데님 팬츠 K93 블랙,
MS6878247,bottom,1.4128,0.7538,217.5,1111045,Washed Zipper Slit Denim Pants (Black),
MS6879046,bottom,1.4254,0.8443,209.3,1120956,Dirty Waxed Denim Pants (Blue),
MS7067490,bottom,1.4269,0.7502,62.7,1122135,캠프 드라이 스커트 (S26FWFSK61) Light Beige,
MS6814293,top,1.4346,0.6995,11.9,1128230,2026 PENTAPORT 라인업 티셔츠 화이트,
MS6686138,top,1.4568,0.6723,232.2,1145648,N.A.C. 티셔츠  M - 블랙 / IM6143-010,
MS6879895,top,1.4667,0.6632,229.9,1153429,Slant Henry Neck Long Sleeve (Black),
MS6162377,top,1.4717,0.5767,47.3,1157364,CLASSIC GRACE TYPO TEE WHITE,
MS6686249,top,1.4788,0.7146,68.4,1162971,스포츠웨어 티셔츠 W - 모나크 퍼플 / IW1198-544,
MS6878243,bottom,1.5043,0.5883,120.1,1183018,Washed Zipper Slit Denim Pants (Light Blue),
MS6906711,top,1.516,0.5647,220.9,1192251,[3PACK] 아스킨 머슬핏 숏슬리브,
MS6853538,top,1.546,0.6852,21.3,1215858,AAPE X BABY MILO STORE Short Sleeve tee / AAPTEM9861XXQWHX,
MS7080617,bottom,1.547,0.8288,25.7,1216627,로우 피그먼트 헤비웨이트 조거 팬츠 MTP305-Z [WHITE],
MS7080620,bottom,1.5538,0.8016,146.7,1221997,로우 피그먼트 헤비웨이트 조거 팬츠 MTP305-Z [CHERRYPINK],
MS6686248,top,1.5589,0.7551,163.0,1225933,스포츠웨어 티셔츠 W - 앤트러사이트 / IW1198-060,
MS7080622,bottom,1.5593,0.8023,165.7,1226256,로우 피그먼트 헤비웨이트 조거 팬츠 MTP305-Z [COBALTBLUE],
MS7080618,bottom,1.5634,0.8246,169.3,1229511,로우 피그먼트 헤비웨이트 조거 팬츠 MTP305-Z [NAVY],
MS7080625,bottom,1.5673,0.801,186.2,1232573,로우 피그먼트 헤비웨이트 조거 팬츠 MTP305-Z [DARKGRAY],
MS6850912,top,1.5841,0.6006,150.4,1245781,[2PACK] 그래픽 피그먼트 머슬핏 숏슬리브_2color,
MS5970884,bottom,1.6056,0.8566,112.4,1262706,퓨즈드 패널 기어 팬츠 [스모크 베이지],
MS7080671,bottom,1.6112,0.803,177.9,1267133,05 넘버 그래픽 피그먼트 조거 팬츠 코발트블루 FTP210-Z,
MS6951158,top,1.6124,0.7445,199.5,1268061,[10주년기획] © 모두의 수소봉제 긴팔 티셔츠_스트라이프 2 COLOR,
MS6879607,top,1.6129,0.6717,186.5,1268400,Waffle Aviator Long Sleeve (Khaki),
MS6818124,top,1.6287,0.6625,32.6,1280871,[NUNUSSI] 언럭키 폴리스 하프 티셔츠-화이트,
MS4818151,bottom,1.6429,0.8122,141.1,1292055,seersucker stripe pants black,
MS6618032,top,1.652,0.8608,73.4,1299175,스튜디오 플리스 라이트웨이트 크루 W - 다크 그레이 헤더:세일 / IM8113-063,
MS4593352,bottom,1.6763,0.6666,32.7,1318283,슬림핏 베이직 윈터 티어드 밴딩 롱 캉캉스커트 [화이트],
MS7080672,bottom,1.6808,0.7983,200.2,1321812,05 넘버 그래픽 피그먼트 조거 팬츠 다크그레이 FTP210-Z,
MS7080670,bottom,1.6911,0.815,144.8,1329916,05 넘버 그래픽 피그먼트 조거 팬츠 체리핑크 FTP210-Z,
MS6929983,top,1.6988,0.5316,200.7,1336020,[2PACK] 폴라리스 롤업 세미크롭 반팔 티셔츠 3COLOR,
MS6840151,top,1.7041,0.6936,84.2,1340142,DW 트러스트 롤업 크롭 반팔티셔츠 3Color,
MS6686260,top,1.7533,0.7804,42.0,1378890,플렉스 드라이 핏 긴소매 트레이닝 탑 M - 화이트:블랙 / IO1428-100,
MS6890028,top,1.8036,0.8422,230.5,1418448,스포츠웨어 플리스 풀오버 후디 M - 블랙:아이스 실버 / IQ5876-010,
MS1923315,bottom,1.8089,0.8422,106.0,1422585,린넨 라이크 퍼티그 밴딩 팬츠,
MS6945858,top,1.9071,0.7042,195.6,1499841,Glory 배색 롤업 반팔 티셔츠,
MS6948481,top,1.912,0.7478,202.0,1503620,[기획] 에센셜 CP 이중지 크롭 긴팔티_7color,
MS4121511,bottom,2.0026,0.8167,194.9,1574899,원턱 버뮤다 트랙 반바지 4Color GP-509,
MS6718920,top,2.0383,0.7789,155.4,1603013,스포츠웨어 빈티지 워시드 티셔츠 M - 케이브 스톤 / IR4529-289,
MS6957693,top,2.1405,0.8084,210.4,1683325,시어서커 하드 트위스트 체크 셔츠 블랙,
MS6932766,top,2.5087,0.7669,217.9,1972961,APAC 스포츠스타일 우븐 크루6014349-001,
MS7080040,bottom,2.7555,0.8525,209.3,2167052,3-스트라이프 플리티드 스커트 KG2204,
